date,open,high,low,close,volume,market_cap,return,market_return,abnormal_return,mdd,ma20,ma60,ma20_ratio,ma60_ratio,vix,vkospi,eps,psr,car_3,car_5,inst_net_buy,foreign_net_buy,foreign_holding_shares,foreign_holding_pct
2021-04-01,177558.7417679838,190548.5655078521,175409.34647289768,184474.1875,51878,2153736139062.5,0.05279993636660252,0.008486251847749982,0.044313684518852536,0.0,165620.25703125,147227.35052083334,1.113838311850902,1.2529885707200583,17.329999923706055,13.54,,,0.06153215236550302,0.013530816105304266,-2911.0,12980.0,8561923.0,73.34
2021-04-02,188025.36176658163,188025.36176658163,182418.24362244896,183165.859375,17280,2138461408203.125,-0.007092201585113367,0.008227034814988876,-0.015319236400102243,-0.007092201585113328,167321.08203125,148359.67669270834,1.094696837669211,1.2346067574303519,17.329999923706055,13.54,,,0.052475143888443654,0.026434049064332443,-3086.0,616.0,8562386.0,73.34
2021-04-05,183259.3118984296,184754.5434080547,182605.1481129686,184474.1875,17009,2153736139062.5,0.007142860189471412,0.0025796804070015167,0.004563179782469895,0.0,169059.28828125,149565.20703125,1.0911804336541717,1.233403083254892,17.90999984741211,13.54,,,0.03355762790122019,0.050776095747870675,-4482.0,-190.0,8562193.0,73.34
2021-04-06,187838.46558179724,187838.46558179724,178306.36434331798,182511.703125,27517,2130824133984.375,-0.010638260027571622,0.0020026723158714788,-0.012640932343443101,-0.010638260027571638,170633.95390625,150728.68411458333,1.0696095293277672,1.2108624459711685,18.1200008392334,13.54,,,-0.02339698896107545,0.04439739132747045,-2610.0,988.0,8563219.0,73.35
2021-04-07,182511.7022359062,182511.7022359062,176717.67994270285,177371.84375,31724,2070816275781.25,-0.028161807089596702,0.003303348083931734,-0.031465155173528436,-0.038500474490502895,171956.29921875,151776.90364583334,1.0314937257655257,1.1686352764442451,17.15999984741211,13.54,,,-0.03954290773450164,-0.010548459615751349,-11863.0,2153.0,8565370.0,73.37
2021-04-08,177091.4809400134,178306.35653485256,173353.4021866622,174287.921875,38201,2034811487890.625,-0.017386761110442572,0.0018646264976949212,-0.019251387608137494,-0.055217837048340476,173054.36015625,152734.786328125,1.0071281747402159,1.1411147785323228,16.950000762939453,13.54,,,-0.06335747512510903,-0.07411353174274138,-4759.0,-5507.0,8559832.0,73.32
2021-04-09,173446.872823219,179801.60738786278,172886.16094986806,177091.5,31435,2067543262500.0,0.01608590024391221,-0.003620485393435069,0.01970638563734728,-0.04002016542287247,174129.05859375,153775.21848958332,1.0170129065773077,1.151625741386907,16.690000534057617,13.54,,,-0.03101015714431865,-0.03908790970529186,-8604.0,10523.0,8570342.0,73.41
2021-04-12,178493.28239468863,179147.44625686813,176343.88684752746,178586.734375,26589,2085000123828.125,0.008443287086054463,0.0011846575274123694,0.0072586295586420935,-0.03191478008271477,175180.3953125,154807.86315104167,1.0194447504038537,1.153602476902339,16.90999984741211,13.54,,,0.007713627587851879,-0.03639245992911966,867.0,1757.0,8572000.0,73.42
2021-04-13,179334.34325899644,184661.10593005575,175689.71616827167,184380.75,49099,2152645256250.0,0.03244370666879215,0.010680602150042073,0.021763104518750076,-0.0005065071773252002,176016.790625,155899.69388020833,1.0475179631744294,1.1826883389628475,16.649999618530273,13.54,,,0.04872811971473945,-0.0019884230669264813,-1002.0,11043.0,8583099.0,73.52
2021-04-14,189520.60753676473,189614.05951286765,182324.80537683825,184287.296875,47589,2151554191015.625,-0.000506848599975851,0.0041967398612940965,-0.0047035884612699475,-0.0010130990548473853,176843.84140625,156868.47955729166,1.0420905552014714,1.1747885706235484,16.989999771118164,13.54,,,0.024318145616122222,0.024773143645332008,-709.0,-8107.0,8574978.0,73.45
2021-04-15,181764.1066782995,184474.21418147208,181483.75072969543,184100.40625,28827,2149372242968.75,-0.0010141264654109916,0.003755112762320101,-0.0047692392277310924,-0.0020261981096947705,177778.3625,157865.30104166668,1.0355613791301514,1.1661866479538077,16.56999969482422,13.54,,,0.012290276829749036,0.03925529202573841,-5698.0,4252.0,8580548.0,73.5
2021-04-16,184100.38380872482,196062.23615771811,183726.5759228188,194940.8125,59162,2275933985937.5,0.05888311965634241,0.0013430168321924008,0.05754010282415001,0.0,179161.45234375,159036.56588541667,1.0880734106015997,1.2257609526129467,16.25,13.54,,,0.04806727513514897,0.07708900921254114,-2935.0,23629.0,8604869.0,73.7
2021-04-19,194566.99432208238,205594.32637299772,194380.090389016,204192.546875,57880,2383947984765.625,0.047459196749782606,6.877049948594838e-05,0.04739042625029666,0.0,180899.65859375,160312.18528645832,1.1287613722564247,1.2737181924763412,17.290000915527344,13.54,,,0.10016128984671557,0.1172208059041957,5518.0,3100.0,8608333.0,73.73
2021-04-20,201295.54105870865,206528.85131835938,198959.2418356503,203351.484375,73881,2374128580078.125,-0.004118967674735297,0.0068336842982559265,-0.010952651972991223,-0.004118967674735291,182362.18125,161556.65390625,1.1150967979277777,1.258700768171413,18.68000030517578,13.54,,,0.09397787710145544,0.0845050494124544,1701.0,-5149.0,8603158.0,73.69
2021-04-21,202230.08499423962,203631.86469614055,198305.10182891705,202790.796875,64268,2367582553515.625,-0.0027572333770922164,-0.015226515914547267,0.012469282537455051,-0.006864844096675522,183497.6234375,162833.83125,1.1051412714566917,1.2453849136771449,17.5,13.54,,,0.048907056814760486,0.1016779204111794,-2019.0,-4332.0,8598812.0,73.65
2021-04-22,205500.90118722708,215593.71488810045,203725.31359170307,214005.03125,56108,2498508739843.75,0.05529952319242781,0.0018476468424313275,0.053451876349996486,0.0,185315.26484375,164051.82213541667,1.1548159911728806,1.3044965210648463,18.709999084472656,13.54,,,0.05496850691446031,0.15989903598890698,-2761.0,8253.0,8605079.0,73.71
2021-04-23,214005.0302440987,219144.88904908797,211575.27880901287,217743.109375,79129,2542150801953.125,0.01746724412583167,0.001120389036691316,0.016346855089140355,0.0,187474.00625,165372.61015625,1.1614576000719565,1.3166818203405537,17.329999923706055,13.54,,,0.08226801397659189,0.11870578825389733,-193.0,-2322.0,8602009.0,73.68
2021-04-26,221854.97222076147,231573.97690103072,218210.3454656605,222135.328125,60770,2593429955859.375,0.020171562547293576,0.011458356997211983,0.008713205550081593,0.0,190039.26171875,166768.159375,1.1688917653960937,1.3320008385143816,17.639999389648438,13.54,,,0.07851193698921843,0.08002856755368226,-3327.0,4794.0,8606748.0,73.72
2021-04-27,223163.31283449978,228863.8832209757,222696.05296675587,226994.84375,31942,2650164800781.25,0.021876374487652228,-0.0006558159217354698,0.022532190409387698,0.0,192805.43984375,168350.61302083332,1.1773259298801795,1.3483458104302208,17.559999465942383,13.54,,,0.047592251048609646,0.11351340993606118,-1469.0,2685.0,8609418.0,73.74
2021-04-28,227088.29068791945,228022.81040268455,221481.17239932885,222789.5,44945,2601067412500.0,-0.018526164209401785,-0.010558481317139434,-0.007967682892262351,-0.01852616420940175,195183.7921875,169836.49947916667,1.1414344270244583,1.311788106109246,17.280000686645508,13.54,,,0.02327771306720694,0.09307644450634378,-4311.0,3492.0,8618792.0,73.82
2021-04-29,222789.52439024393,224097.85213414635,180829.58460365856,191576.5625,275005,2236656367187.5,-0.14010057700205802,-0.00232593813925408,-0.13777463886280394,-0.15603121491608776,195538.9109375,170679.12526041668,0.979736266206543,1.1224369834782004,17.610000610351562,13.54,,,-0.1232101313456786,-0.09815007070645665,-16535.0,-19811.0,8599535.0,73.66
2021-04-30,198118.19008422666,199987.22961332314,179614.69874617152,183072.421875,137110,2137370525390.625,-0.044390297612736385,-0.008257524368719293,-0.03613277324401709,-0.19349524046182218,195534.2390625,171370.67005208333,0.9362678513632758,1.0682832821938564,18.610000610351562,13.54,,,-0.1818750949990834,-0.1506296990396141,-16825.0,2211.0,8607388.0,73.72
2021-05-03,179521.25759331163,186810.51219626752,176624.2461485471,186530.15625,111073,2177739574218.75,0.01888724877065817,-0.0065632383730421795,0.02545048714370035,-0.17826258443370477,195637.0375,172119.84375,0.9534501167755619,1.0837225516014912,18.309999465942383,13.54,,,-0.14845692496312068,-0.13389241744599534,4847.0,1925.0,8610013.0,73.75
2021-05-04,183352.77123558175,186903.9462136409,179427.7883650953,186343.234375,42280,2175557261328.125,-0.0010021000290669768,0.006449912487388687,-0.007452012516455664,-0.17908604752172924,195828.6140625,172875.24739583334,0.9515628513590323,1.0779058146382803,19.479999542236328,13.54,,,-0.018134298616772404,-0.1638766203718387,2454.0,-559.0,8603855.0,73.69
2021-05-06,184567.65773607336,184661.1097146739,170549.86094599185,171951.640625,129712,2007535404296.875,-0.07723164083885192,0.0041494371385832896,-0.08138107797743521,-0.2424865790591334,195557.60390625,173353.41041666668,0.8792889521566921,0.9919138032052705,18.389999389648438,13.54,,,-0.06338260335019053,-0.23729001545701156,-23381.0,-11621.0,8597772.0,73.64
2021-05-07,171951.6252131893,172231.981123863,162326.07228005968,164382.015625,143290,1919160032421.875,-0.04402182481357175,0.011634499206303328,-0.05565632401987508,-0.27583370216972164,195062.30859375,173565.23489583333,0.8427154216007622,0.9470906758698265,16.690000534057617,13.54,,,-0.14448941451376596,-0.1551717006140827,-22641.0,5650.0,8604609.0,73.7
2021-05-10,163914.773637138,168026.66077512776,159802.8864991482,164568.9375,108734,1921342345312.5,0.0011371187674593664,0.016295539363171185,-0.015158420595711819,-0.2750102390816973,194436.18046875,173759.9265625,0.8463905076887154,0.947105243168976,19.65999984741211,13.54,,,-0.1521958225930221,-0.13419734796577742,-3115.0,-20727.0,8583196.0,73.52
2021-05-11,162419.52894585254,163914.7605126728,159335.6138392857,162232.625,43878,1894065896875.0,-0.014196558205280985,-0.012270371030179028,-0.0019261871751019566,-0.2853025984208067,193618.475,173887.64427083332,0.8378984753391947,0.9329738503290067,21.84000015258789,13.54,,,-0.07274093179068886,-0.16157402228457973,-3035.0,1332.0,8583492.0,73.52
2021-05-12,161671.9172762167,164195.12060942932,157466.57838752898,161298.109375,46866,1883155426953.125,-0.005760343364967446,-0.014884269340265877,0.00912392597529843,-0.28941950085595286,192464.34296875,173686.72265625,0.8380674928508166,0.9286726521648475,27.59000015258789,13.54,,,-0.007960681795515345,-0.14499808379282564,254.0,-4930.0,8578208.0,73.48
2021-05-13,156251.68634051466,159522.50513352783,155877.87847845603,156158.234375,38119,1823147386328.125,-0.03186568658439992,-0.01250919004160489,-0.019356496542795032,-0.3120626363346636,191057.88984375,173470.22552083334,0.8173346544479715,0.9002019447783896,23.1299991607666,13.54,,,-0.012158757742598558,-0.08297350235818546,-4967.0,-1796.0,8576685.0,73.46
2021-05-14,158868.3482142857,167652.83335084034,156438.59700630253,166811.765625,96995,1947527363671.875,0.06822266717243042,0.009996431856553523,0.058226235315876895,-0.26512971453784406,190193.4578125,173604.1734375,0.8770636358557056,0.9608741674926072,18.809999465942383,13.54,,,0.047993664748380294,0.030909056977566518,27043.0,-15948.0,8553216.0,73.26
2021-05-17,166905.2221805639,168120.09781793642,154382.6579184163,155784.4375,83686,1818783307812.5,-0.06610641691659747,-0.005961985596313557,-0.06014443132028391,-0.3137093560082243,188235.6390625,173682.05,0.8276033076195246,0.8969518582950858,19.719999313354492,13.54,,,-0.021274692547202045,-0.014076953747005572,-12831.0,-20256.0,8532945.0,73.09
2021-05-18,155504.06892453952,159896.31125594178,152700.5099896019,157279.65625,56730,1836239986718.75,0.009597998195423063,0.012292162454472733,-0.0026941642590496695,-0.30712233964565544,185889.99453125,173749.02369791668,0.8460899503849287,0.9052117410653735,21.34000015258789,13.54,,,-0.004612360263456683,-0.014844930830953285,-2151.0,812.0,8533738.0,73.09
2021-05-20,157092.7738396472,162699.8924775882,155690.99418016194,161578.46875,56358,1886428622656.25,0.027332285703669967,-0.0033942167206684193,0.030726502424338387,-0.28818440947516016,183801.34375,173981.09609375,0.8790929677302753,0.9287127876406364,20.670000076293945,13.54,,,-0.03211209315499519,0.006757645618086672,2142.0,-1532.0,8532199.0,73.08
2021-05-21,162699.88905727424,171204.01881270902,162699.88905727424,167652.84375,96703,1957346950781.25,0.03759396314987051,-0.0018531272903045126,0.039447090440175026,-0.2614244403954661,182044.44609375,174275.46979166666,0.9209445679197564,0.9619990923014954,20.149999618530273,13.54,,,0.06747942860546374,0.06556123260105673,10218.0,5838.0,8538027.0,73.13
2021-05-24,167652.81951567996,168120.07932480949,159148.69098952226,159429.046875,47024,1861334122265.625,-0.049052534338535514,-0.0038397530578490047,-0.04521278128068651,-0.2976534433945705,179315.646875,174443.68307291667,0.8890972408344106,0.913928461418459,18.399999618530273,13.54,,,0.024960811583826903,-0.037877783995506675,-2659.0,-7137.0,8530892.0,73.07
2021-05-25,165316.52353731127,165316.52353731127,160924.28125,160924.28125,28862,1878790983593.75,0.009378682268434746,0.00859333368687909,0.000785348581555656,-0.29106635819783905,176474.70546875,174624.35677083334,0.9118829852842357,0.9215454489042871,18.84000015258789,13.54,,,-0.004980342258955828,0.02305199590633289,-349.0,2453.0,8533345.0,73.09
2021-05-26,161578.46133521065,162980.24093036863,159429.0659559684,159709.421875,26764,1864607500390.625,-0.0075492608422012,-0.0009113355500081077,-0.006637925292193092,-0.29641828317961516,173353.41015625,174928.07578125,0.9212937993607847,0.9130005069896205,17.360000610351562,13.54,,,-0.051065357991323945,0.019108234873189467,-2951.0,1775.0,8535142.0,73.11
2021-05-27,158961.79908211884,166718.3125,158401.08726877804,166718.3125,42554,1946436298437.5,0.04388526702254092,-0.000921567444443383,0.0448068344669843,-0.26554141166477474,170339.58359375,175238.02473958334,0.978740871514712,0.9513820573346209,16.739999771118164,13.54,,,0.038954257756346866,0.03318856691583538,-3613.0,12958.0,8546791.0,73.21
2021-05-28,166251.0746757925,166251.0746757925,161858.83155619598,162139.1875,23936,1892975014062.5,-0.027466238899221063,0.007335301620115198,-0.03480154051933626,-0.2857142267135747,167307.06796875,175454.521875,0.9691114037709676,0.9241094830004648,16.760000228881836,13.54,,,0.00336736865545495,-0.0410600640436759,903.0,-10445.0,8536276.0,73.12
2021-05-31,162139.17019440408,162139.17019440408,159335.61105559595,160737.390625,21837,1876609035546.875,-0.00864563895141024,0.004763633640756604,-0.013409272592166843,-0.2918896836175381,165765.109375,175641.42578125,0.9696696200487758,0.9151451026433137,16.760000228881836,13.54,,,-0.0034039786445188014,-0.009256555355156237,-1582.0,-4360.0,8530917.0,73.07
2021-06-01,161204.6571948089,165316.54410296635,160737.3973188819,163821.3125,33381,1912613823437.5,0.019186088955461367,0.005602573019988233,0.013583515935473134,-0.27830381609714433,164802.55390625,175885.95833333334,0.9940459575231572,0.9314064297817974,17.899999618530273,13.54,,,-0.03462729717602997,0.0035416119987612404,-3202.0,13969.0,8544876.0,73.19
2021-06-02,164568.93156887754,164662.38354591836,160083.23667091836,160270.140625,24866,1871153891796.875,-0.021677105504816385,0.000732451401023626,-0.02240955690584001,-0.2939481004180298,163489.553125,176061.95963541666,0.9803081454535598,0.9103053320369838,17.479999542236328,13.54,,,-0.02223531356253372,-0.012230019614885679,-4796.0,-6573.0,8538628.0,73.14
2021-06-03,160737.40890545864,167652.85556767025,158868.36926702308,166064.171875,42628,1938799206640.625,0.03615165761635453,0.00719550134835667,0.028956156267997857,-0.2684231538849657,162475.6,176312.72265625,1.022086835654092,0.9418728800346916,18.040000915527344,13.54,,,0.02013011529763098,-0.028080697813872124,-375.0,14074.0,8552148.0,73.25
2021-06-04,163540.94619051032,164475.46588302753,160830.83908221044,162980.234375,29268,1902794236328.125,-0.018570757708781027,-0.0022632831717208646,-0.016307474537060163,-0.2820090902395222,162027.0296875,176513.64427083332,1.005882997974711,0.9233293836760383,16.420000076293945,13.54,,,-0.009760875174902317,-0.009586631831596026,-6456.0,-11731.0,8526368.0,73.03
2021-06-07,164008.21119466514,165783.7986662883,160643.9401958002,164662.375,38401,1922433228125.0,0.010321132691032853,0.0037159695971056284,0.006605163093927224,-0.27459861078892894,162041.04765625,176719.23880208333,1.0161769340649465,0.9317739037140919,16.420000076293945,13.54,,,0.01925384482486492,0.010427803854498041,8694.0,3189.0,8528027.0,73.05
2021-06-08,164568.9375,165596.90928449744,163354.06175468484,164568.9375,31262,1921342345312.5,-0.0005674489998094279,-0.0013191514790081849,0.000751702479198757,-0.2750102390816971,162041.04765625,176868.76223958333,1.0156003054800817,0.9304579023235193,17.06999969482422,13.54,,,-0.008950608963934181,-0.0024040096017763357,-672.0,2842.0,8531368.0,73.07
2021-06-09,164568.93060897436,165316.54642094017,162606.4391025641,164008.21875,19714,1914795953906.25,-0.0034071967560707073,-0.009745013046571382,0.006337816290500675,-0.27748042184328237,162129.82734375,176976.23255208333,1.011585723842581,0.926724545917391,17.889999389648438,13.54,,,0.013694681863626657,0.02634336359456435,1163.0,1967.0,8538671.0,73.14
2021-06-10,162699.88307172482,165316.5382848255,161485.00743707095,163354.046875,66533,1907158497265.625,-0.003988653007671261,0.0026304376985477607,-0.006619090706219022,-0.2803623017317986,162232.62421875,176904.5859375,1.0069124361493278,0.9234019910185518,16.100000381469727,13.54,,,0.00047042806348041033,-0.009231883379652528,7036.0,-2558.0,8536165.0,73.11
2021-06-11,163540.93927053825,169428.41308427762,163540.93927053825,164942.71875,43148,1925706241406.25,0.009725329157077134,0.0076536222968817125,0.0020717068601954214,-0.27336358824229895,162671.8484375,176857.85989583333,1.0139598236222938,0.9326287157785853,15.649999618530273,13.54,,,0.0017904324444770747,0.009147298017603056,-6297.0,9234.0,8545209.0,73.19
2021-06-14,165129.63899293664,165129.63899293664,163447.5034514127,163727.859375,14800,1911522758203.125,-0.007365341036007389,0.0008647392051297498,-0.008230080241137139,-0.2787155132240751,162517.653125,176829.82447916668,1.0074466141168625,0.925906361425415,16.389999389648438,13.54,,,-0.01277746408716074,-0.005687945317461307,-1484.0,-926.0,8551695.0,73.25
2021-06-15,164662.3792239011,171204.01744505495,163260.59960508242,170082.59375,43571,1985714282031.25,0.03881278604177685,0.001998690161285621,0.03681409588049123,-0.2507204527635883,163232.5609375,176876.55078125,1.0419648676290927,0.9615892722848698,17.020000457763672,13.54,,,0.03065572249954951,0.030374448083831163,1512.0,15604.0,8567020.0,73.38
2021-06-16,171297.45002902477,182044.42589009288,170269.4784249226,181109.90625,84200,2114458155468.75,0.06483504429741216,0.006152907678738773,0.058682136618673386,-0.20214088012737058,164424.0734375,177071.2421875,1.1014804734103765,1.02280813085517,18.149999618530273,13.54,,,0.08726615225802747,0.08271876841200387,23741.0,1326.0,8573332.0,73.43
2021-06-17,181203.37883959044,195034.27108727448,177839.10775231593,191670.0,104055,2237747250000.0,0.05830765400222271,-0.004184602031665707,0.062492256033888416,-0.15561958662331937,165928.65,177364.05833333332,1.1551350535305387,1.0806586283664106,17.75,13.54,,,0.15798848853305303,0.1518301151521113,9321.0,15402.0,8602480.0,73.68
2021-06-18,188866.4288125925,194473.5469366675,183633.11856345585,189427.140625,52118,2211561866796.875,-0.011701671492669652,0.0009096499616099152,-0.012611321454279567,-0.16550024883549788,167017.36484375,177519.81145833334,1.134176322337591,1.0670760579838803,20.700000762939453,13.54,,,0.10856307119828223,0.13714708683763632,-2963.0,4763.0,8609738.0,73.75
2021-06-21,185595.62958542714,188305.7369660804,182698.61824748744,185969.4375,45753,2171193182812.5,-0.01825347262061594,-0.008304918754638013,-0.009948553865977927,-0.18073276719528997,168344.384375,177658.43203125,1.1046964125975172,1.0467808106472993,17.889999389648438,13.54,,,0.03993238071363092,0.13542861321279553,-13184.0,12481.0,8623201.0,73.86
2021-06-22,186062.8855803345,187745.021160669,183539.68220983274,184380.75,42241,2152645256250.0,-0.008542734340420854,0.007124757689232819,-0.015667492029653673,-0.18773154951895238,169517.2078125,177821.97317708333,1.0876816128539604,1.0368839503112763,16.65999984741211,13.54,,,-0.03822736734991117,0.08294702530265063,-6156.0,9478.0,8632887.0,73.94
2021-06-23,185502.16148469129,188025.36468876517,184567.64177947873,184661.09375,34685,2155918269531.25,0.0015204610568078092,0.0037716028272285484,-0.0022511417704207393,-0.1864965269723223,170764.79140625,178052.48776041667,1.081376858949165,1.0371160553424883,16.31999969482422,13.54,,,-0.02786718766605234,0.02201374691355651,-3958.0,9591.0,8649268.0,74.08
2021-06-24,184754.546875,186903.94221041983,183539.6712506323,184754.546875,21505,2157009334765.625,0.0005060791263724607,0.003024902837515553,-0.0025188237111430922,-0.18608482984539151,171666.603125,178270.5421875,1.0762404772492058,1.036371711265007,15.970000267028809,13.54,,,-0.020437457511217505,-0.042997332831475,-2849.0,7323.0,8651118.0,74.1
2021-06-25,183165.8864213198,185689.08995875635,182885.53047271573,184100.40625,30357,2149372242968.75,-0.0035405928355450866,0.005094181472534709,-0.008634774308079796,-0.18896657206558232,172764.6640625,178418.50807291668,1.0656137772675502,1.0318459011817385,15.619999885559082,13.54,,,-0.013404739789643627,-0.03902078568527523,-3089.0,7236.0,8658978.0,74.17
2021-06-28,183352.7715367268,184100.38732280926,179240.88471327318,181296.828125,28059,2116640468359.375,-0.015228527639384315,-0.00028769037774001305,-0.014940837261644302,-0.20131741703934625,173792.6359375,178365.55208333334,1.0431789997718817,1.0164340928359146,15.760000228881836,13.54,,,-0.02609443528086719,-0.0440130690809416,-3405.0,4390.0,8662908.0,74.2
2021-06-29,181857.5223301564,192884.85410557187,181857.5223301564,191202.71875,65109,2232291741406.25,0.054639072991228055,-0.004606440987535154,0.05924551397876321,-0.15767814109213654,175161.70625,178499.49973958332,1.0915783069451575,1.0711666925058596,16.020000457763672,13.54,,,0.03566990240903911,0.03089993692747528,-3359.0,27708.0,8685972.0,74.4
2021-06-30,192324.15462239584,192324.15462239584,187464.6521732391,188399.171875,28193,2199560331640.625,-0.014662693571139362,0.00304258406902691,-0.017705277640166273,-0.17002884839757507,176568.1578125,178564.91614583333,1.0670053661377807,1.0550738406033529,15.829999923706055,13.54,,,0.026599399076952635,0.015445801057729747,-3818.0,-2347.0,8683450.0,74.38
2021-07-01,187464.65637632643,188305.7241267686,184100.38537455787,184941.453125,23599,2159191465234.375,-0.018353152593972855,-0.004434726254908039,-0.013918426339064816,-0.1852614355915297,177512.021875,178605.41197916667,1.0418531160398343,1.035475079257802,15.479999542236328,13.54,,,0.02762180999953212,0.004046198429808023,-2345.0,-3164.0,8680279.0,74.35
2021-07-02,183820.02609511287,184847.99777129298,181764.0827427527,182137.890625,25029,2126459873046.875,-0.015159189314388644,-8.532119823390083e-05,-0.015073868116154743,-0.19761221173113097,178469.9046875,178684.84609375,1.020552405986447,1.0193247754733399,15.069999694824219,13.54,,,-0.04669757209538583,-0.0023928953782669238,-6770.0,640.0,8684913.0,74.39
2021-07-05,182978.957673454,188305.71997549018,182885.50570324282,185875.96875,20885,2170101935156.25,0.0205233414759165,0.003482845144582747,0.017040496331333754,-0.18114453315638365,179530.584375,178877.98020833332,1.0353443085872538,1.0391215762472068,15.069999694824219,13.54,,,-0.011951798123885804,0.029588438214711132,832.0,2416.0,8688400.0,74.42
2021-07-06,183633.1380339196,186903.95728643215,183539.6860552764,185969.4375,10935,2171193182812.5,0.0005028554827639642,0.0036438611999654036,-0.0031410057172014394,-0.18073276719529008,180600.609375,179025.94583333333,1.0297276301756664,1.0387848344235577,16.440000534057617,13.54,,,-0.0011743775020224279,-0.032798081481253516,-1539.0,2509.0,8691108.0,74.44
2021-07-07,183539.67468434345,186343.2338699495,183259.31876578284,185034.90625,17119,2160282530468.75,-0.005025187270354614,-0.006011682550187802,0.0009864952798331883,-0.184849738464599,181651.94375,179133.41536458334,1.0186233212271916,1.032944667935938,16.200000762939453,13.54,,,0.014885985893965503,-0.014106308561254055,-1710.0,1360.0,8692560.0,74.45
2021-07-08,185034.90610986546,191576.54420465868,184474.19427316892,187558.109375,33211,2189740926953.125,0.013636362868695295,-0.009941179718465532,0.023577542587160827,-0.17373405370579045,182862.146875,179186.37135416668,1.0256803421607537,1.0467208413093334,19.0,13.54,,,0.021423032149792576,0.023389660364971587,-47.0,6035.0,8698599.0,74.51
2021-07-09,186810.50719634732,186810.50719634732,178680.18497219414,184848.015625,47035,2158100582421.875,-0.014449355237322714,-0.010677343359520974,-0.0037720118778017397,-0.18567306388429808,183857.41171875,179195.71666666667,1.005387892155065,1.0315426008136541,16.18000030517578,13.54,,,0.020792025989192275,0.03469151660332459,-3299.0,-1450.0,8697313.0,74.5
2021-07-12,184941.47409581218,187745.0335818528,183072.43443845178,184100.40625,17708,2149372242968.75,-0.004044454426368693,0.00886279151758207,-0.012907245943950763,-0.18896657206558243,184876.0390625,179195.71666666667,0.9958045790226078,1.0273705737758054,16.170000076293945,13.54,,,0.006898284765408325,0.0047437743280400735,-4437.0,7422.0,8707765.0,74.58
2021-07-13,183633.1214649321,187371.20027337858,183633.1214649321,185875.96875,15127,2170101935156.25,0.009644533307486824,0.0076729223846725425,0.001971610922814282,-0.18114453315638376,185665.7078125,179044.6359375,1.0011324705029123,1.0381543561845923,17.1200008392334,13.54,,,-0.01470764689893822,0.009856390968055795,-3108.0,5869.0,8705918.0,74.57
2021-07-14,185875.96295350028,185875.96295350028,182418.24016351558,182885.5,21468,2135188212500.0,-0.016088517359778343,-0.002008273100066127,-0.014080244259712216,-0.19431870354984662,185754.4875,178689.51848958334,0.9845549491772037,1.023481967749895,16.329999923706055,13.54,,,-0.025015879280848696,-0.005210348571489609,-4010.0,870.0,8707124.0,74.58
2021-07-15,182511.69789277524,184661.09320846075,180829.56242832568,183352.765625,20231,2140643538671.875,0.0025549626678986748,0.0065577818387991815,-0.004002819170900507,-0.19226021791519232,185338.62578125,178356.20651041667,0.989285233189363,1.0280144953312378,17.010000228881836,13.54,,,-0.01611145250779844,-0.03279071032955094,-3113.0,3499.0,8710666.0,74.61
2021-07-16,183165.86991503605,183165.86991503605,179988.50278385685,181483.734375,18273,2118822598828.125,-0.010193635441652527,-0.0028330600741124368,-0.00736057536754009,-0.20049402278548467,184941.45546875,178001.08880208334,0.9813036991355664,1.0195653048886064,18.450000762939453,13.54,,,-0.025443638798152812,-0.03637927381928929,-3100.0,3107.0,8714732.0,74.64
2021-07-19,179521.2398516414,186903.94570707073,178960.5280145202,185034.90625,25947,2160282530468.75,0.01956743885191492,-0.010030752730006087,0.029598191581921007,-0.18484973846459915,184894.72890625,177518.25338541667,1.0007581467821134,1.0423429856999755,22.5,13.54,,,0.01823479704348041,0.006126163706582477,-3383.0,13979.0,8728736.0,74.76
2021-07-20,182324.79285968203,185034.89998061015,180362.3014962513,180736.109375,29255,2110094076953.125,-0.02323235632736187,-0.003495668288330478,-0.01973668803903139,-0.2037875998009318,184712.496875,176901.47005208334,0.9784725583418921,1.0216766956305545,19.729999542236328,13.54,,,0.002500928175349526,-0.015582135255263196,-5016.0,1305.0,8728225.0,74.76
2021-07-21,180736.11358394832,182605.1530212177,177091.48668127306,177278.390625,18726,2069725210546.875,-0.019131311180466737,-0.005193813009590764,-0.013937498170875973,-0.21902018699488654,184343.36171875,176153.85442708334,0.9616749362283578,1.0063838296446823,17.90999984741211,13.54,,,-0.004075994627986357,-0.015439389166426953,-2868.0,-3497.0,8729606.0,74.77
2021-07-22,179895.04686736688,192043.80327918904,178960.52714338055,191296.1875,92919,2233382989062.5,0.07907222547305315,0.010665736841374063,0.06840648863167909,-0.15726637513104333,184670.44375,175558.87682291667,1.0358787449439917,1.0896412130328066,17.690000534057617,13.54,,,0.03473230242177172,0.05696991863615264,6505.0,27380.0,8756996.0,75.01
2021-07-23,193165.2461890244,199052.72103658537,188212.2911585366,191576.5625,36084,2236656367187.5,0.0014656591104305061,0.0012952889161306214,0.00017037019429988476,-0.15603121491608798,185044.2515625,175038.66119791666,1.0353013448531454,1.0944814202125546,17.200000762939453,13.54,,,0.054639360655103,0.06450086419799261,927.0,-1282.0,8754079.0,74.98
2021-07-26,194380.10912211868,194380.10912211868,182231.35230198628,190548.578125,23838,2224654649609.375,-0.005365919304455624,-0.009055368210180492,0.003689448905724868,-0.1605598833123277,185506.8390625,175021.528125,1.0271781843083498,1.0887150864601673,17.579999923706055,13.54,,,0.07226630773170384,0.038592121521796474,-1324.0,2484.0,8756405.0,75.0
2021-07-27,188305.71469907407,191763.4375,187090.83912037036,189240.234375,16101,2209379736328.125,-0.006866195291899357,0.002350448298351182,-0.00921664359025054,-0.16632364308936004,185408.71484375,175124.325,1.0206652612552702,1.0806050751373346,19.360000610351562,13.54,,,-0.005356824490225787,0.049112165970577326,3089.0,-1391.0,8755029.0,74.99
2021-07-28,186903.93160741884,186903.93160741884,177745.63895865533,181390.265625,39362,2117731351171.875,-0.041481499829705504,0.0013395322195790538,-0.04282103204928456,-0.20090578874657822,185058.26953125,175038.66015625,0.980179194825819,1.0362868720720335,18.309999465942383,13.54,,,-0.04834822673381023,0.02022863209216874,-255.0,-17063.0,8735717.0,74.82
2021-07-29,181109.9258152174,183165.86924552429,178493.27054028134,182698.609375,13264,2133006264453.125,0.0072128663877961685,0.0017887071821853784,0.00542415920561079,-0.19514202896954588,184946.12734375,174977.91640625,0.9878477154345997,1.044123813606425,17.700000762939453,13.54,,,-0.04661351643392431,-0.042753697333899554,52.0,129.0,8735781.0,74.82
2021-07-30,181109.91665061633,183072.40800751155,179614.68514060092,181950.984375,17951,2124277742578.125,-0.004092122006607357,-0.012437307510510198,0.008345185503902841,-0.19843560598499302,184936.78203125,175144.57213541667,0.9838550361726015,1.0388616795633312,18.239999771118164,13.54,,,-0.029051687339770926,-0.0345788820242966,-2463.0,2969.0,8738848.0,74.85
2021-08-02,182978.97362726097,184474.20528100774,180362.31823320413,180829.578125,20293,2111185324609.375,-0.006163232663192297,0.006470299739195218,-0.012633532402387515,-0.20337583383983823,184684.4625,175418.69817708334,0.9791271863219139,1.030845514213396,19.459999084472656,13.54,,,0.0011358123071261161,-0.05090186333240898,367.0,-605.0,8738683.0,74.85
2021-08-03,178119.44737098028,180829.55438764265,176717.66787960322,180175.390625,30754,2103547685546.875,-0.00361770185377408,0.004374706284978824,-0.007992408138752904,-0.20625778256251712,184394.76015625,175678.80572916666,0.9771177362758321,1.025595488751019,18.040000915527344,13.54,,,-0.012280755037237578,-0.049677627880911346,-4721.0,-7916.0,8731580.0,74.79
2021-08-04,179427.77489626556,180642.65045545902,177652.18754052126,180175.390625,17532,2103547685546.875,0.0,0.013357467291887026,-0.013357467291887026,-0.20625778256251712,184151.784375,175977.85182291668,0.9784069768126569,1.023852653948221,17.969999313354492,13.54,,,-0.033983407833027446,-0.020214063123513815,1245.0,-913.0,8732617.0,74.8
2021-08-05,180175.40048101923,182231.3438475039,179521.2366825923,179708.140625,15038,2098092541796.875,-0.0025933064353527158,-0.0012955816557307376,-0.0012977247796219782,-0.20831619936300888,183759.2859375,176284.68567708333,0.9779540647873551,1.0194200360330092,17.280000686645508,13.54,,,-0.02264760021026191,-0.026935947108746583,-515.0,-918.0,8730419.0,74.78
2021-08-06,179801.58973518613,180829.5614020713,177558.74246198215,178212.90625,18952,2080635680468.75,-0.008320348593000793,-0.0017611558750753042,-0.006559192717925488,-0.21490328455974037,183427.53046875,176652.26354166667,0.971571201959575,1.0088345469061324,16.149999618530273,13.54,,,-0.021214384789434493,-0.04184032533057491,-4925.0,-816.0,8723588.0,74.72
2021-08-09,178212.897517895,178212.897517895,174194.4630169671,176250.40625,21141,2057723492968.75,-0.011012109287118488,-0.003039477372634436,-0.007972631914484052,-0.22354885539112626,183035.03046875,176809.57421875,0.9629326462733682,0.9968374565052784,16.719999313354492,13.54,,,-0.01582954941203152,-0.03717942484267145,-5866.0,1373.0,8727872.0,74.76
2021-08-10,176624.2223185155,178493.2617081294,170456.39233278955,171858.171875,35363,2006444156640.625,-0.024920421282716876,-0.005284589372414716,-0.01963583191030216,-0.24289834502022706,182334.140625,177077.46979166666,0.9425452155362086,0.9705253416891081,16.790000915527344,13.54,,,-0.0341676565427117,-0.048822848614220704,-9524.0,-1563.0,8726914.0,74.75
2021-08-11,169521.87037292818,171951.62154696134,168213.54281767955,169148.0625,27766,1974803629687.5,-0.015769453063722683,-0.0069591435057805295,-0.008810309557942153,-0.25483742403289733,181647.26875,177275.2765625,0.9311896824212503,0.954154836364705,16.170000076293945,13.54,,,-0.036418773382728364,-0.04427569088027583,-2709.0,-590.0,8726389.0,74.74
2021-08-12,168307.00309309416,168400.45506593873,163540.95247802042,164755.828125,33605,1923524293359.375,-0.025966802753061402,-0.0038005830956832076,-0.022166219657378194,-0.27418691366199827,180717.421875,177328.23255208333,0.911676508084315,0.9291009432274657,15.59000015258789,13.54,,,-0.05061236112562251,-0.06514418575803205,-5273.0,-2330.0,8724042.0,74.72
2021-08-13,164662.35807742213,164662.35807742213,159989.75994809688,162045.703125,31297,1891883583984.375,-0.016449342222624286,-0.011560303051609488,-0.004889039171014797,-0.28612606150883113,179745.5203125,177234.78020833334,0.9015284655955395,0.9142996816681291,15.449999809265137,13.54,,,-0.035865568386335145,-0.06347403221112136,-3796.0,3442.0,8715500.0,74.65
2021-08-17,162045.71589420838,164849.2749927241,159335.60876564318,160550.484375,19862,1874426905078.125,-0.009227142226946983,-0.008892264922009896,-0.0003348773049370868,-0.2927130778714,178521.29921875,177253.47083333333,0.899335177805705,0.9057677890322459,17.90999984741211,13.54,,,-0.02739013613333008,-0.05583627760157439,-954.0,447.0,8715621.0,74.65
2021-08-18,160270.11866112883,162512.9658027423,158027.27151951537,161017.734375,22501,1879882048828.125,0.002910299534871763,0.005039576756334929,-0.002129277221463166,-0.2906546610709082,177535.38046875,177255.02838541666,0.9069613839780096,0.9083958624005244,21.56999969482422,13.54,,,-0.00735319369741505,-0.0383297229127354,2633.0,-4333.0,8710224.0,74.61
2021-08-19,159709.41914578332,160737.39083133254,154195.75283238295,155690.984375,34108,1817692242578.125,-0.03308175972464211,-0.01934194643054088,-0.013739813294101233,-0.3141210531351553,176456.01015625,177188.05442708332,0.8823217992809494,0.878676527480413,21.670000076293945,13.54,,,-0.016203967820501486,-0.04325922664889448,-7795.0,-197.0,8710003.0,74.6
2021-08-20,154849.92072388285,160176.6832352053,154195.75690670288,154756.46875,21374,1806781772656.25,-0.006002374695949664,-0.012047164440330937,0.006044789744381274,-0.3182379555703015,174629.02421875,176988.69036458334,0.8862013026891993,0.8743862019161415,18.559999465942383,13.54,,,-0.009824300771183125,-0.01504821724713501,1827.0,-723.0,8709340.0,74.6
2021-08-23,156251.69333333333,156905.85712121212,151485.64287878788,154195.75,20863,1800235381250.0,-0.003623233035291107,0.00970424899023592,-0.013327482025527027,-0.3207081383318868,172759.98359375,176856.29973958334,0.8925432081690612,0.8718702711017337,17.149999618530273,13.54,,,-0.021022505575246986,-0.02348666010164724,-1336.0,-2736.0,8706590.0,74.57
2021-08-24,153915.39118964752,160176.67304132108,153915.39118964752,157746.921875,26532,1841695312890.625,0.023030283746471536,0.015562077819474718,0.007468205926996818,-0.3050638540110013,171119.90078125,176806.45859375,0.9218502415838514,0.8922011284523079,17.219999313354492,13.54,,,0.00018551364585106533,-0.015683576869713334,-2163.0,-117.0,8704983.0,74.56
2021-08-25,159335.60001871258,159802.85984281436,153448.12623502992,156064.78125,35353,1822056321093.75,-0.010663540086905399,0.0027116622481022645,-0.013375202335007663,-0.3124743334615945,169461.128125,176677.18307291667,0.9209473758187281,0.883332972235528,16.790000915527344,13.54,,,-0.01923447843353787,-0.02692950198325783,-10245.0,-788.0,8704165.0,74.55
2021-08-26,156251.68117559524,158587.9802362351,153448.12230282737,156999.296875,25716,1832966791015.625,0.0059879981730344145,-0.005809066628267967,0.011797064801302382,-0.3083574310264482,168241.5796875,176622.66901041666,0.933177738622153,0.888896639115677,18.84000015258789,13.54,,,0.0058900683932915365,-0.0013926238878542163,-5358.0,5903.0,8708842.0,74.59
2021-08-27,156064.78530675755,159148.70022599288,154663.00579801423,157653.46875,12863,1840604247656.25,0.00416671850142647,0.0017164204903226121,0.0024502980111038575,-0.30547555113793196,166989.32265625,176482.490625,0.944093108722478,0.8933094053222029,16.389999389648438,13.54,,,0.0008721604773985758,-0.0049871156211316325,-598.0,151.0,8709090.0,74.6
2021-08-30,159802.86399673976,159802.86399673976,155130.265634262,157653.46875,11076,1840604247656.25,0.0,0.003283461304812052,-0.003283461304812052,-0.30547555113793196,165774.446875,176393.71119791668,0.9510118822406718,0.8937590103374501,16.190000534057617,13.54,,,0.010963901507594187,0.005056905099583342,-401.0,1526.0,8710346.0,74.61
2021-08-31,158494.54917550058,159335.61694824795,155597.53795825972,158681.453125,15599,1852605965234.375,0.0065205312839018426,0.017518050484051084,-0.010997519200149242,-0.3009468827416921,164667.040625,176294.02916666667,0.963650360890185,0.9000954477873104,16.479999542236328,13.54,,,-0.011830682493857436,-0.013408820027562718,-967.0,281.0,8705983.0,74.57
2021-09-01,159802.85892857143,163914.74535714285,157933.81964285715,163540.9375,23257,1909340445312.5,0.030624148438897825,0.0024224276015112345,0.02820172083738659,-0.27953897631209945,163835.31796875,176276.89583333334,0.9982031928621999,0.9277502688419532,16.110000610351562,13.54,,,0.013920740332425297,0.028168103144831536,-291.0,5914.0,8711947.0,74.62
2021-09-02,163354.05540858317,163540.95936213993,158961.8125,158961.8125,20003,1855879160937.5,-0.027999870063114884,-0.009719278858619673,-0.01828059120449521,-0.2997117913608994,162774.6390625,176192.7890625,0.9765760404418037,0.9022038492370551,16.40999984741211,13.54,,,-0.0010763895672578627,-0.0019095528609660573,-1582.0,-4799.0,8709284.0,74.6
2021-09-03,158214.18856681034,158961.8043426724,135505.359375,135505.359375,328446,1582025070703.125,-0.1475603024153993,0.007938019793851225,-0.15549832220925053,-0.4030465312056233,160564.5,175728.64427083332,0.8439310020272227,0.7711057007084109,16.40999984741211,13.54,,,-0.14557719257635915,-0.15985817308132044,-36276.0,-69461.0,8637543.0,73.98
2021-09-06,135505.35300925924,135598.80497685185,125973.2523148148,126160.15625,198324,1472919824218.75,-0.06896556097931095,0.0007091461858566017,-0.06967470716516755,-0.4442157620595731,157961.8625,175082.26822916666,0.7986747829717442,0.7205764325880671,16.40999984741211,13.54,,,-0.2434536205789133,-0.22624941894167594,-21525.0,-34234.0,8613656.0,73.78
2021-09-07,127094.67592592593,131206.5625,125505.99247685184,126160.15625,191684,1472919824218.75,0.0,-0.004966755177259974,0.004966755177259974,-0.4442157620595731,155457.35,174456.13984375,0.8115419196969458,0.7231626032938374,18.139999389648438,13.54,,,-0.2202062741971581,-0.21028514456426672,-3882.0,-20592.0,8582134.0,73.51
2021-09-08,126253.61900143677,126440.52295258621,121674.47219827586,121954.828125,163855,1423822618359.375,-0.033333250766325095,-0.007664484830807616,-0.02566876593551748,-0.4627418574348122,152962.1828125,173654.01041666666,0.7972874463650366,0.7022862750614324,17.959999084472656,13.54,,,-0.09037671792342505,-0.2641556313371708,-16140.0,-24106.0,8554323.0,73.27
2021-09-09,121487.56578947368,121581.01776315788,115413.1875,115413.1875,239539,1347448964062.5,-0.05363986588784342,-0.01526721210360893,-0.03837265378423449,-0.4915603121491607,150275.4390625,172559.06510416666,0.768010981834492,0.6688329438405911,18.799999237060547,13.54,,,-0.059074664542491995,-0.28424769391691007,-13849.0,-46757.0,8507845.0,72.87
2021-09-10,116814.96062992126,120926.84724409449,115880.44094488189,118684.0,181751,1385635700000.0,0.02834002396823143,0.0035509226465260113,0.02478910132170542,-0.4771511192090678,147971.84765625,171342.63177083334,0.8020714877853797,0.692670579256288,20.950000762939453,13.54,,,-0.03925231839804655,-0.10396027038595412,1433.0,-29313.0,8480505.0,72.64
2021-09-13,118684.00776193365,119431.62355885921,114945.92877730582,115506.640625,72713,1348540029296.875,-0.02677158989417272,0.0006718678496393515,-0.027443457743812072,-0.4911486150222298,145644.89453125,170110.6234375,0.7930703029224039,0.6790089783395453,19.3700008392334,13.54,,,-0.04102701020634114,-0.061729020964598647,-5016.0,-4625.0,8490288.0,72.72
2021-09-14,115973.89858551277,115973.89858551277,111394.75190485998,113450.6953125,173884,1324536867773.4375,-0.017799368948619665,0.006704254660675701,-0.024503623609295366,-0.5002058485634652,143289.905078125,168901.977734375,0.7917563714669503,0.6716954818073185,19.459999084472656,13.54,,,-0.027157980031402018,-0.09119939975115399,1054.0,-31734.0,8459311.0,72.46
2021-09-15,114198.31479779413,124197.67624080883,113637.60294117648,123917.3203125,197811,1446734714648.4375,0.09225703704300514,0.0014512768569179268,0.09080576018608721,-0.4540963210205075,141434.884375,167894.25390625,0.8761439644829491,0.7380676671739692,18.18000030517578,13.54,,,0.038858678832979776,0.025275126370450707,-587.0,-7242.0,8451563.0,72.39
2021-09-16,122515.52643209933,130832.75133862629,121487.5548144387,126533.9609375,178685,1477283993945.3125,0.02111602008824298,-0.007391962698990451,0.028507982787233432,-0.4425690079689308,139977.033203125,166925.468359375,0.9039623004002568,0.7580266940757306,18.690000534057617,13.54,,,0.09481011936402528,0.09215576294191863,6198.0,-5151.0,8439993.0,72.29
2021-09-17,126533.96302447551,134010.12036713285,124851.82762237762,133636.3125,152707,1560203948437.5,0.05613000264812795,0.003328952708202104,0.05280104993992585,-0.4112804049100783,138921.025390625,166073.49778645832,0.9619588692513233,0.8046817480284126,20.809999465942383,13.54,,,0.1721147929132465,0.12016771156013906,2995.0,7572.0,8445555.0,72.34
2021-09-23,131580.38260869565,131580.38260869565,118216.75,118216.75,209123,1380180556250.0,-0.11538452544475886,-0.004117143903512033,-0.11126738154124682,-0.4792095360095595,137122.075390625,164975.43684895834,0.8621277767509815,0.7165718258302428,18.6299991607666,13.54,,,-0.029958348814087543,0.036343787762704305,-4413.0,-42447.0,8400832.0,71.96
2021-09-24,117282.2293285307,121207.21230207515,117282.2293285307,118777.4609375,62692,1386726856445.3125,0.0047430752198820425,-0.0007482103838019061,0.005491285603683949,-0.47673938766505564,135173.60234375,163933.44739583333,0.8787030816523318,0.7245468379048982,17.75,13.54,,,-0.05297504599763703,0.06633869697568362,-3063.0,1463.0,8401841.0,71.96
2021-09-27,116347.71024816178,117375.68198529413,113824.50689338236,114385.21875,115958,1335447428906.25,-0.036978751295341894,0.0026877623382517424,-0.039666513633593636,-0.4960889117112379,133089.62421875,162653.15572916667,0.8594600775338663,0.7032462311426808,18.760000228881836,13.54,,,-0.1454426095711565,-0.06413357684399723,-3463.0,-25267.0,8347342.0,71.5
2021-09-28,113637.60083682009,113637.60083682009,111301.30147751047,111675.109375,87058,1303806901953.125,-0.02369282853690391,-0.011398875406113507,-0.012293953130790403,-0.5080279907239081,130823.41484375,161374.42135416667,0.8536324289377407,0.692024847791137,23.25,13.54,,,-0.04646918116070009,-0.10493551276202107,-17556.0,1980.0,8349789.0,71.52
2021-09-29,108497.74310064934,110647.13852813853,106628.70359848485,107937.03125,153071,1260164839843.75,-0.033472795736852134,-0.012153284556484789,-0.021319511180367345,-0.5244956692986555,128337.59296875,160091.01432291666,0.841039860209023,0.6742229206711264,22.559999465942383,13.54,,,-0.07327997794475138,-0.17905607388231426,-7509.0,-7505.0,8342586.0,71.46
2021-09-30,107282.86424180327,108778.09579918033,105600.7287397541,108310.8359375,92557,1264529009570.3125,0.0034631736964694237,0.002793887066682599,0.000669286629786825,-0.5228489152080134,125870.461328125,158860.56341145834,0.8604944702248309,0.6817981354942603,23.139999389648438,13.54,,,-0.03294417768137092,-0.06711940571128061,-7172.0,-3308.0,8339195.0,71.43
2021-10-01,108404.28996967072,111020.94524480069,106067.99061687608,107843.578125,46860,1259073774609.375,-0.004314044928705241,-0.01617564262908644,0.011861597700381199,-0.5249073664255864,123328.567578125,157560.02356770833,0.8744411797103236,0.6844602817583125,21.100000381469727,13.54,,,-0.008788626850199321,-0.06074909361458336,-3845.0,-7811.0,8361059.0,71.62
2021-10-05,107376.32100709727,107376.32100709727,103825.14589981294,106161.4453125,68693,1239434874023.4375,-0.015597895041559728,-0.01888261417220194,0.0032847191306422108,-0.5323178114590984,120459.59296875,156229.89036458332,0.8813033706667158,0.6795207054473257,21.299999237060547,13.54,,,0.015815603460810235,-0.017797860850347513,6444.0,3413.0,8364463.0,71.64
2021-10-06,106441.79661964443,110834.03932475706,104759.66111555875,105787.6328125,73807,1235070613085.9375,-0.0035211700339952134,-0.018182570447261015,0.014661400413265802,-0.5339645999668218,117800.883984375,154909.10247395834,0.8980207043822487,0.6829013345441329,21.0,13.54,,,0.02980771724428921,0.009157492693708691,6538.0,-5272.0,8309126.0,71.17
2021-10-07,106535.25298258814,111301.30377391445,106535.25298258814,108684.6484375,57295,1268893270507.8125,0.027385201350849098,0.01758749972088003,0.009797701629969069,-0.5212021267002898,116459.8484375,153594.54479166667,0.933237076088308,0.7076074777585247,19.540000915527344,13.54,,,0.02774382117387708,0.040274705504045105,1712.0,1085.0,8302145.0,71.11
2021-10-08,108684.6397835486,111114.39097389448,105974.53268662434,106722.1484375,38022,1245981083007.8125,-0.018056827971694167,-0.0010677326779491292,-0.016989095293745038,-0.5298476975316756,115487.948046875,152292.44700520832,0.9240977109939033,0.7007711185693284,18.770000457763672,13.54,,,0.0074700067494898326,0.022616323580513242,-4125.0,-2241.0,8298556.0,71.08
2021-10-12,106722.1527734375,112889.98296875,105507.27712890625,112142.3671875,91755,1309262136914.0625,0.050788133760015786,-0.01350342162712792,0.0642915553871437,-0.505969539506335,114787.05859375,151093.14635416667,0.9769600211151852,0.7422068432186532,19.850000381469727,13.54,,,0.05710016172336774,0.07504628126727575,14805.0,7140.0,8305574.0,71.14
2021-10-13,113076.8922860847,113076.8922860847,108030.48552290405,108123.9375,55363,1262346970312.5,-0.03583328752799786,0.009611240792760878,-0.04544452832075874,-0.5236722750447937,114095.5140625,149797.27916666667,0.9476616007950246,0.7218017450083303,18.639999389648438,13.54,,,0.0018579317726399314,0.026317033815874802,14310.0,-34351.0,8271223.0,70.85
2021-10-14,109058.44533212938,112796.5240067525,108497.73353093592,111581.6484375,31378,1302715745507.8125,0.031979143725689774,0.015021678974400654,0.01695746475128912,-0.5084397222679203,113903.937109375,148608.881640625,0.9796118665358772,0.7508410480292389,16.860000610351562,13.54,,,0.03580449181767409,0.02861309815389812,1554.0,1742.0,8279855.0,70.92
2021-10-15,113170.33888671876,115319.73425781251,110834.03957031251,112142.3671875,30977,1309262136914.0625,0.005025187903672901,0.00884019720182283,-0.0038150092981499295,-0.505969539506335,113576.85546875,147422.04166666666,0.9873698890911389,0.7606892830928438,16.299999237060547,13.54,,,-0.03230207286761955,0.015000387225779122,-672.0,-8.0,8282166.0,70.94
2021-10-18,112048.93066324393,113637.61441743503,109432.27506810562,111488.21875,24881,1301624953906.25,-0.005833196265656482,-0.002779422893829042,-0.0030537733718274396,-0.5088513161436072,113375.934375,146255.44973958333,0.9833499442769201,0.7622842017067502,16.309999465942383,13.54,,,0.01008868208131175,0.02893570914769672,-6329.0,4868.0,8286035.0,70.97
2021-10-19,111862.01225951752,116067.35106626629,109806.06884288478,114759.0234375,34721,1339811598632.8125,0.029337671048762726,0.00743681001312102,0.021900861035641705,-0.4944421576205956,113441.35078125,145084.18502604167,1.0116154528060133,0.7909823073886482,15.699999809265137,13.54,,,0.015032078365664336,-0.01345498520380528,2555.0,3920.0,8338737.0,71.42
2021-10-20,114852.47792627806,116441.1615102868,112329.27458697007,112422.7265625,33200,1312535332617.1875,-0.020358284734554144,-0.005252540753777679,-0.015105743980776465,-0.5047344481255424,112866.62109375,143945.62864583332,0.9960670876212261,0.7810082711098307,15.489999771118164,13.54,,,0.003741343683037801,0.01688379913617699,-1278.0,-7720.0,8329805.0,71.35
2021-10-21,111301.30561708861,113357.24912974684,109899.52594936709,110740.59375,40117,1292896432031.25,-0.014962569081304333,-0.0019248439042017784,-0.013037725177102555,-0.5121448931590542,112076.952734375,142836.66536458334,0.9880764157860162,0.7752952889745798,15.010000228881836,13.54,,,-0.006242608122237314,-0.013111390792214683,-5803.0,3425.0,8333270.0,71.38
2021-10-22,110553.6850294909,113917.95608702401,110273.32910802981,112889.984375,27498,1317990567578.125,0.019409238764353187,-0.00038910461612995384,0.01979834338048314,-0.5026759969079693,111039.636328125,141529.8953125,1.0166638518286135,0.7976405559103772,15.430000305175781,13.54,,,-0.008345125777395879,0.010501961886418387,-1940.0,10007.0,8340177.0,71.44
2021-10-25,111862.0043573403,114385.20746314497,110927.48468852375,114104.8515625,30139,1332174141992.1875,0.01076151435599848,0.0047835535612057445,0.005977960794792736,-0.49732403750911175,110834.04140625,140238.70013020834,1.029510880544915,0.8136473844705943,15.239999771118164,13.54,,,0.012738578998173322,0.019533696053038563,6068.0,-3259.0,8336507.0,71.4
2021-10-26,114945.9215625,116814.9609375,114385.20975000001,116814.9609375,44097,1363814668945.3125,0.02375104421844454,0.009448654443712678,0.01430238977473186,-0.48538495849644153,110735.91640625,139009.80651041667,1.0548967735901347,0.840336116349795,15.979999542236328,13.54,,,0.04007869395000774,0.011935224792128718,7884.0,5496.0,8342004.0,71.45
2021-10-27,116254.25177556819,116814.96360085228,114291.76038707387,115132.828125,39481,1344175768359.375,-0.014399977528563257,-0.007736788567760944,-0.006663188960802313,-0.49279540352995344,110773.296875,137774.68307291667,1.0393554346849443,0.8356602646951213,16.979999542236328,13.54,,,0.013617161608722284,0.02037777981210287,-2118.0,4374.0,8346378.0,71.49
2021-10-28,114945.92948239857,119805.43219222355,114572.1215816428,117469.1328125,54155,1371452125585.9375,0.020292254829035183,-0.005268548716968358,0.02556080354600354,-0.48250307860792524,111062.998046875,136709.330859375,1.0576801894265562,0.8592619982416102,16.530000686645508,13.54,,,0.03320000435993309,0.058976308535208966,1483.0,945.0,8347130.0,71.5
2021-10-29,118870.90425,119151.26015625,114945.9215625,116814.9609375,77444,1363814668945.3125,-0.00556888315540871,-0.012915590887958683,0.007346707732549973,-0.4853849584964414,111506.89453125,135611.27005208333,1.0476030332345272,0.8613956708217219,16.260000228881836,13.54,,,0.0262443223177512,0.0465246728872758,6775.0,-7034.0,8340096.0,71.44
2021-11-01,118777.45553270465,119431.61933186196,116347.70427869182,116441.15625,31421,1359450499218.75,-0.00319997271325545,0.0027805115178003437,-0.005980484231055794,-0.4870317125870836,111913.410546875,134519.43958333333,1.040457579489355,0.8656083954160839,16.40999984741211,13.54,,,0.02692702704749772,0.03456622786142727,2857.0,5773.0,8345907.0,71.49
2021-11-02,116347.7132305032,118216.75280047113,115787.00135951283,116534.6171875,15168,1360541655664.0625,0.000802645220211895,0.011598101844179975,-0.01079545662396808,-0.4866199810430714,112347.9625,133447.85690104167,1.0372650700051638,0.8732595629011586,16.030000686645508,13.54,,,-0.009429233122473901,0.009468381462727327,2202.0,726.0,8346730.0,71.49
2021-11-03,116814.96503276209,118216.74461315524,115880.4453125,115880.4453125,26015,1352904199023.4375,-0.005613541201645367,-0.012536968571094098,0.006923427369448731,-0.4895018609315876,112833.9125,132376.27447916666,1.027000152214876,0.8753868151104164,15.100000381469727,13.54,,,-0.009852513485575143,0.02305499779297837,-3549.0,6368.0,8353102.0,71.55
2021-11-04,116721.51369613742,120366.140625,116721.51369613742,120366.140625,52260,1405274691796.875,0.038709683073820056,0.002523770751924781,0.036185912321895275,-0.46974063975847447,113562.837890625,131379.45364583333,1.0599078260172348,0.9161717246098274,15.4399995803833,13.54,,,0.032313883067375926,0.033680106568870105,6480.0,3322.0,8356984.0,71.58
2021-11-05,120085.78313101927,121954.822557183,115600.08850822633,116441.15625,54213,1359450499218.75,-0.03260870835119878,-0.004676138973616184,-0.027932569377582595,-0.4870317125870836,113950.66328125,130325.00390625,1.0218558883031952,0.8934675063103208,16.479999542236328,13.54,,,0.015176770313761412,-0.0015991705412624624,3051.0,-15589.0,8341483.0,71.45
2021-11-08,116254.249125,117842.93259375001,114011.40187500001,116814.9609375,25181,1363814668945.3125,0.003210245410973478,-0.003054645855618987,0.006264891266592465,-0.4853849584964414,114455.30390625,129301.70481770833,1.0206164061491008,0.9034293948574588,17.219999313354492,13.54,,,0.014518234210905145,0.010646204956385796,24.0,6071.0,8347839.0,71.5
2021-11-09,117656.02865625,119057.8081875,115880.44125,116814.9609375,20458,1363814668945.3125,0.0,0.0007634652398160746,-0.0007634652398160746,-0.4853849584964414,114688.93359375,128311.1140625,1.018537336403186,0.9104040736533529,17.780000686645508,13.54,,,-0.022431143350806204,0.020678196340537802,-375.0,6610.0,8354461.0,71.56
2021-11-10,115787.00004538381,116721.51981976141,112329.27688018672,112609.6328125,40018,1314717463085.9375,-0.035999910381770306,-0.010899738557911709,-0.025100171823858597,-0.5039110538716806,114913.218359375,127323.63841145833,0.9799536939286579,0.8844361833942521,18.729999542236328,13.54,,,-0.019598745797082207,-0.011345402852769526,-3664.0,6465.0,8360995.0,71.61
2021-11-11,110927.4872078252,116814.9612550813,110927.4872078252,114945.921875,28418,1341993637890.625,0.02074679584818484,-0.0017917049659156303,0.02253850081410047,-0.4936187977838151,115081.43203125,126420.26940104166,0.998822484619298,0.9092364888921276,17.65999984741211,13.54,,,-0.003325136249574201,-0.02499281436056433,-1814.0,15198.0,8376592.0,71.75
2021-11-12,115039.37794569672,120366.14036885246,114104.85822233606,119711.9765625,34109,1397637326367.1875,0.04146345176719657,0.015002163520769551,0.026461288246427017,-0.47262248522990935,115459.9125,125669.53854166667,1.0368271893718957,0.9525934283812828,16.290000915527344,13.54,,,0.02389961723666889,0.02940104326344528,1128.0,13799.0,8390392.0,71.87
2021-11-15,120553.03876431297,124758.37732585878,119711.9710520038,122422.078125,44170,1429277762109.375,0.022638516548802334,0.010347605159616968,0.012290911389185366,-0.46068344063432043,116006.60546875,125009.14479166667,1.055302649623501,0.9793049806797884,16.489999771118164,13.54,,,0.061290700449712854,0.03542706338603818,3586.0,-8990.0,8383681.0,71.81
2021-11-16,122422.08660611024,122795.89450414418,116347.70826305897,121207.2109375,46261,1415094187695.3125,-0.009923595532004836,-0.0007701427490759416,-0.009153452782928895,-0.4660354000331779,116329.01484375,124353.42356770833,1.0419344743897492,0.9746994289345378,16.3700008392334,13.54,,,0.02959874685268349,0.027037075842925362,-3480.0,-10863.0,8375914.0,71.74
2021-11-17,120553.0330397035,120553.0330397035,114759.01129670998,115039.3671875,42378,1343084611914.0625,-0.0508867723487213,-0.011607474790193861,-0.03927929755852744,-0.4932071350739656,116459.846875,123587.11744791667,0.987802837410351,0.9308362357102556,17.110000610351562,13.54,,,-0.036141838952270966,0.012857950108256522,-4840.0,-17147.0,8361760.0,71.62
2021-11-18,114945.93060661765,115226.28653492648,113263.79503676471,114385.21875,18528,1335447428906.25,-0.005686300728982796,-0.005076943667385536,-0.0006093570615972599,-0.4960889117112378,116642.078125,122898.68802083333,0.9806514131840018,0.9307277448772263,17.59000015258789,13.54,,,-0.04904210740305359,-0.010289907767441209,-1554.0,1355.0,8370533.0,71.7
2021-11-19,114665.56017857142,132421.43339285714,113263.7807142857,130832.75,157023,1527472356250.0,0.14379070503810176,0.008020729481328814,0.13576997555677295,-0.42363118104967956,117539.21640625,122499.959375,1.1130987086710162,1.0680228031708274,17.90999984741211,13.54,,,0.09588132093664825,0.09901877954290472,27189.0,26070.0,8396974.0,71.92
2021-11-22,133636.31657130283,137748.2032350352,131113.1133912852,132701.796875,135580,1549293478515.625,0.014285772293252341,0.014213966984784276,7.180530846806477e-05,-0.41539730734522445,118469.063671875,122141.72682291667,1.1201388173586444,1.0864575139615762,19.170000076293945,13.54,,,0.13523242380364375,0.08679967346218742,15632.0,-23411.0,8374576.0,71.73
2021-11-23,135038.10403138527,135038.10403138527,127468.49404761904,129524.4375,53444,1512197807812.5,-0.023943604757612702,-0.005283306023396661,-0.01866029873421604,-0.4293948031583865,119104.5375,121671.35208333333,1.0874853319505144,1.0645434219493841,19.3799991607666,13.54,,,0.11718148213102497,0.07729282751090027,3742.0,-2435.0,8372473.0,71.71
2021-11-24,129244.07207380023,130365.49569266183,123917.3098842076,125599.4453125,42619,1466373524023.4375,-0.03030310158652494,-0.0010142490093723033,-0.029288852577152635,-0.44668591040407696,119627.868359375,121163.596484375,1.0499179416554154,1.0366104090406152,18.579999923706055,13.54,,,-0.04787734600290061,0.08728327249227508,5481.0,-5893.0,8365080.0,71.65
2021-11-25,125599.45212765958,126627.42383406156,121394.1133287424,122982.796875,38523,1435824153515.625,-0.020833280202707916,-0.0046822516684588145,-0.0161510285342491,-0.4582132578727351,119903.5515625,120596.65481770833,1.025681018388308,1.0197861380226385,18.579999923706055,13.54,,,-0.06410017984561778,0.07174160101962324,4103.0,-9551.0,8355530.0,71.57
2021-11-26,122515.53313993567,127375.03559857537,118870.90629595588,127094.6796875,75968,1483830385351.5625,0.03343461782446955,-0.014706747320799352,0.0481413651452689,-0.4400988252073456,120417.5375,120087.34166666666,1.0554499147393708,1.058352012156985,28.6200008392334,13.54,,,0.002701484033867163,-0.015887009391880813,6471.0,-28079.0,8329307.0,71.34
2021-11-29,121300.66342936803,129804.79314591078,121300.66342936803,125692.90625,82771,1467464680468.75,-0.0110293636283334,-0.009235630078607171,-0.0017937335497262286,-0.4462741788600649,120880.125,119554.665625,1.0398144959727664,1.051342543537811,22.959999084472656,13.54,,,0.03019660306129357,-0.017752548250075106,22078.0,-19883.0,8311006.0,71.19
2021-11-30,129430.97567041522,140084.5000216263,128963.71583044983,135038.09375,243069,1576569744531.25,0.07434936289413718,-0.02416717890836928,0.09851654180250646,-0.4051050168402777,121805.298828125,119160.60963541667,1.1086389102049437,1.133244401511221,27.190000534057617,13.54,,,0.14486417339804913,0.0994242922866474,51771.0,-3579.0,8314454.0,71.22
2021-12-01,136252.9816018212,144850.56343129138,132701.80649834438,141112.484375,163134,1647488255078.125,0.04498279304983144,0.02138420108723471,0.023598591962596727,-0.37834497892642094,123066.90078125,118786.80208333333,1.1466323071369597,1.187947498376161,31.1200008392334,13.54,,,0.12032140021537696,0.15231173682639676,33028.0,-12135.0,8304931.0,71.13
2021-12-02,141019.03284940944,145598.17970800525,137374.40575787402,142420.8125,118590,1662762985937.5,0.009271526405297825,0.015708430223722702,-0.006436903818424877,-0.3725812879835513,124169.634375,118511.11875,1.1469858409172755,1.2017506374270053,27.950000762939453,13.54,,,0.11567822994667831,0.16202586154222098,33168.0,-30407.0,8280560.0,70.93
2021-12-03,141392.8340145037,143448.7774040074,135972.61962399396,139336.890625,79184,1626758198046.875,-0.021653589955470842,0.007829522740132377,-0.02948311269560322,-0.38616715550394515,125314.42109375,118574.97760416666,1.111898290786178,1.1750952303793964,30.670000076293945,13.54,,,-0.01232142455143137,0.08440138370134886,13346.0,-21029.0,8259518.0,70.75
2021-12-06,136813.68342944368,141019.02205944707,136626.7794903324,137748.203125,34086,1608210271484.375,-0.011401772300744573,0.0016574712870569552,-0.013059243587801528,-0.39316593782760756,126361.083203125,118768.11171875,1.090115719438478,1.1598079748139465,27.18000030517578,13.54,,,-0.048979260101829625,0.07313587366327357,681.0,2354.0,8261874.0,70.77
2021-12-07,138495.82997448978,139804.15765306124,135598.8186862245,137374.40625,41872,1603846192968.75,-0.002713624326996067,0.006212047659337472,-0.008925671986333539,-0.3948126575011684,127389.05546875,118955.01588541667,1.0783846833977,1.1548433265086173,21.889999389648438,13.54,,,-0.051468028269738286,-0.03430634012556644,6339.0,-10959.0,8260014.0,70.75
2021-12-08,139336.90200128424,141205.94159888697,135131.56290667807,136439.890625,46959,1592935723046.875,-0.0068026909124493384,0.0033693254127094008,-0.01017201632515874,-0.39892955993631457,128580.568359375,119196.43359375,1.0611237169496612,1.1446642027060963,19.899999618530273,13.54,,,-0.032156931899293806,-0.0680769484133219,7183.0,-7405.0,8254296.0,70.7
2021-12-09,135505.359375,136252.97515086207,130272.04894396552,135505.359375,96622,1582025070703.125,-0.0068493989970170865,0.009251122353099772,-0.01610052135011686,-0.4030465312056234,129608.540234375,119531.303125,1.045497149570249,1.1336391040035354,21.579999923706055,13.54,,,-0.03519820966160914,-0.07774056594501388,-1752.0,-7174.0,8247413.0,70.64
2021-12-10,133823.23047703182,133823.23047703182,130832.76722614841,132234.546875,49246,1543838334765.625,-0.02413788292275798,-0.006383773094608913,-0.017754109828149067,-0.41745572414571636,130234.66875,119757.14557291666,1.0153559581653253,1.1041892009231817,18.690000534057617,13.54,,,-0.044026647503424665,-0.06601156307755973,-9686.0,-1913.0,8245456.0,70.62
2021-12-13,132234.546875,135131.5581492933,131486.93106227915,132234.546875,31689,1543838334765.625,0.0,-0.0028469812655445015,0.0028469812655445015,-0.41745572414571636,130725.2921875,120035.94401041667,1.0115452385857762,1.1016245839123382,20.309999465942383,13.54,,,-0.031007649912721424,-0.0501053382242137,720.0,667.0,8247007.0,70.64
2021-12-14,131954.18978713767,131954.18978713767,127281.5909986413,128963.7265625,47887,1505651507617.1875,-0.024734990891539632,-0.004567459785231098,-0.020167531106308534,-0.4318649515028906,131113.11796875,120294.49453125,0.9836065876584347,1.072066739754228,21.889999389648438,13.54,,,-0.0350746596689131,-0.0613471973441887,3315.0,-11769.0,8234523.0,70.53
2021-12-15,127281.58656914893,131860.73322251774,126627.42276152482,131767.28125,31837,1538383008593.75,0.021739094877514242,0.0004819161732227961,0.021257178704291446,-0.41951420978037074,131949.513671875,120425.32721354166,0.9986189231259452,1.0941824639292568,19.290000915527344,13.54,,,0.003936628863527414,-0.029918002314738512,8278.0,-3760.0,8230660.0,70.5
2021-12-16,132608.36166212175,136626.79686400422,130832.77401477832,132795.265625,40661,1550384726171.875,0.007801514649525387,0.005693475974313689,0.0021080386752116986,-0.414985541384131,132870.016015625,120529.68229166667,0.9994374171625281,1.1017640061777658,20.56999969482422,13.54,,,0.003197686273194611,-0.011709442289409955,3013.0,-5119.0,8225552.0,70.45
2021-12-17,131580.3846704871,131580.3846704871,127655.40160503222,130458.9609375,70037,1523108368945.3125,-0.017593282987192316,0.0037653110155668745,-0.02135859400275919,-0.4252778663061591,132851.3265625,120476.72643229166,0.9819921585512018,1.0828561233427803,21.56999969482422,13.54,,,0.0020066233767439545,-0.015313926464020078,-3695.0,-6664.0,8204309.0,70.27
2021-12-20,129804.79802158274,131580.3856115108,128029.21043165468,129898.25,25067,1516562068750.0,-0.004297987148377036,-0.018136142339762462,0.013838155191385426,-0.4277480146506631,132711.14921875,120671.41809895834,0.9788043488786804,1.0764624469190796,22.8700008392334,13.54,,,-0.0054124001361620655,-0.004322752538179153,1231.0,4411.0,8209321.0,70.32
2021-12-21,131206.587890625,134757.7633463542,129150.64420572917,134570.859375,41688,1571114783203.125,0.03597130350100941,0.004060084136643605,0.031911219364365806,-0.4071633648066069,132963.4703125,120934.64140625,1.0120889523921286,1.1127569223357805,21.010000228881836,13.54,,,0.024390780552992042,0.04775599793249519,14479.0,4978.0,8214415.0,70.36
2021-12-22,135972.6134299308,135972.6134299308,132234.5347102076,135038.09375,34156,1576569744531.25,0.003472032334266295,0.0031764221129924053,0.0002956102212738898,-0.40510501684027783,133435.402734375,121278.85598958333,1.0120109879595853,1.1134512495863125,18.6299991607666,13.54,,,0.04604498477702512,0.02679442944947763,8358.0,-9873.0,8204551.0,70.27
2021-12-23,136252.98521618437,139617.25645609017,134757.75355400404,138869.640625,54452,1621303054296.875,0.028373822294125883,0.004587044140299312,0.02378677815382657,-0.38822557230443683,134229.744921875,121732.09817708333,1.034566822024623,1.140780802307266,17.959999084472656,13.54,,,0.05599360773946627,0.0484731689280925,22878.0,-4715.0,8199671.0,70.23
2021-12-24,139149.9720989761,141019.01134812288,135972.60537542662,136907.125,39633,1598390684375.0,-0.014132071028393645,0.004756238017592729,-0.018888309045986373,-0.39687121196998537,134720.3671875,122214.93307291667,1.0162318278828362,1.1202160125417537,17.959999084472656,13.54,,,0.005194079329114087,0.05094345388486532,7989.0,-8647.0,8190971.0,70.16
2021-12-27,137654.73853817114,139897.58560192952,135598.7953963926,139243.421875,22820,1625666950390.625,0.017064830446187562,-0.004275579218363856,0.02134040966455142,-0.3865789214650386,135397.89296875,122730.476171875,1.0284016894349866,1.13454641600184,17.68000030517578,13.54,,,0.026238878772391616,0.05844570835803131,11301.0,-2102.0,8192939.0,70.18
2021-12-28,141579.7503985448,143448.7900077665,139804.1627697842,142888.078125,67926,1668218312109.375,0.026174710452547156,0.006897681675400946,0.01927702877714621,-0.37052280234889673,135790.3921875,123314.551171875,1.0522694266005175,1.1587284449978943,17.540000915527344,13.54,,,0.021729129395711255,0.045811517770811716,28874.0,1088.0,8190740.0,70.16
2021-12-29,144803.06615736082,144803.06615736082,138105.3347585513,140652.359375,69660,1642116295703.125,-0.01564664301835017,-0.008923115798418313,-0.006723527219931857,-0.380372007348735,135767.3859375,123889.39973958333,1.035980463229577,1.135305842716589,16.950000762939453,13.54,,,0.03389391122176577,0.03879238032960597,-30718.0,2278.0,8192558.0,70.17
2021-12-30,139331.65430345119,141878.67845117845,138482.64625420875,140086.328125,26215,1635507880859.375,-0.004024328155711077,-0.005225065568202791,0.0012007374124917147,-0.3828655937256281,135650.66171875,124461.04466145833,1.0326991873835947,1.1255435667123266,17.329999923706055,13.54,,,0.013754238969706067,0.016206339588271113,-4146.0,7325.0,8201794.0,70.25
2022-01-04,144331.37428278688,145274.71659836065,139520.32847336066,143859.703125,61173,1679562033984.375,0.026936068997632567,0.003892360845209497,0.02304370815242307,-0.3662424187774087,135876.80234375,125047.29557291667,1.0587510203622128,1.150442338363996,16.90999984741211,13.54,,,0.017520918344982928,0.058138356786680556,16861.0,-13001.0,8202813.0,70.26
2022-01-05,143765.36349693252,143765.36349693252,137350.63599182005,138388.3125,53234,1615683548437.5,-0.038032822994538584,-0.01179899226775849,-0.026233830726780094,-0.3903460086854944,135908.8078125,125575.06497395833,1.018243885200735,1.102036558999184,19.729999542236328,13.54,,,-0.001989385161865309,0.010564116395349044,5445.0,-17592.0,8184471.0,70.1
2022-01-06,135652.63041201117,138671.32594273743,132633.93488128492,135086.625,35788,1577136346875.0,-0.023858138309187038,-0.01132033898038931,-0.012537799328797727,-0.4048912179310238,135794.41875,125957.46927083333,0.9947877552220826,1.0724780815462176,19.610000610351562,13.54,,,-0.01572792190315475,-0.021250711710594894,9026.0,-5107.0,8179245.0,70.06
2022-01-07,135086.6338410364,136784.6501882003,133954.62294292718,134709.296875,26448,1572731041015.625,-0.0027932308250354643,0.011764940930780954,-0.014558171755816418,-0.40655349412534814,135707.8890625,126400.55859375,0.9926416054777766,1.0657333984413329,18.760000228881836,13.54,,,-0.05332980181139424,-0.029085356246479455,-2809.0,-3820.0,8175605.0,70.03
2022-01-10,134897.95837177124,134897.95837177124,125936.20589252768,127822.890625,69314,1492332248046.875,-0.051120497320909175,-0.009533323710556929,-0.041587173610352246,-0.43689077463901616,135323.765625,126671.24596354166,0.9445708965800884,1.0090916028550774,19.399999618530273,13.54,,,-0.06868314469496639,-0.07187326726932342,-8663.0,-15497.0,8162270.0,69.91
2022-01-11,129332.23411556603,129332.23411556603,123860.8485731132,124992.859375,67717,1459291633203.125,-0.022140253879116223,0.00022547839081998866,-0.02236573226993621,-0.44935815585018085,134961.68125,126885.42083333334,0.9261359092249749,0.9850844845223057,18.40999984741211,13.54,,,-0.07851107763610488,-0.1172827076916827,4171.0,-8629.0,8153867.0,69.84
2022-01-12,130086.91337449964,132445.26930949782,127445.55472730169,129615.2421875,84473,1513257952539.0625,0.036981175049624726,0.015406301696969882,0.021574873352654844,-0.4289947734220282,134830.716015625,127187.537890625,0.9613183554738329,1.0190875956649361,17.6200008392334,13.54,,,-0.04237803252763361,-0.06947400361224776,11542.0,-20482.0,8133360.0,69.66
2022-01-13,130181.24247811816,131784.92445067468,128954.89744028081,129332.234375,41374,1509953836328.125,-0.0021834454630775824,-0.0034953616664851195,0.0013119162034075371,-0.4302415321933934,134849.14140625,127430.42473958334,0.9590883043546444,1.014924298018336,20.309999465942383,13.54,,,0.0005210572861261697,-0.055624288080042494,-4236.0,1237.0,8131537.0,69.65
2022-01-14,129143.56631881768,134709.2861236462,128388.89244697653,130652.9140625,116293,1525372771679.6875,0.010211527651108776,-0.01356142616318301,0.023772953814291786,-0.42442342784493287,134793.423046875,127734.26119791667,0.9692825592615516,1.02284941281385,19.190000534057617,13.54,,,0.04665974337035417,-0.01729316250993429,9526.0,-31308.0,8097378.0,69.36
2022-01-17,131313.25687103593,134709.28937632137,130747.25145348837,133860.28125,50764,1562818783593.75,0.02454876120073135,-0.01089003979216896,0.03543880099290031,-0.41029373602236263,134846.673828125,128119.58932291667,0.9926850803944763,1.0448072926038992,19.190000534057617,13.54,,,0.06052367101059963,0.059732812093318266,7334.0,-3914.0,8096698.0,69.35
2022-01-18,134048.94972251586,135746.96597515856,131973.59652484144,133860.28125,37157,1562818783593.75,0.0,-0.008947824140363325,0.008947824140363325,-0.41029373602236263,135016.73984375,128469.09427083333,0.9914347021333183,1.041964855514597,22.790000915527344,13.54,,,0.06815957894755542,0.0910463685036178,7455.0,-2109.0,8095302.0,69.34
2022-01-19,131973.5970949746,133671.61335495283,128388.89610168722,129992.578125,39764,1517663349609.375,-0.02889358283788901,-0.007666941671219063,-0.021226641166669946,-0.42733246281062254,135021.45625,128733.88971354166,0.9627549704715913,1.0097774441078349,23.850000381469727,13.54,,,0.02315998396659369,0.04824485398429301,6171.0,-11013.0,8081772.0,69.22
2022-01-20,127822.88152901786,132633.92725446427,127822.88152901786,132067.921875,32428,1541892987890.625,0.015965094161024762,0.007177302072096214,0.008787792088928548,-0.418189771656432,134896.309375,128988.10572916667,0.9790328770808893,1.0238767452892126,25.59000015258789,13.54,,,-0.0034910249373780733,0.05572072986981402,6931.0,-285.0,8071871.0,69.14
2022-01-21,126596.5418126947,126973.87874805296,121125.15625,121125.15625,131445,1414136199218.75,-0.08285710465980634,-0.00991724302264363,-0.0729398616371627,-0.4663968826384408,134200.6625,129087.97786458333,0.9025674985024756,0.9383147699243028,28.850000381469727,13.54,,,-0.0853787107149041,-0.04099208558164047,-4455.0,-59660.0,8012912.0,68.63
2022-01-24,121125.14554398149,122634.49315200618,118861.12413194445,122257.15625,55281,1427352299218.75,0.009345705178398944,-0.014920857950193489,0.024266563128592433,-0.46140998522130505,133370.03828125,129167.77825520834,0.9166763226998915,0.946498870704779,29.899999618530273,13.54,,,-0.039885506419641725,-0.052164323445948346,9265.0,873.0,8018572.0,68.68
2022-01-25,122068.49970021106,125087.19521057176,120559.15194503071,122917.5078125,53626,1435061903710.9375,0.005401332590704744,-0.025648319277175813,0.031049651867880557,-0.4585008814214528,132670.557421875,129269.48736979166,0.9264867066295531,0.9508624990588768,31.15999984741211,13.54,,,-0.017623646640689716,-0.030062495718431115,6230.0,10326.0,8029311.0,68.77
2022-01-26,122917.5078125,122917.5078125,122917.5078125,122917.5078125,0,1435061903710.9375,0.0,-0.004098641291885974,0.004098641291885974,-0.4585008814214528,131854.26171875,129377.4265625,0.9322224872388848,0.9500691973736289,31.959999084472656,13.54,,,0.059414856288358964,-0.004737213259875195,4080.0,-4203.0,8025013.0,68.74
2022-01-27,121313.8228546627,122540.16787574405,115465.10044642858,118861.1328125,66560,1387703725585.9375,-0.033000791117467565,-0.034972907657325414,0.001972116539857849,-0.4763707807239562,130652.914453125,129416.20182291667,0.9097472743720876,0.9184408995029893,30.489999771118164,13.54,,,0.03712040969962438,-0.011552888808945894,18645.0,-21009.0,8005004.0,68.57
2022-01-28,118861.14096840659,120842.1599845467,116314.11651908359,120181.8203125,37876,1403122752148.4375,0.011111180490626316,0.01868436973892207,-0.007573189248295753,-0.47055264195841434,129629.3875,129487.89140625,0.9271186312787292,0.9281317272782401,27.65999984741211,13.54,,,-0.0015024314165519304,0.05381378357992106,11928.0,-9553.0,7995063.0,68.48
2022-02-03,123200.5135055205,123577.85045347003,118389.46741916404,119615.8125,53854,1396514610937.5,-0.004709595935793343,0.0167008264062809,-0.021410422342074242,-0.4730461250840636,128605.86171875,129475.3859375,0.9300961161598491,0.9238498239174249,24.350000381469727,13.54,,,-0.027011495050512146,0.008136798109254384,-5375.0,-6238.0,7988658.0,68.43
2022-02-04,119898.8093687996,120464.81476314484,118012.12472098214,118861.1328125,33063,1387703725585.9375,-0.006309196683339846,0.015673102471673417,-0.021982299155013263,-0.47637078072395633,127355.933203125,129515.71888020834,0.9332987464582722,0.9177351895211809,23.219999313354492,13.54,,,-0.05096591074538326,-0.044895152913639436,3107.0,-6955.0,7981703.0,68.37
2022-02-07,119332.80719957854,119427.14143451891,113201.08192845395,114710.4296875,74693,1339244266601.5625,-0.034920608838110434,-0.0018907125702337657,-0.03302989626787667,-0.4946562318665002,126172.0390625,129480.643359375,0.9091588797314877,0.8859272452726381,22.860000610351562,13.54,,,-0.07642261776496417,-0.08202369047340208,-20935.0,-9380.0,7972288.0,68.29
2022-02-08,114710.4296875,114710.4296875,114710.4296875,114710.4296875,0,1339244266601.5625,0.0,0.000513617946158007,-0.000513617946158007,-0.4946562318665002,125153.229296875,129445.56783854167,0.9165598868839117,0.8861673026192685,21.440000534057617,13.54,,,-0.05552581336904794,-0.08450942495941793,-1472.0,3994.0,7979156.0,68.34
2022-02-09,114710.4296875,114710.4296875,114710.4296875,114710.4296875,0,1339244266601.5625,0.0,0.00814868802202695,-0.00814868802202695,-0.4946562318665002,124153.2859375,129480.58111979166,0.9239419546676064,0.8859276711260142,19.959999084472656,13.54,,,-0.041692202236061626,-0.08508492373314913,2644.0,11439.0,7990595.0,68.44
2022-02-10,119238.47408906883,120370.48491902834,114333.09382591092,116502.78125,41294,1360169971093.75,0.015625009577444837,0.0011123151762466588,0.014512694401198178,-0.48676023064951224,123587.28046875,129506.52877604167,0.9426761460250647,0.8995900233838456,23.90999984741211,13.54,,,0.0058503884330132205,-0.04916180698987671,-4836.0,-5077.0,7986637.0,68.41
2022-02-11,114144.4248878339,114710.43030050084,112729.41135616653,113012.4140625,36793,1319419934179.6875,-0.02995951813382136,-0.008737584030051537,-0.021221934103769824,-0.5021366468263665,122988.258203125,129394.86940104167,0.9188878329819982,0.8733917703663622,27.360000610351562,13.54,,,-0.014857927724598596,-0.04840144193863327,-7696.0,-878.0,7979104.0,68.34
2022-02-14,111314.38667847938,113012.40274645618,108956.0310285116,109805.0390625,43229,1281973831054.6875,-0.028380731679850668,-0.01573309449808169,-0.012647637181768978,-0.5162663730660181,121997.748046875,129184.58541666667,0.9000579176290188,0.8499856132861311,28.329999923706055,13.54,,,-0.019356876884340624,-0.02801918285252558,-6890.0,3215.0,7978093.0,68.33
2022-02-15,109805.05298796218,110842.729605546,108012.702466681,109710.71875,27600,1280872641406.25,-0.00085897981827876,-0.010330984739405413,0.009472004921126653,-0.5166818904889772,121016.672265625,128992.97721354167,0.9065752403866382,0.8505169903038922,25.700000762939453,13.54,,,-0.02439756636441215,-0.01803355998524092,2737.0,-819.0,7977844.0,68.33
2022-02-16,112069.08039749383,114804.7734375,110465.39827059368,114804.7734375,34084,1340345729882.8125,0.04643169551288717,0.01985395017544289,0.02657774533744428,-0.4942406111922971,120224.265234375,128989.06731770834,0.9549218139423868,0.8900349140034364,24.290000915527344,13.54,,,0.023402113076801956,0.01669287337423031,5517.0,-2232.0,7973773.0,68.3
2022-02-17,114710.42483388704,115370.76445052947,111691.72944352159,113578.4140625,38977,1326027984179.6875,-0.010682128785068579,0.005279064436444436,-0.015961193221513015,-0.49964319811779856,119210.171875,128975.62057291667,0.9527577410222571,0.8806192484903624,28.110000610351562,13.54,,,0.02008855703705792,-0.013781014248480883,-5002.0,2759.0,7975925.0,68.32
2022-02-18,110937.0565625,113201.078125,109144.70615885417,113201.078125,33597,1321622587109.375,-0.003322250452382214,0.0001566754832584838,-0.0034789259356406976,-0.5013055087292042,118177.21171875,128681.759375,0.9578926129549181,0.8796979360152614,27.75,13.54,,,0.007137626180290568,0.0039619939196482434,-2643.0,-2099.0,7963531.0,68.21
2022-02-21,113201.078125,113201.078125,113201.078125,113201.078125,0,1321622587109.375,0.0,-0.00026233027924782437,0.00026233027924782437,-0.5013055087292042,117337.63671875,128356.74739583333,0.9647465322344523,0.8819254181932838,27.75,13.54,,,-0.019177788877905888,0.016871961380665046,-6174.0,1181.0,7964602.0,68.22
2022-02-22,113201.078125,113201.078125,113201.078125,113201.078125,0,1321622587109.375,0.0,-0.013488595782127799,0.013488595782127799,-0.5013055087292042,116394.29453125,128084.69140625,0.9725655246323722,0.8837986560466996,28.809999465942383,13.54,,,0.010272000125734926,0.02088855224166619,-10014.0,-3716.0,7960787.0,68.19
2022-02-23,113201.078125,113201.078125,113201.078125,113201.078125,0,1321622587109.375,0.0,0.004706678408934684,-0.004706678408934684,-0.5013055087292042,115998.090625,127878.051953125,0.9758874263797823,0.8852267953416666,31.020000457763672,13.54,,,0.00904424765244094,-0.010395871504712773,-122.0,2656.0,7963385.0,68.21
2022-02-24,108201.36060130071,108578.69751708553,106786.34716710758,106975.015625,27456,1248933307421.875,-0.05500002829588779,-0.026008163067438916,-0.028991865228448876,-0.5287337198601014,115233.98359375,127611.25559895833,0.9283287124927794,0.838288245992881,30.31999969482422,13.54,,,-0.02020994785525576,-0.023426543511648634,1563.0,-1531.0,7962787.0,68.2
2022-02-25,109144.70335010593,111314.390625,108861.70066207627,111314.390625,35682,1299595510546.875,0.04056437827699555,0.010555708404592412,0.030008669872403138,-0.509617096203314,114653.827734375,127348.25078125,0.9708737407606517,0.8740943824678687,27.59000015258789,13.54,,,-0.0036898737649804225,0.010061052296395201,4916.0,9069.0,7973009.0,68.29
2022-02-28,111314.390625,111314.390625,111314.390625,111314.390625,0,1299595510546.875,0.0,0.008375768389099258,-0.008375768389099258,-0.509617096203314,114073.671875,127108.60885416667,0.9758114102522835,0.8757423405735832,30.149999618530273,13.54,,,-0.007358963745144997,0.001422953628048118,-6120.0,-4356.0,7968610.0,68.25
2022-03-02,110937.06118587048,112635.07742851136,108673.03952901598,112163.40625,21400,1309507767968.75,0.0076271865679991,0.0016079283339911488,0.0060192582340079515,-0.5058768543062995,113738.785546875,126727.3640625,0.9861491461395484,0.8850764559001063,30.739999771118164,13.54,,,0.02765215971731183,-0.0060463839200717295,1734.0,-1119.0,7967434.0,68.24
2022-03-03,112540.74288527755,115276.43571316778,111314.39782449917,113012.4140625,35115,1319419934179.6875,0.007569383285379594,0.016112349188855957,-0.008542965903476363,-0.5021366468263664,113380.315234375,126259.02955729167,0.9967551583260773,0.895083816648687,30.479999542236328,13.54,,,-0.01089947605856767,-0.009882671414613409,-2747.0,3518.0,7971014.0,68.27
2022-03-04,113012.4140625,113012.4140625,113012.4140625,113012.4140625,0,1319419934179.6875,0.0,-0.012249423215701327,0.012249423215701327,-0.5021366468263664,113050.1453125,125768.88958333334,0.9996662432419198,0.8985720907364694,31.979999542236328,13.54,,,0.009725715546232916,0.031358617029536795,-7092.0,-8124.0,7967774.0,68.25
2022-03-07,107635.36137466902,108295.70101500442,106220.34785966462,106880.6875,26289,1247832026562.5,-0.05425710629549896,-0.022893487066870888,-0.03136361922862807,-0.5291492717001418,112451.123046875,125227.95286458333,0.9504634956419868,0.8534890577950807,36.45000076293945,13.54,,,-0.027657161916403106,-0.030013672071494413,-2619.0,-7029.0,7960730.0,68.19
2022-03-08,105937.34575392377,107352.35927690583,104522.33223094171,105182.671875,26990,1228007694140.625,-0.015887020047471112,-0.010904102353586631,-0.004982917693884481,-0.5366296866600079,111974.73515625,124685.19401041667,0.9393428948791679,0.8435859021578187,35.130001068115234,13.54,,,-0.024097113706811224,-0.026620821376279635,-445.0,-3666.0,7957064.0,68.15
2022-03-10,105182.671875,105182.671875,105182.671875,105182.671875,0,1228007694140.625,0.0,0.022086702323264706,-0.022086702323264706,-0.5366296866600079,111498.347265625,124148.66510416666,0.943356331770739,0.8472315975910552,30.229999542236328,13.54,,,-0.05843323924577726,-0.05472678193355229,8793.0,1718.0,7957312.0,68.16
2022-03-11,109427.72110849057,111125.73747051887,108956.04989681604,109993.7265625,17474,1284176757617.1875,0.04573999311614263,-0.007103643810029925,0.052843636926172555,-0.5154351317176119,111262.512109375,123707.895703125,0.98859646863242,0.8891407127841189,30.75,13.54,,,0.025774016909023367,0.006659820896096624,842.0,-696.0,7958624.0,68.17
2022-03-14,110088.05329651038,110559.72447601556,107258.02621947926,109144.7109375,17935,1274264500195.3125,-0.007718764074399975,-0.005873161328781573,-0.001845602745618402,-0.5191753736146264,110894.60859375,123268.5515625,0.98422017374478,0.885422190445396,31.770000457763672,13.54,,,0.028911331857289446,-0.007435205065223105,-5262.0,3292.0,7961915.0,68.2
2022-03-15,107258.02690001077,110371.05670449656,106975.02419051205,109616.3828125,16946,1279771269335.9375,0.004321527547680226,-0.009116804542244061,0.013438332089924288,-0.517097476746099,110724.80703125,122891.58216145834,0.9899893777332376,0.8919763329963722,29.829999923706055,13.54,,,0.06443636627047844,0.03736674625332925,-938.0,3489.0,7967066.0,68.24
2022-03-16,110748.39371044304,111880.40454905063,109805.05134493671,111786.0703125,20197,1305102370898.4375,0.019793460104510885,0.014380896175347768,0.005412563929163117,-0.5075391649177052,110823.85859375,122550.77421875,1.0086823517152312,0.9121612737669427,26.670000076293945,13.54,,,0.017005293273469002,0.04776222787637685,8213.0,416.0,7967547.0,68.24
2022-03-17,113578.40943930042,115559.42820859054,112635.06716820988,114616.0859375,47479,1338142803320.3125,0.02531635307591218,0.01326700945611936,0.012049343619792818,-0.4950718525407033,111069.126953125,122311.646875,1.0319346976218868,0.9370823536914297,25.670000076293945,13.54,,,0.030900239638880223,0.08189827381943438,10293.0,-2000.0,7965901.0,68.23
2022-03-18,115276.43420655672,117729.12429605793,114616.09456707562,117257.453125,42169,1368980765234.375,0.02304534451595508,0.0046427772471748785,0.0184025672687802,-0.48343560942670083,111191.7609375,122069.81640625,1.054551633469583,0.9605769597847645,23.8700008392334,13.54,,,0.035864474817736136,0.04745720416204202,-510.0,6226.0,7972252.0,68.28
2022-03-21,117257.453125,117257.453125,117257.453125,117257.453125,0,1368980765234.375,0.0,-0.007746514821399875,0.007746514821399875,-0.48343560942670083,111375.712890625,121810.85286458333,1.0528098997682833,0.9626190964720909,23.530000686645508,13.54,,,0.038198425709972894,0.0570493217290603,-2848.0,-961.0,7973693.0,68.3
2022-03-22,118389.46250253447,119144.13636709246,115465.10127737226,116314.109375,25685,1357967226953.125,-0.008045064299617377,0.00891642029616091,-0.016961484595778287,-0.4875914031637557,111531.364453125,121575.10533854166,1.0428825106312145,0.9567263713332451,22.940000534057617,13.54,,,0.009187597494401789,0.026649505043357724,-4183.0,-3050.0,7970056.0,68.27
2022-03-23,116314.11078288415,117917.7927644811,114993.43150392197,117257.453125,16440,1368980765234.375,0.008110312283427623,0.009243560453182642,-0.001133248169755019,-0.48343560942670083,111734.183203125,121364.425390625,1.0494322307062833,0.9661599990902915,23.56999969482422,13.54,,,-0.010348217944133431,0.02010369294443959,1664.0,927.0,7972183.0,68.28
2022-03-24,117257.45031910212,120842.15113336268,115653.76837588029,120559.1484375,34838,1407528058007.8125,0.028157658421766207,-0.001970763467768921,0.03012842188953513,-0.46889036576409004,112102.08671875,121130.896875,1.0754407162818271,0.9952799124562743,21.670000076293945,13.54,,,0.012033689124001823,0.0381827712141819,5085.0,1272.0,7973039.0,68.29
2022-03-25,121691.1592209507,121691.1592209507,118200.79263864437,120559.1484375,29882,1407528058007.8125,0.0,0.00011725576433718743,-0.00011725576433718743,-0.46889036576409004,112469.990234375,120889.58111979166,1.071922814132624,0.997266657066466,20.809999465942383,13.54,,,0.028877917955442922,0.01966294818106451,-4692.0,-176.0,7968166.0,68.25
2022-03-28,120747.81818181818,121502.49204545454,118766.79928977272,119332.8046875,31410,1393210494726.5625,-0.010172133478827283,-0.00015381866460717486,-0.010018314814220108,-0.4742928838554289,113087.8796875,120563.9671875,1.0552218771565691,0.9897883046757634,19.6299991607666,13.54,,,0.019992851310977833,0.001898118545444527,-4493.0,3722.0,7970422.0,68.27
2022-03-29,119898.80563775019,123011.83520977675,119238.46603156274,122540.1640625,25342,1430656415429.6875,0.02687743226516126,0.0042168003335874005,0.02266063193157386,-0.46016322644993984,113649.168359375,120324.51783854167,1.078231946889487,1.0184139214829966,18.899999618530273,13.54,,,0.012525061353016564,0.041520235072796674,3171.0,1192.0,7970746.0,68.27
2022-03-30,123577.8457421275,125370.1961765553,121879.82954109063,122823.171875,27789,1433960531640.625,0.002309510638125678,0.0020685067267884882,0.0002410039113371898,-0.4589164676785745,114224.607421875,120050.84700520833,1.0752776888203015,1.023092922198803,19.329999923706055,13.54,,,0.012883321028690942,0.04289448715388888,4739.0,817.0,7971608.0,68.28
2022-03-31,122917.51020578685,123955.18680767762,120653.4885289343,123483.515625,19377,1441670044921.875,0.005376377599758175,0.003971949346557535,0.0014044282532006402,-0.45600739829580356,114790.612890625,119727.43763020834,1.07572834150348,1.0313719066334046,20.559999465942383,13.54,14209.33686535332,474.71766246253605,0.02430606409611169,0.014170493517554394,5621.0,-4554.0,7967054.0,68.24
2022-04-01,122917.50851132454,124709.8589807913,119898.8129838016,123389.1796875,39101,1440568672851.5625,-0.0007639557152429033,-0.006454700675517899,0.005690744960274996,-0.45642298455292535,115309.451171875,119439.71796875,1.0700699589973914,1.0330665693616534,19.6299991607666,13.54,14209.33686535332,474.71766246253605,0.007336177124812826,0.019978494242166578,8680.0,-1628.0,7965398.0,68.23
2022-04-04,123011.84194335937,123011.84194335937,119332.80679321289,120747.8203125,40973,1409730802148.4375,-0.02140673421842665,0.006587880374528732,-0.02799461459295538,-0.46805919324984646,115696.221484375,119117.40950520833,1.0436626085390976,1.0136874266663798,18.56999969482422,13.54,14209.33686535332,474.71766246253605,-0.020899441379479744,0.002002194463431306,6331.0,-20230.0,7941326.0,68.02
2022-04-05,119898.81489208105,122823.17623091229,119898.81489208105,120464.8203125,23694,1406426777148.4375,-0.0023437276074018687,0.00047139086774694583,-0.0028151184751488145,-0.4693059176041305,116375.428125,118727.49479166667,1.0351396532187838,1.0146328828371376,21.030000686645508,13.54,14209.33686535332,474.71766246253605,-0.0251189881078292,-0.02347355594329137,2746.0,-1515.0,7939811.0,68.01
2022-04-06,118106.45851725522,118861.13237359551,115842.43694823435,117540.453125,40609,1372284790234.375,-0.024275694596263442,-0.008759757285706882,-0.01551593731055656,-0.48218888507241686,116993.3171875,118380.03046875,1.004676642654923,0.9929077789520283,22.100000381469727,13.54,14209.33686535332,474.71766246253605,-0.046325670378660755,-0.03923049716518512,-387.0,-11574.0,7917207.0,67.81
2022-04-07,115276.42724609375,118295.12255859375,115087.7587890625,117729.1171875,28847,1374487443164.0625,0.001605098989191145,-0.014321569216945607,0.01592666820613675,-0.48135774697525463,117620.639453125,118090.738671875,1.0009222678509433,0.9969377659210025,21.549999237060547,13.54,14209.33686535332,474.71766246253605,-0.002404387579568623,-0.024708257212249007,2438.0,-472.0,7912466.0,67.77
2022-04-08,117540.45383693046,118200.79346522782,115276.43225419664,118012.125,22968,1377791559375.0,0.002403889702572659,0.0016802745601596225,0.0007236151424130366,-0.4801109882038893,118021.559375,117812.45247395833,0.999920062274639,1.001694833795993,21.15999984741211,13.54,14209.33686535332,474.71766246253605,0.001134346037993228,-0.029675387030110967,-4164.0,1078.0,7915527.0,67.8
2022-04-11,117917.78943083127,117917.78943083127,114050.0859375,114050.0859375,26731,1331534753320.3125,-0.033573152440903864,-0.002699534219821609,-0.030873618221082255,-0.497565301249271,118266.828125,117582.90572916667,0.9643455205965007,0.9699546480012669,24.3700008392334,13.54,14209.33686535332,474.71766246253605,-0.014223334872532467,-0.03255439065823784,-3097.0,-4970.0,7914461.0,67.79
2022-04-12,112823.74233490566,115182.09815294298,112069.06847313371,114993.4296875,17447,1342548291601.5625,0.008271311172154183,-0.009780582576023877,0.01805189374817806,-0.4934095075122162,118535.68046875,117416.24856770833,0.9701165862697025,0.9793655570692908,24.260000228881836,13.54,14209.33686535332,474.71766246253605,-0.012098109330491158,-0.011687378434910967,-265.0,4066.0,7918534.0,67.82
2022-04-13,115465.10375396196,119049.8046875,114144.42446265847,119049.8046875,26721,1389906469726.5625,0.035274841449840943,0.018648089924342637,0.016626751525498307,-0.47553960820971275,118898.8671875,117240.15794270833,1.0012694612116193,1.0154353830338234,21.81999969482422,13.54,14209.33686535332,474.71766246253605,0.003805027052594112,0.0204553104011439,12288.0,-2605.0,7916053.0,67.8
2022-04-14,117540.45822908328,118389.46635433348,116031.1104508607,117823.4609375,20023,1375588906445.3125,-0.010301098378271978,8.097607718626776e-05,-0.010382074455458246,-0.48094212630105165,119059.2359375,117048.34505208333,0.9896205028507934,1.006622185773509,22.700000762939453,13.54,14209.33686535332,474.71766246253605,0.02429657081821812,-0.005853432260451097,-217.0,-5138.0,7910991.0,67.76
2022-04-15,116031.1103101621,116031.1103101621,112352.07510520575,113484.0859375,48155,1324926703320.3125,-0.03682946473879123,-0.007601069912013703,-0.029228394826777526,-0.500058749957839,118870.567578125,116762.19791666667,0.9546861620132767,0.9719248863274546,22.700000762939453,13.54,14209.33686535332,474.71766246253605,-0.022983717756737465,-0.03580544222964166,-26323.0,-4712.0,7906167.0,67.72
2022-04-18,111974.73708034206,112635.0767261402,110559.72355363176,111691.734375,27610,1304000998828.125,-0.015793858210984002,-0.0010571343346619244,-0.014736723876322078,-0.507954751174827,118592.281640625,116392.72213541667,0.9418128467539227,0.9596109819053177,22.170000076293945,13.54,14209.33686535332,474.71766246253605,-0.05434719315855785,-0.019668547884881482,-11776.0,3838.0,7909197.0,67.74
2022-04-19,111786.07048071171,118578.13552257775,111786.07048071171,118295.1328125,62289,1381095675585.9375,0.05912163934467518,0.009535064853126274,0.04958657449154891,-0.4788642294325242,118691.3328125,116133.30299479167,0.9966619298089281,1.0186150721796425,21.3700008392334,13.54,14209.33686535332,474.71766246253605,0.005621455788449303,0.011866132858489364,9231.0,25753.0,7936874.0,67.98
2022-04-20,117540.45988691931,118295.13378667482,115087.76971271394,115748.109375,24342,1351359176953.125,-0.021531092420658426,-7.354147456317683e-05,-0.02145755094609525,-0.4900848518723236,118615.865625,115895.89518229167,0.9758231646762473,0.9987248400207858,20.31999969482422,13.54,14209.33686535332,474.71766246253605,0.01339229966913158,-0.026218169613104192,3794.0,-10841.0,7924627.0,67.88
2022-04-21,115842.44436971561,124709.86274980784,115465.10741737125,122728.84375,89039,1432859250781.25,0.060309705382606715,0.0035016937335361487,0.05680801164907057,-0.45933201951861513,118724.350390625,115740.24388020833,1.0337293347674632,1.060381762086357,22.68000030517578,13.54,14209.33686535332,474.71766246253605,0.08493703519452422,0.04097191649142462,15714.0,-756.0,7924041.0,67.87
2022-04-22,121502.49838679942,128766.23470340155,120370.48753226401,127917.2265625,100132,1493433620117.1875,0.0422751706442277,-0.008613706546223732,0.05088887719045143,-0.4364751883818946,119092.254296875,115853.44505208333,1.0741019835230088,1.1041296743915836,28.209999084472656,13.54,14209.33686535332,474.71766246253605,0.08623933789342675,0.12108918850865358,17277.0,-6471.0,7917594.0,67.82
2022-04-25,127351.20430534778,129709.55994063201,125275.85134629768,126124.859375,67724,1472507733203.125,-0.014011929711626903,-0.01759156390599015,0.003579634194363246,-0.4443712584330453,119431.85703125,115917.90677083333,1.0560403439259824,1.088053286058258,27.020000457763672,13.54,14209.33686535332,474.71766246253605,0.11127652303388524,0.1394055465793389,10404.0,-12893.0,7904775.0,67.71
2022-04-26,128577.55937944207,137256.30880197228,127822.88551661336,132728.265625,154253,1549602501171.875,0.05235610396493251,0.004207613580942571,0.04814849038398994,-0.41528070227366115,119941.262109375,116081.41940104167,1.1066105466187646,1.1434066391490811,33.52000045776367,13.54,14209.33686535332,474.71766246253605,0.10261700176880462,0.13796746247177993,35332.0,285.0,7907507.0,67.73
2022-04-27,129709.57813617669,132445.27105686694,128388.89879515379,131879.265625,92894,1539690426171.875,-0.006396527491730364,-0.01096199443006829,0.004565466938337925,-0.41902087533651294,120394.066796875,116230.78203125,1.0953967179088855,1.1346328685076104,31.600000381469727,13.54,14209.33686535332,474.71766246253605,0.05629359151669111,0.1639904803562131,7744.0,-15509.0,7892186.0,67.6
2022-04-28,131501.93135137518,135180.96673351552,131501.93135137518,133765.953125,53127,1561717502734.375,0.014306172324046962,0.010772749012682326,0.0035334233113646363,-0.41070928786240307,120908.188671875,116479.195703125,1.106343206315156,1.1484106867112511,29.989999771118164,13.54,14209.33686535332,474.71766246253605,0.0562473806336925,0.11071589201850718,7244.0,-1947.0,7894643.0,67.62
2022-04-29,133765.953125,134520.6270495416,130652.92318626586,133765.953125,54947,1561717502734.375,0.0,0.010331832057344892,-0.010331832057344892,-0.41070928786240307,121427.02734375,116705.59791666667,1.1016159750524033,1.1461828353813435,33.400001525878906,13.54,14209.33686535332,474.71766246253605,-0.00223294180764233,0.049495182770710855,12281.0,-2838.0,7893395.0,67.61
2022-05-02,131973.58496302567,133860.26952289738,129992.56617516036,132350.921875,38216,1545197012890.625,-0.010578411149791633,-0.0028200209712448965,-0.007758390178546737,-0.41694304730214815,122007.182421875,116917.84973958334,1.08477975843552,1.1319992812884556,32.34000015258789,13.54,14209.33686535332,474.71766246253605,-0.014556798924526992,0.03815715839780087,-4585.0,9539.0,7903871.0,67.7
2022-05-03,132256.59473933242,139425.99645130764,131784.92357407088,137067.640625,55588,1600264704296.875,0.03563797428214932,-0.0026009750363265027,0.03823894931847582,-0.39616407861687375,122837.3234375,117221.29153645833,1.1158468516675262,1.169306691885143,29.25,13.54,14209.33686535332,474.71766246253605,0.020148727082584195,0.028247617332286756,8523.0,14441.0,7918260.0,67.82
2022-05-04,137727.99187413557,137727.99187413557,135558.30433091286,136407.3125,26806,1592555373437.5,-0.004817534773262633,-0.0010781330891860286,-0.0037394016840766042,-0.39907307916548207,123780.66640625,117582.90625,1.102008225196568,1.1600947522931293,25.420000076293945,13.54,14209.33686535332,474.71766246253605,0.026741157455852482,0.019942748709872227,-2519.0,9984.0,7929182.0,67.92
2022-05-06,135841.30977130975,136690.31795738044,134426.29612785863,136124.3125,37923,1589251348437.5,-0.002074668834194604,-0.01234703770572354,0.010272368871528936,-0.4003198035197659,124700.426171875,117939.804296875,1.0916106438351656,1.1541846564146523,30.190000534057617,13.54,14209.33686535332,474.71766246253605,0.044771916505928155,0.026681694270036527,-8097.0,15399.0,7944636.0,68.05
2022-05-10,131124.6024441093,134897.97229861605,129426.58600958127,132916.953125,48937,1551805427734.375,-0.023561987686806507,-0.01813188492189699,-0.005430102764909517,-0.414449460925255,125445.667578125,118243.24635416667,1.059557940031863,1.1240976311398123,32.9900016784668,13.54,14209.33686535332,474.71766246253605,0.0011028644225428152,0.0315834235624719,224.0,11664.0,7968395.0,68.25
2022-05-11,132539.58556149734,141501.33689839573,128954.88502673797,141124.0,78071,1647622700000.0,0.061745674137457796,-0.0016522009757876654,0.06339787511324546,-0.3782942481485331,126799.36328125,118653.6,1.1129708884024672,1.189378156246418,32.560001373291016,13.54,14209.33686535332,474.71766246253605,0.06824014121986488,0.1027396888542641,20929.0,11032.0,7981674.0,68.37
2022-05-12,139520.34456493394,141407.0294136822,135652.640625,135652.640625,63218,1583744579296.875,-0.03876987170856838,-0.01627528810207779,-0.022494583606490592,-0.4023977003882935,127832.323828125,119030.937109375,1.0611763641830505,1.1396418773075077,31.770000457763672,13.54,14209.33686535332,474.71766246253605,0.03547318874184535,0.042006155929297684,-1245.0,-8601.0,7972947.0,68.29
2022-05-13,136312.98039973498,136501.64888471732,132445.27645759718,133482.953125,49374,1558413477734.375,-0.015994436156962943,0.021238514262343244,-0.03723295041930619,-0.4119560122166872,128553.98125,119425.56901041667,1.0383416509319505,1.1177083285519636,28.8700008392334,13.54,14209.33686535332,474.71766246253605,0.003670341087448681,0.0085126071940681,-2984.0,-2357.0,7968231.0,68.25
2022-05-16,134426.2700965539,134897.94121969971,128671.8823941751,130369.8984375,42877,1522068564257.8125,-0.02332173970248308,-0.002941323433362064,-0.020380416269121016,-0.42567022103337976,129181.303125,119769.888671875,1.0092009856205728,1.088503127815916,27.469999313354492,13.54,14209.33686535332,474.71766246253605,-0.0801079502949178,-0.02214017794658185,-2925.0,-1160.0,7966864.0,68.24
2022-05-17,129143.5600358423,132067.9211469534,128105.8835125448,131596.25,45418,1536386218750.0,0.009406707968618422,0.009188957229649297,0.00021775073896912467,-0.42026766852495956,130086.911328125,120049.74661458333,1.0116025406127747,1.0961809892234626,26.100000381469727,13.54,14209.33686535332,474.71766246253605,-0.05739561594945808,-0.01649232444270321,4592.0,-5930.0,7960901.0,68.19
2022-05-18,133577.28399280575,135463.96879496402,129143.57470773382,131124.59375,44430,1530879632031.25,-0.0035841161887212314,0.0021141637230299715,-0.005698279911751203,-0.42234549655932435,131058.554296875,120342.18294270833,1.0005038927331322,1.089597932691855,30.959999084472656,13.54,14209.33686535332,474.71766246253605,-0.025860945441903094,-0.08558847946769987,-10003.0,8365.0,7969265.0,68.26
2022-05-19,127256.8624794558,131313.23392987583,126030.51762235208,129143.546875,29852,1507750909765.625,-0.01510812593080002,-0.012810414713108398,-0.0022977112176916226,-0.4310727735417998,131600.975,120607.89075520834,0.9813266723517815,1.070771954192583,29.350000381469727,13.54,14209.33686535332,474.71766246253605,-0.007778240390473701,-0.0653916070789009,3588.0,-2391.0,7962014.0,68.2
2022-05-20,128671.89188564026,129898.23689628053,126502.20455912287,127445.546875,38270,1487926759765.625,-0.013148159866195441,0.01811103079846199,-0.03125919066465743,-0.43855311966750343,132185.846875,120845.29856770833,0.9641391259952165,1.0546173362598266,29.43000030517578,13.54,14209.33686535332,474.71766246253605,-0.03925518179410026,-0.05941784732425215,4683.0,-9813.0,7951629.0,68.11
2022-05-23,128011.54664051061,128860.5546875,125841.85940931551,128860.5546875,23577,1504446975976.5625,0.01110284232910752,0.0030651590504520154,0.008037683278655505,-0.43231946347900246,132492.432421875,121106.28984375,0.972588036403388,1.064028588884644,28.479999542236328,13.54,14209.33686535332,474.71766246253605,-0.02551921860369355,-0.030999747776475628,-1939.0,3467.0,7954662.0,68.13
2022-05-24,129237.89974558371,129709.5709125384,122823.171875,122823.171875,57423,1433960531640.625,-0.04685206289186994,-0.015679565254118843,-0.031172497637751095,-0.45891646767857475,132237.7296875,121266.65807291666,0.9288058118152197,1.0128354638184836,29.450000762939453,13.54,14209.33686535332,474.71766246253605,-0.05439400502375302,-0.06238999615319585,-10992.0,7083.0,7961745.0,68.19
2022-05-25,124521.18970913107,128766.2302673969,121596.82843565906,128105.890625,53378,1495636273046.875,0.04301076636724832,0.004355494712021457,0.038655271655226864,-0.43564405028473246,132336.78125,121618.83932291667,0.9680293673078889,1.0533391975963462,28.3700008392334,13.54,14209.33686535332,474.71766246253605,0.015520457296131274,-0.01803644458621778,5612.0,9034.0,7970782.0,68.27
2022-05-26,126030.53594339621,129615.23681603772,123577.8458726415,124992.859375,29986,1459291633203.125,-0.024300453592041804,-0.001822552014979717,-0.022477901577062087,-0.4493581558501811,131950.0109375,121846.81380208333,0.947274338872201,1.0258196786173401,27.5,13.54,14209.33686535332,474.71766246253605,-0.014995127559586319,-0.038216634945588246,-2572.0,-5708.0,7965249.0,68.22
2022-05-27,126313.54451857485,128388.89775188976,125936.20756706306,127917.2265625,20867,1493433620117.1875,0.02339627401215294,0.009799268171536202,0.013597005840616738,-0.4364751883818947,131751.908984375,122123.527734375,0.9708946727873994,1.0474412992779458,25.719999313354492,13.54,14209.33686535332,474.71766246253605,0.029774375918781515,0.006639561559685925,1103.0,1503.0,7968866.0,68.26
2022-05-30,133577.26933551198,133765.9377950254,127917.21555010893,129898.234375,52297,1516561886328.125,0.015486638240488126,0.011982283389692316,0.00350435485079581,-0.42774808348482585,131558.523046875,122419.108203125,0.987379847132493,1.0610944343710231,25.719999313354492,13.54,14209.33686535332,474.71766246253605,-0.005376540885649539,0.0021062331318262295,-5004.0,-4308.0,7966545.0,68.24
2022-05-31,130464.243178934,131313.25126903554,127822.88467639593,130086.90625,32675,1518764630468.75,0.0014524591185383073,0.006083168182101195,-0.004630709063562888,-0.42691691097058243,131374.570703125,122703.68307291667,0.9901985258925426,1.0601711618769898,26.190000534057617,13.54,14209.33686535332,474.71766246253605,0.01247065162784966,0.028648021706014437,-2423.0,4415.0,7971082.0,68.27
2022-06-02,128294.55919623461,130747.24929851557,128200.2249615315,130275.578125,13201,1520967374609.375,0.0014503525407654205,-0.010018955690006548,0.011469308230771968,-0.4260857384563389,131270.803515625,122991.40247395834,0.992418532042378,1.0592250800017016,24.719999313354492,13.54,14209.33686535332,474.71766246253605,0.01034295401800489,0.0014620582815595418,-295.0,4150.0,7976132.0,68.32
2022-06-03,131124.59239130435,133011.27717391305,129709.57880434782,130181.25,27755,1519866093750.0,-0.000724066063322204,0.0043850906367448594,-0.0051091567000670635,-0.42650129029637923,130926.483984375,123379.74518229166,0.9943079966581556,1.055126591545956,24.790000915527344,13.54,14209.33686535332,474.71766246253605,0.0017294424671420172,0.018830803158554565,2035.0,5908.0,7982650.0,68.37
2022-06-07,128671.89551003028,128671.89551003028,124615.5234375,124615.5234375,23927,1454886236132.8125,-0.042753672763934936,-0.01659139762731121,-0.026162275136623725,-0.4510204664615867,130336.89453125,123703.62604166666,0.9561032114941312,1.0073716302829003,24.020000457763672,13.54,14209.33686535332,474.71766246253605,-0.01980212360591882,-0.020928477818685898,-10083.0,2143.0,7984787.0,68.39
2022-06-08,124992.84867006357,127162.53585452505,124992.84867006357,126124.859375,12139,1472507733203.125,0.012111941561253392,-7.241466851604095e-05,0.012184356229769433,-0.4443712584330453,129836.921875,124052.6625,0.9714098081932828,1.0167041708999998,23.959999084472656,13.54,14209.33686535332,474.71766246253605,-0.019087075606921355,-0.012248476439712275,3780.0,-376.0,7984206.0,68.39
2022-06-09,125558.86153417533,126973.875,124426.8507615156,126973.875,21843,1482419990625.0,0.006731548635274809,-0.00027034288365124226,0.007001891518926051,-0.44063101653603076,129539.76796875,124335.66497395834,0.9801922374187902,1.021218449481846,26.09000015258789,13.54,14209.33686535332,474.71766246253605,-0.006976027387928241,-0.0006158758572233358,-1657.0,4220.0,7988453.0,68.42
2022-06-10,124615.51805647137,125747.52881852863,124143.84690561416,125181.5234375,12209,1461494286132.8125,-0.014115908193713111,-0.011262807330839841,-0.00285310086287327,-0.44852701775301884,128742.644140625,124602.94518229166,0.9723392297331163,1.0046433754383726,27.75,13.54,14209.33686535332,474.71766246253605,0.016333146885822214,-0.014938284950868574,586.0,-585.0,7987865.0,68.42
2022-06-13,122445.83423284504,123389.1765612953,119049.80185042406,122351.5,27363,1428453762500.0,-0.022607357378207293,-0.03519440622894465,0.012587048850737359,-0.4609943645471021,128077.587109375,124815.19713541666,0.9552920441537904,0.9802612406825453,34.02000045776367,13.54,14209.33686535332,474.71766246253605,0.01673583950679014,0.002757920599935848,2238.0,-1643.0,7986128.0,68.4
2022-06-14,119332.80679321289,121408.15995483399,116502.77975463867,120747.8203125,34628,1409730802148.4375,-0.013107151833038455,-0.004607703310229527,-0.008499448522808928,-0.46805919324984663,127440.83046875,124964.55963541666,0.9474814301536492,0.9662565183663354,32.689998626708984,13.54,14209.33686535332,474.71766246253605,0.001234499465055161,0.020420747213750645,7397.0,-8641.0,7977584.0,68.33
2022-06-15,120653.48149573074,120747.81572676727,114710.42494042891,118766.796875,30941,1386602353515.625,-0.016406287354695404,-0.018287459707252984,0.0018811723525575808,-0.47678636698107807,126860.675390625,125033.73815104166,0.9361986802395414,0.9498779979810638,29.6200008392334,13.54,14209.33686535332,474.71766246253605,0.005968772680486012,0.010117563336538793,1978.0,192.0,7980084.0,68.35
2022-06-16,120559.14404296875,121502.486328125,117540.44873046875,117729.1171875,21243,1374487443164.0625,-0.008737119420608286,0.0016466709255793521,-0.010383790346187638,-0.48135774697525474,126167.31875,125041.59921875,0.9331189594413093,0.941519605659734,32.95000076293945,13.54,14209.33686535332,474.71766246253605,-0.017002066516438985,-0.007268118528574896,4010.0,-2853.0,7977230.0,68.33
2022-06-17,114804.76263094996,116880.1157762917,113861.42029215826,115936.7734375,22380,1353561829882.8125,-0.015224302983139149,-0.004275082848030243,-0.010949220135108906,-0.48925371377516136,125407.927734375,125019.587890625,0.9244772282902582,0.9273488690342571,31.1299991607666,13.54,14209.33686535332,474.71766246253605,-0.019451838128738963,-0.015364237800810532,-1345.0,529.0,8326661.0,71.32
2022-06-20,116502.77668734555,116880.11361588756,111597.39661629942,114521.7578125,25298,1337041522460.9375,-0.012205063010165773,-0.020442988427042064,0.00823792541687629,-0.4954874043807437,124676.83828125,124989.71536458333,0.9185487809223887,0.9162494488322557,31.1299991607666,13.54,14209.33686535332,474.71766246253605,-0.013095085064420253,-0.0197133612346716,13372.0,-10534.0,8322541.0,71.29
2022-06-21,114899.09947786784,115370.77065799045,112823.74628532835,113484.0859375,16846,1324926703320.3125,-0.009060914666529363,0.007486272495295099,-0.01654718716182446,-0.500058749957839,123978.765234375,124926.82591145833,0.9153509935589745,0.9084044608475976,30.190000534057617,13.54,14209.33686535332,474.71766246253605,-0.019258481880057077,-0.027761099873687134,5204.0,-4089.0,8320265.0,71.27
2022-06-22,114616.09874755221,115087.76993581375,107635.36516128154,108390.0390625,31295,1265453706054.6875,-0.04488776406769035,-0.02744781912433769,-0.01743994494335266,-0.5224999948374377,122955.239453125,124724.007421875,0.8815406284806774,0.8690390992319076,28.950000762939453,13.54,14209.33686535332,474.71766246253605,-0.02574920668830083,-0.04708221716959737,-3334.0,-1253.0,8318518.0,71.25
2022-06-23,108390.03565687664,111786.06810565606,104899.6689734089,108201.3671875,40329,1263250961914.0625,-0.0017406754036799477,-0.012160606076395242,0.010419930672715294,-0.5233311673516813,122224.14921875,124518.04440104167,0.8852699558893815,0.8689613437793023,29.049999237060547,13.54,14209.33686535332,474.71766246253605,-0.023567201432461826,-0.02627849615069444,8625.0,-1296.0,8317793.0,71.24
2022-06-24,109144.70335010593,111786.06177171611,108956.03489141949,111314.390625,19807,1299595510546.875,0.028770647898612056,0.022589800784960756,0.0061808471136513,-0.5096170962033141,121384.57421875,124384.40416666666,0.9170390170368578,0.8949224090493393,27.229999542236328,13.54,14209.33686535332,474.71766246253605,-0.0008391671569860648,-0.009148428901934236,10323.0,-7454.0,8311189.0,71.19
2022-06-27,111314.39912974683,112918.08115110759,106597.68730221518,111786.0703125,47085,1305102370898.4375,0.00423736486227555,0.014924289174892191,-0.010686924312616641,-0.5075391649177053,120724.234765625,124205.16927083333,0.9259621361818724,0.9000114163424786,26.950000762939453,13.54,14209.33686535332,474.71766246253605,0.005913853473749953,-0.028073278631427168,6914.0,-15155.0,8297744.0,71.07
2022-06-28,110748.39092006438,111786.0674959764,108956.0404707618,109899.3828125,16499,1283075294335.9375,-0.016877661901216534,0.008397518098721468,-0.025275179999938002,-0.5158507523918151,119823.342578125,123989.77278645833,0.9171784098815757,0.8863584499164658,28.360000610351562,13.54,14209.33686535332,474.71766246253605,-0.029781257198903344,-0.03680127146954071,-1776.0,-2160.0,8299793.0,71.09
2022-06-29,108578.69604914576,110559.71483023356,106314.67458504542,109050.3671875,26421,1273163036914.0625,-0.007725390291304146,-0.018207455567706088,0.010482065276401942,-0.5195909942888295,118780.94921875,123749.2203125,0.9180796070813518,0.8812206405189347,28.15999984741211,13.54,14209.33686535332,474.71766246253605,-0.025480039036152702,-0.008879261249786108,-2583.0,1322.0,8301360.0,71.1
2022-06-30,108012.70034722223,109616.38236111111,106126.015625,106126.015625,16417,1239021232421.875,-0.026816521923964776,-0.01907076894456583,-0.0077457529793989455,-0.5324738929229532,117582.9046875,123461.50091145834,0.9025633097519663,0.8595879269369109,28.709999084472656,13.54,14941.565740556745,352.2079587375222,-0.022538867702935006,-0.027044944901900347,-2386.0,-74.0,8300865.0,71.1
2022-07-01,107069.35616059265,109333.37778865805,103767.65795299728,103861.9921875,19317,1212588758789.0625,-0.02133335001947123,-0.011669169677553826,-0.009664180341917405,-0.5424477910084686,116262.225390625,123180.07044270834,0.8933425438790464,0.8431720473467883,26.700000762939453,13.54,14941.565740556745,352.2079587375222,-0.006927868044914409,-0.04288997235746905,-2387.0,612.0,8301729.0,71.11
2022-07-04,103861.98684593024,104522.32645348838,98956.60690406978,101409.296875,23356,1183953541015.625,-0.023614945764492967,-0.0022034311129937034,-0.021411514651499264,-0.5532528616082276,114823.627734375,122862.47838541666,0.8831744726755474,0.8253886638757315,26.700000762939453,13.54,14941.565740556745,352.2079587375222,-0.038821447972815615,-0.053614562696351675,-5692.0,5519.0,8307247.0,71.15
2022-07-05,101220.63858695653,108484.375,101220.63858695653,106314.6875,27090,1241223976562.5,0.04837219837000273,0.018014702097484125,0.030357496272518603,-0.5316427204087097,113908.5859375,122675.38229166667,0.9333333973466524,0.8666342465290361,27.540000915527344,13.54,14941.565740556745,352.2079587375222,-0.0007181987208980667,0.0020181135761049296,-259.0,5353.0,8311407.0,71.19
2022-07-06,108295.6968250444,109616.37605461813,105748.67259658083,106220.34375,30065,1240122513281.25,-0.0008874009059189891,-0.02125307198310744,0.020365671077188452,-0.5320583410829127,112913.36015625,122483.56940104166,0.9407243182118735,0.8672211650054725,26.729999542236328,13.54,14941.565740556745,352.2079587375222,0.02931165269820779,0.01190171937689144,1965.0,-7308.0,8304074.0,71.13
2022-07-07,106503.35498131499,110276.72451121101,105748.68107533579,108861.7109375,23653,1270960475195.3125,0.024866867252065328,0.018437969112511166,0.006428898139554162,-0.5204220979689103,112007.751953125,122331.0625,0.9719122921336586,0.8898942648969471,26.079999923706055,13.54,14941.565740556745,352.2079587375222,0.05715206548926122,0.026076370495844547,9261.0,-9118.0,8294559.0,71.05
2022-07-08,109050.36593007916,109993.7081959103,106126.00490600264,107258.015625,16803,1252237332421.875,-0.014731490977766493,0.0070000847176652226,-0.021731575695431715,-0.5274869955058175,111111.5765625,122217.861328125,0.9653180968471599,0.8775968950809777,24.639999389648438,13.54,14941.565740556745,352.2079587375222,0.005062993521310899,0.014008975142330238,-103.0,-3608.0,8290676.0,71.01
2022-07-11,111220.05445075757,113672.74437079125,107069.34843223906,112069.0625,40085,1308406304687.5,0.04485489356637529,-0.004398895358263322,0.04925378892463861,-0.5062924749805027,110597.4546875,122169.121875,1.0133059826436162,0.9173272327738093,26.170000076293945,13.54,14941.565740556745,352.2079587375222,0.033951111368761056,0.08467427871846811,12123.0,-2374.0,8288349.0,70.99
2022-07-12,110371.05489345343,111220.06300801845,107163.69090509666,107352.359375,38984,1253338795703.125,-0.04208746838584465,-0.009618552379752177,-0.032468916006092474,-0.5270713748316144,109927.681640625,121974.164453125,0.976572577287273,0.880123752897326,27.290000915527344,13.54,14941.565740556745,352.2079587375222,-0.004946702776885581,0.021847866439857033,9559.0,-17227.0,8271345.0,70.85
2022-07-13,107352.3522938539,109899.37646954287,107352.3522938539,107824.0234375,18623,1258845473632.8125,0.004393606859187882,0.00468128607385343,-0.00028767921466554824,-0.5249935123801683,109380.54296875,121807.50716145833,0.9857696854577263,0.8852001485801451,26.81999969482422,13.54,14941.565740556745,352.2079587375222,0.016497193703880586,0.001194516148003033,4924.0,-5286.0,8265748.0,70.8
2022-07-14,106692.00960454253,111503.0551304768,106031.67002255155,109805.0390625,23190,1281973831054.6875,0.018372673935213468,-0.0027011989007743598,0.021073872835987828,-0.5162663730660181,108984.3390625,121746.18971354167,1.0075304397591414,0.9019176642888113,26.399999618530273,13.54,14941.565740556745,352.2079587375222,-0.011682722384770194,0.0158394908444367,-15.0,2061.0,8267824.0,70.82
2022-07-15,109805.04857832618,111503.06479345493,108673.03776824035,109899.3828125,17056,1283075294335.9375,0.000859193264767244,0.0037289916352887253,-0.0028697983705214813,-0.5158507523918151,108682.46953125,121716.3171875,1.011196960158327,0.9029141314159514,24.229999542236328,13.54,14941.565740556745,352.2079587375222,0.0179163952508008,0.03470126816934693,592.0,-2330.0,8265343.0,70.8
2022-07-18,111031.3919131973,115842.43778199343,110465.38651686834,114993.4296875,35011,1342548291601.5625,0.04635191522131632,0.018992020481594762,0.027359894739721557,-0.4934095075122163,108706.053125,121661.28880208333,1.05783832989751,0.9451932559630327,25.299999237060547,13.54,14941.565740556745,352.2079587375222,0.045563969205187904,0.012807373984429882,5745.0,2901.0,8270045.0,70.84
2022-07-19,113295.41335049122,114993.42953725962,111880.39986151757,112823.7421875,23422,1317217190039.0625,-0.0188679258101635,-0.0018019279220607975,-0.017065997888102702,-0.5029678193406101,108673.0359375,121612.54934895833,1.0381944445942153,0.9277310836052002,24.5,13.54,14941.565740556745,352.2079587375222,0.007424098481097374,0.028210292102419654,-3747.0,-294.0,8269743.0,70.83
2022-07-20,115087.76351686509,119710.14090401786,115087.76351686509,118861.1328125,65038,1387703725585.9375,0.05351170336972655,0.006697734323651394,0.046813969046075155,-0.47637078072395644,109196.590625,121548.0875,1.0885058968616494,0.9778938958007053,23.8799991607666,13.54,14941.565740556745,352.2079587375222,0.05710786589769401,0.07531194036316036,927.0,15001.0,8284527.0,70.96
2022-07-21,118766.796875,121313.8211129865,117257.44917841541,118766.796875,21424,1386602353515.625,-0.0007936651390393346,0.009346969244123038,-0.010140634383162372,-0.4767863669810782,109724.862109375,121395.58033854167,1.0824055240699404,0.9783453116150469,23.110000610351562,13.54,14941.565740556745,352.2079587375222,0.01960733677481008,0.044097433144010156,-326.0,-3109.0,8284183.0,70.96
2022-07-22,117729.1273923445,119332.80941611841,117068.7877354964,118295.1328125,19482,1381095675585.9375,-0.003971346158273659,-0.0066496289643236395,0.002678282806049981,-0.4788642294325243,110073.89921875,121265.08489583334,1.0746883107812137,0.9755085968406774,23.030000686645508,13.54,14941.565740556745,352.2079587375222,0.03935161746896276,0.04964551432058162,-7209.0,7490.0,8293724.0,71.04
2022-07-25,117068.78267386091,118578.13039568346,115465.10071942446,118012.125,19185,1377791559375.0,-0.002392387630593129,0.004408454708746401,-0.00680084233933953,-0.48011098820388953,110385.201953125,121019.81588541667,1.0690937092284687,0.9751471206313486,23.360000610351562,13.54,14941.565740556745,352.2079587375222,-0.014263193916451922,0.015484777241520531,-1925.0,2877.0,8293356.0,71.04
2022-07-26,116597.11586769416,118389.46635433348,116219.77892313851,117823.4609375,16472,1375588906445.3125,-0.001598683715762217,0.003856578742359229,-0.005455262458121446,-0.48094212630105165,110781.405859375,120785.55247395833,1.0635671214270754,0.9754764417118763,24.690000534057617,13.54,14941.565740556745,352.2079587375222,-0.009577821991410995,0.027095512671501787,-315.0,2256.0,8298920.0,71.08
2022-07-27,117823.45724273488,119332.8049736266,116785.78067774682,118483.796875,9278,1383298328515.625,0.005604452052637265,0.0010651102384544586,0.004539341814182807,-0.478033091335362,111253.07734375,120530.84986979167,1.0649934339246052,0.983016356418269,23.239999771118164,13.54,14941.565740556745,352.2079587375222,-0.007716762983278169,-0.01517911456039056,-104.0,2569.0,8308017.0,71.16
2022-07-28,123955.19159283512,123955.19159283512,119993.15350539291,122445.84375,41799,1429555225781.25,0.033439567092705014,0.008172115434276428,0.025267451658428586,-0.460578743872899,112069.06875,120342.18138020833,1.0925926762463616,1.0174806734069857,22.329999923706055,13.54,14941.565740556745,352.2079587375222,0.024351531014489947,0.020228971481200397,-3791.0,13059.0,8321088.0,71.27
2022-07-29,122634.50500488281,124049.51852416992,120747.8203125,120747.8203125,31888,1409730802148.4375,-0.01386754654544986,0.006664550681683368,-0.020532097227133228,-0.46805919324984663,112913.36015625,120148.79635416667,1.0693847047453786,1.0049856842224834,21.329999923706055,13.54,14941.565740556745,352.2079587375222,0.009274696245478165,-0.0029814085519828115,-2141.0,3176.0,8324251.0,71.3
2022-08-01,120276.1474609375,120276.1474609375,115465.1015625,115465.1015625,34133,1348055060742.1875,-0.04375001334457318,0.00030593514175003556,-0.044055948486323215,-0.49133161064368885,113616.150390625,119788.75403645834,1.0162736650160924,0.9639060234933038,22.84000015258789,13.54,14941.565740556745,352.2079587375222,-0.03932059405502786,-0.0402365146989665,-10268.0,-6950.0,8317293.0,71.24
2022-08-02,115465.10625,115465.10625,111408.73405330881,112257.7421875,23225,1310609140039.0625,-0.027777738308781497,-0.005150324319502464,-0.022627413989279033,-0.5054612680491778,113913.303125,119386.26119791667,0.9854664829121554,0.940290290198475,23.93000030517578,13.54,14941.565740556745,352.2079587375222,-0.08721545970273548,-0.057408666230124084,-9764.0,2547.0,8316445.0,71.23
2022-08-03,112257.74149525317,112823.74691455696,110748.39371044304,111786.0703125,19767,1305102370898.4375,-0.004201686812943195,0.008948046390739428,-0.013149733203682623,-0.5075391649177052,114191.589453125,118980.623828125,0.9789343580193142,0.939531721349705,21.950000762939453,13.54,14941.565740556745,352.2079587375222,-0.07983309567928487,-0.07509774124798951,-9262.0,1454.0,8317899.0,71.25
2022-08-04,113295.41668218085,113295.41668218085,110371.05538563829,110842.7265625,27671,1294088832617.1875,-0.008438830950608267,0.004737108810377588,-0.013175939760985855,-0.5116949586547601,114290.640234375,118612.72005208333,0.9698320556713622,0.9344927467629821,21.440000534057617,13.54,14941.565740556745,352.2079587375222,-0.04895308695394751,-0.11354113266740395,-13134.0,-1182.0,8316717.0,71.24
2022-08-05,110276.71736640239,114899.094741042,110182.38313426689,114521.7578125,21968,1337041522460.9375,0.033191453910379254,0.0071529129872389685,0.026038540923140285,-0.49548740438074373,114653.82734375,118169.34934895833,0.9988481018531197,0.9691325072317453,21.149999618530273,13.54,14941.565740556745,352.2079587375222,-0.00028713204152819305,-0.06697049451713044,7108.0,-866.0,8315861.0,71.23
2022-08-08,111691.734375,112823.74519636824,111314.39743454392,111691.734375,15868,1304000998828.125,-0.024711666076008387,0.0009234176903147873,-0.025635083766323175,-0.507954751174827,114634.9609375,117770.00091145834,0.9743252273265511,0.9483886686811858,21.290000915527344,13.54,14941.565740556745,352.2079587375222,-0.012772482604168744,-0.0485496297971304,-3796.0,-2585.0,8313295.0,71.21
2022-08-09,111220.06021308062,111220.06021308062,106975.0197469325,107635.359375,37512,1256642820703.125,-0.036317593443225604,0.00415541409307596,-0.040473007536301564,-0.5258246504773304,114649.1109375,117339.20768229167,0.9388241957992725,0.9173008877512974,21.770000457763672,13.54,14941.565740556745,352.2079587375222,-0.04006955037948445,-0.06639522334415293,-15148.0,-3215.0,8310058.0,71.18
2022-08-10,106314.68714879587,106314.68714879587,102352.64911840596,102824.3203125,52153,1200473939648.4375,-0.0446975704864645,-0.009019548336033356,-0.03567802215043114,-0.547019136585564,114399.12578125,116880.11471354167,0.8988208573299508,0.8797417812645835,19.739999771118164,13.54,14941.565740556745,352.2079587375222,-0.10178611345305588,-0.08892351229090145,-20042.0,-6923.0,8303236.0,71.12
2022-08-11,106314.67984375,111314.3941576087,105937.34291440218,108484.3671875,77589,1266554986914.0625,0.05504579906580642,0.017292310998846316,0.037753488066960106,-0.5220844429973973,114333.0921875,116494.91666666667,0.9488448629517654,0.931236918241783,20.200000762939453,13.54,14941.565740556745,352.2079587375222,-0.0383975416197726,-0.03799408446295549,-17042.0,23056.0,8325918.0,71.31
2022-08-12,106786.3570224108,108956.04448841384,106126.01735884465,108390.0390625,24578,1265453706054.6875,-0.0008695089204601159,0.001648286324911652,-0.002517795245371768,-0.5224999948374379,114257.625,116116.007421875,0.9486460011968567,0.9334633653798924,19.530000686645508,13.54,14941.565740556745,352.2079587375222,-0.0004423293288428054,-0.06655042063146754,506.0,-4763.0,8322154.0,71.28
2022-08-16,108578.71292747642,111031.40322818396,107918.37323113208,109993.7265625,27534,1284176757617.1875,0.014795524698310025,0.002207361825967924,0.012588162872342101,-0.5154351317176121,114007.63984375,115796.84375,0.9647925938406307,0.9498853595696558,19.690000534057617,13.54,14941.565740556745,352.2079587375222,0.04782385569393044,-0.028327173992802268,-1325.0,-3779.0,8318352.0,71.25
2022-08-17,109899.38153252334,111220.06079557513,108201.36533717105,111125.7265625,25797,1297392857617.1875,0.010291496027792002,-0.006729786501264545,0.017021282529056547,-0.5104482343004763,113922.7390625,115524.84674479166,0.9754481631760494,0.9619205711476956,19.899999618530273,13.54,14941.565740556745,352.2079587375222,0.02709165015602688,0.029167116072555843,-1207.0,8596.0,8327302.0,71.33
2022-08-18,110654.05483774039,113201.07911789298,109427.70981396321,112823.7421875,21266,1317217190039.0625,0.015280130690934035,-0.003345925829843055,0.01862605652077709,-0.5029678193406101,113620.86953125,115257.56653645834,0.9929843228005683,0.9788836045901727,19.559999465942383,13.54,14941.565740556745,352.2079587375222,0.04823550192217574,0.08347119474376408,333.0,5090.0,8332549.0,71.37
2022-08-19,113672.76201356133,113672.76201356133,109993.7265625,109993.7265625,18803,1284176757617.1875,-0.025083511414617288,-0.006124322530585813,-0.018959188884031475,-0.515435131717612,113182.216015625,115043.74244791667,0.9718287062634926,0.9561035152546177,20.600000381469727,13.54,14941.565740556745,352.2079587375222,0.016688150165802162,0.026758517792772496,-1702.0,0.0,8332491.0,71.37
2022-08-22,108107.03082210688,109333.37584888471,106409.01463118375,106786.3515625,26790,1246730654492.1875,-0.02915961755489327,-0.012111390552335788,-0.01704822700255748,-0.5295648579572636,112606.776953125,114688.416796875,0.948311944022269,0.9310997094992568,23.799999237060547,13.54,14941.565740556745,352.2079587375222,-0.017381359365811866,0.012228086035586783,-3890.0,-1326.0,8330820.0,71.36
2022-08-23,106220.35152708522,106220.35152708522,103295.99016177471,104050.6640625,57525,1214791502929.6875,-0.025618325375587503,-0.011029405932741154,-0.014588919442846349,-0.5416166184942252,111908.70390625,114339.38020833333,0.9297816919554983,0.9100159881303654,24.110000610351562,13.54,14941.565740556745,352.2079587375222,-0.050596335329435305,-0.014948996279601667,3573.0,-21889.0,8308797.0,71.17
2022-08-24,104050.65823344748,105371.33748573059,102258.3078196347,103295.984375,35031,1205980617578.125,-0.0072530021244908705,0.004972555308174309,-0.01222555743266518,-0.5449412741341179,111182.330078125,113929.026171875,0.9290683537790271,0.9066695981335448,22.81999969482422,13.54,14941.565740556745,352.2079587375222,-0.04386270387806901,-0.044195836241323394,1351.0,-7630.0,8301063.0,71.1
2022-08-25,103767.65184082893,107258.01831183862,102352.6384066358,106975.015625,44416,1248933307421.875,0.0356164014725282,0.012180048290457046,0.023436353182071157,-0.5287337198601014,110606.891015625,113546.97252604166,0.9671641128570195,0.9421212494279898,21.780000686645508,13.54,14941.565740556745,352.2079587375222,-0.0033781236934403713,-0.03938553958002933,2299.0,3880.0,8302203.0,71.11
2022-08-26,108012.6951384247,110276.71669591132,105748.67358093806,105843.0078125,28022,1235717116210.9375,-0.010581983147057827,0.0015218505592420328,-0.01210383370629986,-0.5337206516943185,109776.74921875,113142.90755208333,0.9641659874768991,0.9354807128655153,25.559999465942383,13.54,14941.565740556745,352.2079587375222,-0.0008930379568938829,-0.03253018440229771,-9261.0,5668.0,8307545.0,71.16
2022-08-29,100465.96467391304,102446.98369565218,100182.96195652174,101975.3125,24682,1190561773437.5,-0.03654181218424546,-0.021821637013435646,-0.014720175170809813,-0.5507593440654971,108838.123828125,112671.23645833334,0.9369447847248579,0.9050696140865662,26.209999084472656,13.54,14941.565740556745,352.2079587375222,-0.003387655695038516,-0.030202132570550044,-4784.0,643.0,8307308.0,71.15
2022-08-30,101975.30458221024,105088.33423180593,101126.29649595688,104994.0,22630,1225804950000.0,0.02960214022388996,0.009905698291471365,0.019696441932418596,-0.5374608591742516,108314.56875,112251.44895833333,0.96934328605726,0.9353465008631895,26.209999084472656,13.54,14941.565740556745,352.2079587375222,-0.007127566944691077,0.0040832288047149,6440.0,-7347.0,8298821.0,71.08
2022-08-31,103390.31183214604,106597.67552036954,102446.96957090382,105937.3359375,20965,1236818397070.3125,0.008984665195153951,0.008617185222166812,0.0003674799729871392,-0.5333050998542781,107998.5484375,111940.14583333333,0.9809144425566716,0.9463748251251087,25.8700008392334,13.54,14941.565740556745,352.2079587375222,0.005343746734595922,0.01667626621036722,2916.0,-2007.0,8295875.0,71.06
2022-09-01,103390.32472577697,104711.00405621572,102258.31387111517,103201.65625,23074,1204879336718.75,-0.025823565065993148,-0.022831229259701047,-0.0029923358062921013,-0.5453568259741582,107569.327734375,111558.09244791667,0.95939668327053,0.9250934108449546,25.559999465942383,13.54,14941.565740556745,352.2079587375222,0.017071586099113634,-0.00975242277799604,-9519.0,4698.0,8302033.0,71.11
2022-09-02,103390.31860730593,104710.99785958904,101409.29972888128,103295.984375,19733,1205980617578.125,0.0009140175499848802,-0.0025667202225434504,0.0034807377725283306,-0.5449412741341179,107191.990625,111163.4609375,0.9636539425447394,0.9292260559706451,25.469999313354492,13.54,14941.565740556745,352.2079587375222,0.0008558819392233685,0.0058321487008321515,5047.0,-2815.0,8302226.0,71.11
2022-09-05,103201.65726042644,103390.32573805061,100182.96161843956,100654.6328125,23530,1175142838085.9375,-0.025570709050130924,-0.0023781675504661592,-0.023192541499664765,-0.5565774484139576,106498.634375,110754.67942708333,0.9451260422558823,0.9088070439386462,25.469999313354492,13.54,14941.565740556745,352.2079587375222,-0.022704139533428536,-0.0026402176280228007,836.0,-5222.0,8296807.0,71.06
2022-09-06,101597.97486349907,101692.30910199814,99711.29009351766,101503.640625,21566,1185055004296.875,0.008434860758784302,0.0026376589524952365,0.005797201806289065,-0.5528372409340244,105989.2296875,110407.21510416667,0.9576788219357253,0.9193569508046522,26.90999984741211,13.54,14941.565740556745,352.2079587375222,-0.01391460192084737,-0.01653945775415233,5172.0,-3732.0,8293085.0,71.03
2022-09-07,100277.28762316001,100465.95608529201,99050.94261930199,99333.9453125,17851,1159723811523.4375,-0.02137554179476009,-0.01392521984123496,-0.00745032195352513,-0.5623955871794994,105574.158984375,110050.3171875,0.9408926035319064,0.9026229805704076,24.639999389648438,13.54,14941.565740556745,352.2079587375222,-0.02484566164690083,-0.0243572596806646,-3719.0,1985.0,8293255.0,71.03
2022-09-08,99994.28473907767,100654.62435527913,97164.2578125,97164.2578125,58756,1134392709960.9375,-0.021842357042945015,0.0032906375398347176,-0.025132994582779733,-0.5719538990078931,105291.155859375,109690.27486979167,0.9228149982727026,0.8858055823803821,23.610000610351562,13.54,14941.565740556745,352.2079587375222,-0.026786114730015798,-0.04649791845715223,-19377.0,9254.0,8302209.0,71.11
2022-09-13,98484.94003378379,102635.64631873253,98296.27156628612,101220.6328125,40194,1181750888085.9375,0.04174760443112402,0.02737095012487689,0.014376654306247127,-0.5540839997053897,104927.969140625,109415.13346354167,0.9646677967896585,0.9251063322627836,27.270000457763672,13.54,14941.565740556745,352.2079587375222,-0.018206662230057735,-0.035602001923433435,11933.0,-7.0,8302199.0,71.11
2022-09-14,96409.59340143065,98013.27548345053,95749.25372059894,97258.6015625,28259,1135494173242.1875,-0.03914252598419554,-0.01556215313063003,-0.023580372853565512,-0.5715382783336901,104371.397265625,109103.83059895833,0.9318511020311154,0.8914315934515737,26.15999984741211,13.54,14941.565740556745,352.2079587375222,-0.03433671313009812,-0.03598983327733418,-11804.0,-605.0,8300564.0,71.1
2022-09-15,97258.59204338593,97730.26319781554,96598.25242718447,97164.2578125,11605,1134392709960.9375,-0.0009700298840855659,-0.003976845203527812,0.0030068153194422464,-0.5719538990078931,103729.923828125,108814.53893229166,0.9367042240722748,0.8929345174449447,26.270000457763672,13.54,14941.565740556745,352.2079587375222,-0.006196903227876138,-0.038780219764181,-1065.0,1242.0,8296718.0,71.06
2022-09-16,95843.57739861523,97069.92238501484,95088.90356083086,95371.90625,24601,1113467005468.75,-0.018446614041541243,-0.007931472339207435,-0.010515141702333808,-0.579849900224881,102942.2328125,108512.66927083333,0.9264604394555083,0.8789011171770578,26.299999237060547,13.54,14941.565740556745,352.2079587375222,-0.031088699236457074,-0.04184503951298968,-4698.0,1298.0,8296635.0,71.06
2022-09-19,95371.90380130596,97164.25412002487,94617.229982898,94805.8984375,24244,1106858864257.8125,-0.005934743623728256,-0.011381712476204897,0.005446968852476641,-0.5823433833505303,102041.340625,108286.26692708333,0.9290930308913706,0.8755117442670676,25.760000228881836,13.54,14941.565740556745,352.2079587375222,-0.00206135753041492,-0.011265076077733305,4329.0,292.0,8297926.0,71.07
2022-09-20,95654.90771484375,97352.923828125,95088.90234375,96598.25,22392,1127784568750.0,0.01890548575605333,0.005174849512109558,0.013730636243943772,-0.5744473821335422,101371.566796875,108092.881640625,0.9529126662662755,0.8936596798405185,27.15999984741211,13.54,14941.565740556745,352.2079587375222,0.008662463394086606,-0.01191109414003666,5077.0,-3055.0,8294871.0,71.05
2022-09-21,94900.22500941265,95466.23032756025,93390.87749435242,93956.8828125,24276,1096946606835.9375,-0.02734384098573217,-0.008716825756486912,-0.01862701522924526,-0.5860836252475446,100730.093359375,107803.58984375,0.9327588179362627,0.8715561601304803,27.989999771118164,13.54,14941.565740556745,352.2079587375222,0.0005505898671751552,-0.006957736515716406,-418.0,-9588.0,8285284.0,70.97
2022-09-22,93956.8828125,93956.8828125,92258.86685805723,93956.8828125,13595,1096946606835.9375,0.0,-0.006347920548956276,0.006347920548956276,-0.5860836252475446,100225.404296875,107506.43671875,0.9374557625548989,0.8739651845991576,27.350000381469727,13.54,14941.565740556745,352.2079587375222,0.0014515415636547901,-0.0036166312862023764,723.0,-47.0,8284637.0,70.96
2022-09-23,93768.22741080662,93768.22741080662,89806.1896328852,91221.203125,36761,1065007546484.375,-0.029116330870185503,-0.018140837852090974,-0.010975493018094529,-0.5981353513674249,99621.665234375,107195.13372395834,0.9156763532348947,0.850982688821553,29.920000076293945,13.54,14941.565740556745,352.2079587375222,-0.02325458769838351,-0.004076982601963097,5699.0,-5014.0,8278915.0,70.91
2022-09-26,89617.5173422198,90560.85963003265,86693.15625,86693.15625,32133,1012142599218.75,-0.049638096406108945,-0.030157230826965087,-0.019480865579143858,-0.6180831475384558,98607.572265625,106822.51354166666,0.8791734169914412,0.8115625945853155,32.2599983215332,13.54,14941.565740556745,352.2079587375222,-0.02410843804828211,-0.029004817033583596,6771.0,969.0,8285567.0,70.97
2022-09-27,85466.81127584331,88862.84351196954,84806.47167437432,86693.15625,43778,1012142599218.75,0.0,0.0013148334005719242,-0.0013148334005719242,-0.6180831475384558,97650.0796875,106498.63255208333,0.8877940143770044,0.8140306985406838,32.599998474121094,13.54,14941.565740556745,352.2079587375222,-0.03177119199781031,-0.04405028667809929,7921.0,3453.0,8288965.0,71.0
2022-09-28,86598.8161099138,86598.8161099138,82070.7734375,82070.7734375,38445,958176279882.8125,-0.05331888943079055,-0.02453844474175948,-0.02878044468903107,-0.6384465299666083,96654.852734375,106135.44557291667,0.8491117736534689,0.773264511158208,30.18000030517578,13.54,14941.565740556745,352.2079587375222,-0.04957614366874685,-0.054203716137885105,5448.0,-8807.0,8281134.0,70.93
2022-09-29,83957.4701388889,86693.16298611111,83957.4701388889,84900.8125,36490,991216985937.5,0.03448290961526257,0.0007559581930471904,0.03372695142221538,-0.6259791143383623,95650.193359375,105860.30416666667,0.8876177822350276,0.8020080158312412,31.84000015258789,13.54,14941.565740556745,352.2079587375222,0.003631673332612384,-0.026824685264626003,-6704.0,4953.0,8286073.0,70.97
2022-09-30,82165.11424122311,84900.80690826727,82165.11424122311,83297.125,26278,972493934375.0,-0.018888953506775885,-0.007112132538787952,-0.011776820967987933,-0.6330439774581882,94518.1828125,105476.678125,0.881281490200042,0.7897207845442847,31.6200008392334,13.54,19451.819763940042,222.73680869817395,-0.006830314234803625,-0.027626013214519407,-4397.0,-607.0,8286523.0,70.98
2022-10-04,84900.81158980582,87636.50440769957,84806.47735470603,87447.8359375,31694,1020953484570.3125,0.04983018246428084,0.02500122608886035,0.024828956375420486,-0.6147584918985631,93730.491796875,105163.80299479167,0.9329710562813407,0.8315393077010627,29.06999969482422,13.54,19451.819763940042,222.73680869817395,0.04677908682964793,0.016683808740044936,2215.0,-137.0,8289246.0,71.0
2022-10-05,89051.51345532831,89051.51345532831,85183.81001076427,87636.5,26427,1023156137500.0,0.0021574468993703633,0.0026433154099287925,-0.0004858685105584293,-0.6139273538014007,92947.517578125,104810.04947916667,0.9428600384764344,0.836145965348673,28.549999237060547,13.54,19451.819763940042,222.73680869817395,0.012566266896874123,0.01751277363005843,-2534.0,1832.0,8291067.0,71.02
2022-10-06,88013.84045794026,90277.86207743711,87542.16928721174,89994.859375,39502,1050689983203.125,0.026910697882731593,0.010220265715446653,0.01669043216728494,-0.6035378694587636,92414.52890625,104522.33020833334,0.9738172172721388,0.861010840416806,30.520000457763672,13.54,19451.819763940042,222.73680869817395,0.041033520032147,0.06298365048637444,2551.0,-6196.0,8284857.0,70.96
2022-10-07,88579.84685032895,91126.8712006579,88296.84414473684,89617.5234375,20315,1046284586132.8125,-0.004192861015846261,-0.0022432231195332886,-0.0019496378963129724,-0.6052001800701693,91820.223046875,104148.137890625,0.9760107355843548,0.8604812841840258,31.360000610351562,13.54,19451.819763940042,222.73680869817395,0.01425492576041354,0.02730706116784609,-4033.0,4797.0,8291611.0,71.02
2022-10-11,85844.14771211313,89994.85375533618,85089.47388607258,88391.171875,33042,1031966931640.625,-0.013684283111832118,-0.018259265297303817,0.004574982185471699,-0.6106027325785894,91273.084375,103832.11809895834,0.9684253849890783,0.8512893071367168,33.630001068115234,13.54,19451.819763940042,222.73680869817395,0.019315776456443667,0.043658864321305724,4037.0,-220.0,8289728.0,71.0
2022-10-12,89994.85570044225,91409.86915485171,88674.17647632674,90655.1953125,31801,1058399405273.4375,0.025613682786123748,0.0047443293414126675,0.02086935344471108,-0.600628834493074,90947.63125,103545.97096354167,0.9967845678498636,0.8755067383975714,33.56999969482422,13.54,19451.819763940042,222.73680869817395,0.023494697733869807,0.03969926139059632,8169.0,-6694.0,8282750.0,70.94
2022-10-13,90749.53152872507,90749.53152872507,88674.17841684155,89900.5234375,19893,1049588611132.8125,-0.008324640109136028,-0.01797974730297136,0.009655107193835333,-0.6039534557158853,90381.62578125,103214.22903645833,0.9946769894921518,0.8710090098696031,31.940000534057617,13.54,19451.819763940042,222.73680869817395,0.03509944282401811,0.04984023709499008,-4278.0,4549.0,8287580.0,70.99
2022-10-14,92447.54704636092,95088.90553339981,90843.8651078016,94617.234375,57293,1104656211328.125,0.05246588959828613,0.02296944751598251,0.02949644208230362,-0.5831745214476923,90249.557421875,102959.5265625,1.0483955498275535,0.9189750335299381,32.02000045776367,13.54,19451.819763940042,222.73680869817395,0.06002090272085003,0.06264624701000876,26372.0,-6946.0,8280739.0,70.93
2022-10-17,95654.90796668362,96220.91333926754,92730.546875,92730.546875,36641,1082629134765.625,-0.01994020975631583,0.0032360452651307714,-0.0231762550214466,-0.591486108921802,90027.871875,102588.478515625,1.0300204252717708,0.9039080042587476,31.3700008392334,13.54,19451.819763940042,222.73680869817395,0.01597529425469235,0.04141962988487513,-2132.0,-6386.0,8274363.0,70.87
2022-10-18,93862.56759612975,94334.23879008016,92070.21705911824,94145.5703125,25866,1099149533398.4375,0.015259517873947637,0.013623397095358758,0.0016361207785888787,-0.5852523838991383,89966.555078125,102277.17565104166,1.0464507641839351,0.9204944281382408,30.5,13.54,19451.819763940042,222.73680869817395,0.007956307839445897,0.03848076847799231,-2546.0,-1201.0,8269562.0,70.83
2022-10-19,92824.8796641791,96409.58030161691,92164.54007307213,94805.8984375,40538,1106858864257.8125,0.007013905410611976,-0.005560128019340693,0.012574033429952669,-0.58234338335053,89966.555078125,101876.255078125,1.053790470860784,0.9305985812375709,30.760000228881836,13.54,19451.819763940042,222.73680869817395,-0.008966100812905053,0.0301854484632339,4605.0,-2600.0,8267728.0,70.82
2022-10-20,93673.88986672794,96503.91675091912,93579.5556372549,96220.9140625,47692,1123379171679.6875,0.01492539650297009,-0.008648211358675995,0.023573607861646084,-0.5761096927449476,89947.68828125,101500.49036458334,1.069743046220763,0.9479847212252922,29.979999542236328,13.54,19451.819763940042,222.73680869817395,0.03778376207018763,0.04410394913104465,-7318.0,14395.0,8282859.0,70.95
2022-10-21,94239.89574756737,95654.90919723055,93296.55344779191,94522.8984375,20618,1103554839257.8125,-0.017647053569840976,-0.0022406532224538145,-0.015406400347387161,-0.583590107704814,89975.9890625,101104.28645833333,1.0505346973384375,0.934904955552546,29.690000534057617,13.54,19451.819763940042,222.73680869817395,0.020741240944211592,-0.0007988932986461306,-3743.0,3780.0,8283266.0,70.95
2022-10-24,96881.255834843,98390.60354015701,96032.24775060387,97635.9296875,31965,1139899479101.5625,0.03293414930624872,0.010410548773626793,0.022523600532621924,-0.5698760021393654,90159.94140625,100764.683203125,1.0829191785691616,0.9689498997449538,29.850000381469727,13.54,19451.819763940042,222.73680869817395,0.030690808046880846,0.044900962255422394,11314.0,-3069.0,8280197.0,70.92
2022-10-25,97164.2613299763,100088.6225933057,96692.59015847158,99522.6171875,28713,1161926555664.0625,0.01932370087567814,-0.00048737290392253385,0.019811073779600674,-0.5615644146652556,90575.012109375,100459.669140625,1.0987866837635107,0.9906723567662431,28.459999084472656,13.54,19451.819763940042,222.73680869817395,0.026928273964835436,0.06307591525643419,6522.0,1970.0,8282166.0,70.94
2022-10-26,98956.61516231079,100182.96025011825,98579.27821221617,99711.2890625,27047,1164129299804.6875,0.0018957688245331283,0.006483013861400488,-0.00458724503686736,-0.5607332421510121,91225.91875,100146.79401041666,1.0930149066051473,0.9956513341019048,27.280000686645508,13.54,19451.819763940042,222.73680869817395,0.03774742927535524,0.04591463678961416,-791.0,7535.0,8289697.0,71.0
2022-10-27,99711.29110313393,99899.95958204241,98107.60903241181,98956.6171875,22910,1155318505664.0625,-0.007568570039516387,0.017434507050966275,-0.02500307709048266,-0.5640578633738236,91839.091796875,99755.30690104167,1.077499954010512,0.9919935115398525,27.389999389648438,13.54,19451.819763940042,222.73680869817395,-0.009779248347749347,-0.0026620481625145853,-5304.0,5960.0,8295657.0,71.05
2022-10-28,97069.92963313866,97635.93505374006,94145.5682933648,94900.2421875,21107,1107960327539.0625,-0.040991447720106544,-0.008904362451723213,-0.03208708526838333,-0.581927762676327,92480.565234375,99324.51393229167,1.026164167000848,0.9554563967178572,25.75,13.54,19451.819763940042,222.73680869817395,-0.06167740739573335,-0.019342733083510755,-5848.0,2435.0,8298102.0,71.08
2022-10-31,96692.58447506158,96975.58716133006,94522.89721366994,95749.2421875,9919,1117872402539.0625,0.008946236389182127,0.011113651103616062,-0.002167414714433935,-0.578187589613475,93022.98671875,98995.91627604167,1.0293073310685312,0.9672039594089054,25.8799991607666,13.54,19451.819763940042,222.73680869817395,-0.05925757707329993,-0.04403374833056661,627.0,-1359.0,8296643.0,71.06
2022-11-01,95843.57966549296,95937.91389744719,93013.5527068662,93768.2265625,20817,1094744045117.1875,-0.020689621972367123,0.018141646283561963,-0.038831268255929086,-0.5869147289276254,93546.541796875,98687.75768229166,1.0023697804468963,0.9501505431339392,25.809999465942383,13.54,19451.819763940042,222.73680869817395,-0.07308576823874635,-0.10267609036609637,-9453.0,1557.0,8298200.0,71.08
2022-11-02,93579.55419222904,94145.55956032721,91504.20117586912,92258.875,26075,1077122365625.0,-0.016096620548688323,0.0007066342807431347,-0.016803254829431458,-0.5935640057903294,93787.09375,98362.30442708333,0.9837054472113866,0.9379495075615288,25.860000610351562,13.54,19451.819763940042,222.73680869817395,-0.05780193779979448,-0.11489210015866047,-18634.0,13755.0,8309245.0,71.17
2022-11-03,88957.18291005629,93107.88921763051,88862.84867579324,92164.546875,19411,1076021084765.625,-0.0010224287365308005,-0.003295089126205908,0.0022726603896751074,-0.5939795576303698,94013.49609375,98051.00143229167,0.9803331511370853,0.9399653805539506,25.299999237060547,13.54,19451.819763940042,222.73680869817395,-0.053361862695685436,-0.0876163626785027,-3317.0,3172.0,8312410.0,71.2
2022-11-04,90843.86619376938,91692.87428903826,88485.51037357807,91221.203125,28640,1065007546484.375,-0.010235429804471674,0.008269044514416679,-0.018504474318888353,-0.5981353513674246,94074.81328125,97662.65885416667,0.9696665870840613,0.9340438218174535,24.549999237060547,13.54,19451.819763940042,222.73680869817395,-0.0330350687586447,-0.07403375172900772,-9189.0,3237.0,8317373.0,71.24
2022-11-07,90655.201171875,93579.5625,90372.19846270162,93579.5625,19467,1092541392187.5,0.025853193053903878,0.009947117053458632,0.015906076000445246,-0.5877458670247875,94272.915234375,97360.78932291667,0.9926452604902348,0.9611627345134245,24.350000381469727,13.54,19451.819763940042,222.73680869817395,-0.00032573792876799956,-0.05596026101412854,5799.0,2867.0,8320241.0,71.27
2022-11-08,94334.23379174853,96220.9184675835,93956.89685658153,96032.25,20951,1121176518750.0,0.026209649142140412,0.011489212599430143,0.014720436542710269,-0.5769408308421099,94654.969140625,97167.40416666666,1.014550539415726,0.9883175415006499,25.540000915527344,13.54,19451.819763940042,222.73680869817395,0.012122038224267162,-0.002408556215489188,10633.0,-5295.0,8318184.0,71.25
2022-11-09,97069.91965606509,97069.91965606509,94522.89552514793,95654.90625,16408,1116771030468.75,-0.003929344048483663,0.010575010268185858,-0.014504354316669521,-0.5786031758705968,94904.9546875,97047.91393229166,1.0079021328756694,0.9856461862409167,26.09000015258789,13.54,19451.819763940042,222.73680869817395,0.016122158226485994,-0.00010965570272725156,-5149.0,3296.0,8319387.0,71.26
2022-11-10,93673.8801534262,94900.22500941265,93390.87749435242,93956.8828125,13379,1096946606835.9375,-0.017751556130974677,-0.009148589737173252,-0.008602966393801426,-0.5860836252475444,95107.77265625,96805.78919270834,0.9878990979222099,0.9705709089924662,23.530000686645508,13.54,19451.819763940042,222.73680869817395,-0.008386884167760678,-0.010985282486203785,-4396.0,2208.0,8321594.0,71.28
2022-11-11,98956.61484228424,100560.296875,98107.60670731707,100560.296875,51208,1174041466015.625,0.07028132335634996,0.03368950196218634,0.036591821394163615,-0.556993034671079,95404.92578125,96675.29348958333,1.0540367392095722,1.0401861038656715,22.520000457763672,13.54,19451.819763940042,222.73680869817395,0.013484500683692668,0.044111013226848184,25591.0,3203.0,8324783.0,71.3
2022-11-14,100560.290048258,101786.63504884651,99239.61081685498,100182.953125,24000,1169635977734.375,-0.0037524128480751484,-0.0034270888975475033,-0.00032532395052764507,-0.558655379699566,95777.54609375,96511.78059895833,1.0459962403603225,1.038038594907877,23.729999542236328,13.54,19451.819763940042,222.73680869817395,0.027663531049834544,0.027879613275875292,-8244.0,8666.0,8332358.0,71.37
2022-11-15,100937.63553612385,103107.32302895642,99239.61923738531,102824.3203125,30649,1200473939648.4375,0.026365435486856992,0.0022953452025153975,0.024070090284341594,-0.5470191365855636,96211.48359375,96373.423828125,1.068732301714341,1.0669364667989767,24.540000915527344,13.54,19451.819763940042,222.73680869817395,0.060336587727977564,0.03722926701750662,9490.0,-4122.0,8320298.0,71.27
2022-11-16,102824.32065217392,107918.36956521739,101975.3125,106314.6875,46404,1241223976562.5,0.03394495754401494,-0.0011611869639955863,0.03510614450801053,-0.5316427204087093,96786.923046875,96264.93958333334,1.0984406173188355,1.1043967612732664,24.110000610351562,13.54,19451.819763940042,222.73680869817395,0.05885091084182448,0.08683976584218667,4970.0,-999.0,8318402.0,71.25
2022-11-17,105748.68103423962,105748.68103423962,102729.98541149595,104522.3359375,21241,1220298272070.3125,-0.016858927064992812,-0.013945811019020704,-0.0029131160459721084,-0.5395387216256973,97201.994140625,96173.74973958333,1.0753106133428132,1.0868073275766281,23.93000030517578,13.54,19451.819763940042,222.73680869817395,0.056263118746380014,0.09252961619001598,-8239.0,4910.0,8324052.0,71.3
2022-11-18,105182.67560497519,106409.0207017148,103390.32507897112,104522.3359375,18894,1220298272070.3125,0.0,0.0006468042851384137,-0.0006468042851384137,-0.5395387216256973,97701.966015625,96136.01614583333,1.069807908684092,1.087233901797481,23.1200008392334,13.54,19451.819763940042,222.73680869817395,0.031546224176900006,0.055290990510713955,-1107.0,52.0,8330514.0,71.35
2022-11-21,102635.64559925093,103578.9879301264,99428.28167427435,100748.9609375,25365,1176244118945.3125,-0.036101135380827265,-0.010218934361638676,-0.02588220101918859,-0.5561618965739167,97857.617578125,96080.98776041667,1.0295464311408018,1.0485837342630489,22.360000610351562,13.54,19451.819763940042,222.73680869817395,-0.02944212135029911,0.029734113442053012,-11805.0,7464.0,8338274.0,71.42
2022-11-22,100654.6240152311,101786.63478203781,99428.27901785714,101031.9609375,16541,1179548143945.3125,0.0028089619720799153,-0.005881372378073957,0.008690334350153872,-0.5549151722196328,97933.084765625,96043.25403645834,1.031642791394668,1.0519422936164566,21.290000915527344,13.54,19451.819763940042,222.73680869817395,-0.01783867095417313,0.01435435750786529,-642.0,3094.0,8341368.0,71.45
2022-11-23,101880.97726759929,104711.00441392149,101880.97726759929,104522.3359375,21297,1220298272070.3125,0.03454723601929488,0.005296698553976853,0.029250537465318027,-0.5395387216256973,98173.637109375,96002.37604166666,1.0646680617633828,1.0887473857119487,20.350000381469727,13.54,19451.819763940042,222.73680869817395,0.01205867079628331,0.008498750465172789,5919.0,-655.0,8340320.0,71.44
2022-11-24,104711.00100305154,105182.67217874096,103295.98747598327,104333.6640625,18750,1218095527929.6875,-0.001805086666957223,0.009644322507017078,-0.011449409173974301,-0.5403698941399407,98442.489453125,95977.2203125,1.0598438199003508,1.0870669490405285,20.350000381469727,13.54,19451.819763940042,222.73680869817395,0.0264914626414976,-3.7542662829403994e-05,-508.0,-878.0,8339451.0,71.43
2022-11-25,103295.98194300964,104710.99539428375,100937.62619088613,102729.9765625,14081,1199372476367.1875,-0.015370757985067263,-0.0014213443459435426,-0.01394941363912372,-0.5474347572597666,98833.976171875,95989.798046875,1.0394196463759564,1.0702176549255114,20.5,13.54,19451.819763940042,222.73680869817395,0.0038517146522200063,-0.01334015201681471,-5012.0,1641.0,8342092.0,71.45
2022-11-28,101880.9688096374,101880.9688096374,98579.27074636212,98862.2734375,25342,1154217042382.8125,-0.03764921646455277,-0.012137730052901863,-0.025511486411650908,-0.5644734840480266,98989.627734375,95887.60260416666,0.998713458169408,1.0310224758211244,22.209999084472656,13.54,19451.819763940042,222.73680869817395,-0.05091030922474893,-0.01296943740927703,-9087.0,8106.0,8350148.0,71.52
2022-11-29,98767.9440079599,100371.62600235849,97258.59624852595,99994.2890625,20393,1167433324804.6875,0.011450430843223947,0.010430671329689334,0.0010197595135346127,-0.5594865177967282,99300.930859375,95788.55182291666,1.0069823937915234,1.0439064706538046,21.889999389648438,13.54,19451.819763940042,222.73680869817395,-0.038441140537240015,-0.02064001224589629,8246.0,-7024.0,8342582.0,71.46
2022-11-30,100371.61987511782,100371.61987511782,96786.91916529217,100088.6171875,17307,1168534605664.0625,0.0009433351232792653,0.01608461382950921,-0.015141278706229944,-0.5590709659566878,99692.41796875,95736.66783854166,1.0039742161622982,1.0454574976047613,20.579999923706055,13.54,19451.819763940042,222.73680869817395,-0.03963300560434624,-0.06503182841744426,981.0,-2646.0,8338562.0,71.42
2022-12-01,102635.64559925093,104710.99872717696,99333.9474411868,100748.9609375,39052,1176244118945.3125,0.00659759090050116,0.0029565095295642774,0.0036410813709368828,-0.5561618965739169,100121.638671875,95694.21744791667,1.0062656012620899,1.0528218279472787,19.84000015258789,13.54,19451.819763940042,222.73680869817395,-0.010480437821758448,-0.049941337872533076,6591.0,-10023.0,8327847.0,71.33
2022-12-02,98673.609375,101314.96794335564,98107.60396749522,98673.609375,25622,1152014389453.125,-0.020599235398441995,-0.01835199373857055,-0.002247241659871446,-0.5653046221451887,100494.258984375,95661.200390625,0.9818830485664054,1.031490394978048,19.059999465942383,13.54,19451.819763940042,222.73680869817395,-0.013747438995164507,-0.0382391658932808,-12859.0,10277.0,8338129.0,71.42
2022-12-05,98673.61114193925,101314.96975759347,98390.60843311917,100937.6328125,19474,1178446863085.9375,0.022944568986990044,-0.006165971451655428,0.02911054043864547,-0.5553307240596733,100862.1625,95651.76692708333,1.0007482519770483,1.0552615602955475,20.75,13.54,19451.819763940042,222.73680869817395,0.030504380149710908,0.016382860957015577,1801.0,4450.0,8342317.0,71.45
2022-12-06,99994.28547705314,100371.62240338164,97164.25852958937,97635.9296875,18484,1139899479101.5625,-0.032710328477121964,-0.010813019985296934,-0.02189730849182503,-0.5698760021393654,100942.346484375,95623.46666666666,0.967244502312151,1.0210457023886048,22.170000076293945,13.54,19451.819763940042,222.73680869817395,0.004965990286948996,-0.006534207048344065,-4465.0,-1099.0,8341218.0,71.45
2022-12-07,97447.26321354674,98956.61094967138,96220.91817794547,96881.2578125,17727,1131088684960.9375,-0.007729448343611334,-0.0043247647026238845,-0.0034046836409874492,-0.5732006233621768,101003.6640625,95618.75,0.9591855771940204,1.0132035590561475,22.68000030517578,13.54,19451.819763940042,222.73680869817395,0.0038085483058329928,0.005202388016898429,-210.0,-2655.0,8338558.0,71.42
2022-12-08,96315.24756003695,98767.93750769705,95749.2421875,95749.2421875,45320,1117872402539.0625,-0.011684567795257728,-0.00492275094544159,-0.006761816849816138,-0.5781875896134752,101093.28203125,95527.56015625,0.9471375373677349,1.002320608114427,22.290000915527344,13.54,19451.819763940042,222.73680869817395,-0.03206380898262862,-0.005200510203854591,-14866.0,14772.0,8353330.0,71.55
2022-12-09,96975.59189093484,100465.95852514164,96409.5864907932,99899.953125,23630,1166331952734.375,0.0433498045798828,0.007574590627787758,0.03577521395209504,-0.55990210405385,101060.26484375,95571.58268229167,0.9885186158917754,1.045289303799615,22.829999923706055,13.54,19451.819763940042,222.73680869817395,0.025608713461291455,0.0328219454081119,2598.0,5162.0,8358492.0,71.59
2022-12-12,99428.27935376213,99428.27935376213,96786.92088895632,97164.2578125,15526,1134392709960.9375,-0.027384350311725925,-0.006705630407741747,-0.020678719903984177,-0.571953899007893,100909.330078125,95571.58268229167,0.9628867592052635,1.0166647353272662,25.0,13.54,19451.819763940042,222.73680869817395,0.008334677198294727,-0.016967314934517752,-3275.0,1071.0,8362331.0,71.63
2022-12-13,97824.60460365855,98296.27579268294,95466.24865853658,96692.59375,20799,1128886032031.25,-0.004854295942960607,-0.0002613198297511943,-0.004592976113209413,-0.574031761459339,100602.74375,95593.594140625,0.9611327698008237,1.0114965821638455,22.549999237060547,13.54,19451.819763940042,222.73680869817395,0.010503517934901452,0.0003370174440978646,-542.0,-4776.0,8352352.0,71.54
2022-12-14,97447.25922965117,101409.296875,96881.25385174419,101409.296875,35055,1183953541015.625,0.04878039715425464,0.011317694638970588,0.03746270251528405,-0.5532528616082274,100357.47421875,95703.65078125,1.0104807605456205,1.0596178520586577,21.139999389648438,13.54,19451.819763940042,222.73680869817395,0.012191006498090462,0.041204403600369366,2885.0,7202.0,8359554.0,71.6
2022-12-15,99522.62401212596,99522.62401212596,97164.26799288127,97730.2734375,25802,1141000942382.8125,-0.036278956179282784,-0.015954998143951182,-0.020323958035331602,-0.5694603814651624,100017.87109375,95722.51783854167,0.9771281108942445,1.0209747470531947,22.829999923706055,13.54,19451.819763940042,222.73680869817395,0.012545768366743038,0.027642262414853902,-9536.0,-746.0,8358842.0,71.6
2022-12-16,95937.90142601657,96126.5698653991,93956.8828125,93956.8828125,35351,1096946606835.9375,-0.0386102534279017,-0.0004023563127285579,-0.03820789711517314,-0.5860836252475445,99489.5984375,95722.51783854167,0.9443890043593283,0.9815546533259831,22.6200008392334,13.54,19451.819763940042,222.73680869817395,-0.02106915263522069,-0.04634084865241428,-8580.0,-9802.0,8348974.0,71.51
2022-12-19,93956.89233324975,94334.22925025076,91598.53660199349,94051.2265625,25039,1098048070117.1875,0.0010041174970467637,-0.0033262843498290673,0.004330401846875831,-0.5856680045733414,99154.71171875,95724.090234375,0.9485300792288529,0.982524109993847,22.420000076293945,13.54,19451.819763940042,222.73680869817395,-0.05420145330362891,-0.02133172690155427,-8101.0,6919.0,8355892.0,71.57
2022-12-20,94145.57168464466,94334.24016497462,92636.22384200507,92919.2265625,25495,1084831970117.1875,-0.0120359940148973,-0.00802658117379984,-0.0040094128410974594,-0.5906549019904772,98749.075,95752.390625,0.9409630071218389,0.9704115579359719,21.479999542236328,13.54,19451.819763940042,222.73680869817395,-0.03788690810939477,-0.020748163629442318,1607.0,-1702.0,8354190.0,71.56
2022-12-21,91975.86419898344,94239.8854715738,91975.86419898344,93956.8828125,21361,1096946606835.9375,0.011167293232924758,-0.001860072180468797,0.013027365413393555,-0.5860836252475444,98220.80234375,95873.452734375,0.9565884269981092,0.980009378329317,20.06999969482422,13.54,19451.819763940042,222.73680869817395,0.013348354419171926,-0.045183500731332815,4428.0,-964.0,8353236.0,71.55
2022-12-22,94805.91136579949,95277.58256662436,92353.22112151014,92919.2265625,56288,1084831970117.1875,-0.01104396207003533,0.011928134944633184,-0.022972097014668513,-0.5906549019904772,97650.08046875,95977.22057291666,0.9515529953120317,0.9681383354074792,21.969999313354492,13.54,19451.819763940042,222.73680869817395,-0.013954144442372418,-0.04783163971066973,-4886.0,-8910.0,8344325.0,71.47
2022-12-23,91787.20952589564,91975.87799357477,89711.85638142524,90843.8671875,35410,1060602149414.0625,-0.022335090936255853,-0.018262609386392015,-0.004072481549863838,-0.5997976619788306,97055.775,96123.43880208333,0.9359965152769117,0.9450750859480394,20.8700008392334,13.54,19451.819763940042,222.73680869817395,-0.014017213151138797,-0.013696224145360425,6671.0,5828.0,8349411.0,71.52
2022-12-26,91221.20299205456,94522.90113551052,89900.52373467217,94239.8984375,20683,1100250814257.8125,0.03738316471039993,0.0014911035010067852,0.035892061209393145,-0.584836832059098,96824.65625,96279.090234375,0.9733047561168078,0.9788199930856124,20.8700008392334,13.54,19451.819763940042,222.73680869817395,0.008847482644860793,0.01786543521715689,11114.0,-2748.0,8346663.0,71.49
2022-12-27,95277.56188817772,95371.89610786898,92353.2010777485,93956.8828125,34571,1096946606835.9375,-0.0030031401740919783,0.006754079257149215,-0.009757219431241193,-0.5860836252475445,96522.7859375,96456.75286458334,0.9734166072800524,0.9740829959765188,21.649999618530273,13.54,19451.819763940042,222.73680869817395,0.022062360228288114,0.012117628627013155,13522.0,-2422.0,8344211.0,71.47
2022-12-28,94244.81521464647,95588.42765151516,92325.36887626263,95012.59375,34898,1109272032031.25,0.011236121355864714,-0.02243669040684837,0.033672811762713084,-0.5814328106296465,96268.984765625,96582.83216145834,0.9869491610544788,0.9837420546041417,22.139999389648438,13.54,19451.819763940042,222.73680869817395,0.059807653540865036,0.032763074976332685,-15938.0,-77.0,8342394.0,71.46
2022-12-29,93668.98202959831,94148.8436178647,90405.92322938688,90789.8125,23172,1059971060937.5,-0.04444443713547186,-0.019316384823744426,-0.025128052311727433,-0.6000357937645883,95771.02734375,96635.38736979167,0.9479882905936575,0.9395089622042638,21.440000534057617,13.54,19451.819763940042,222.73680869817395,-0.0012124599802555425,0.030607119679273764,-3670.0,-7047.0,8335346.0,71.39
2023-01-02,91461.6134189152,92133.41960352423,86279.10856621696,87142.859375,36465,1017392883203.125,-0.04016918886136045,-0.004797880941375898,-0.03537130791998455,-0.6161020315026425,95194.48984375,96587.85403645833,0.9154191541761949,0.9022134329861683,21.440000534057617,13.54,19451.819763940042,222.73680869817395,-0.0268265484689989,-0.0006917066908469494,-14314.0,3471.0,8341427.0,71.45
2023-01-03,87142.86210425764,88774.39146083515,85895.2220080513,87910.640625,16541,1026356729296.875,0.008810604282515344,-0.0031406230392359014,0.011951227321751245,-0.6127196584173509,94543.140234375,96559.40598958333,0.9298468445946173,0.9104306279026163,22.899999618530273,13.54,19451.819763940042,222.73680869817395,-0.04854813290996074,-0.02463254057848885,2020.0,2504.0,8345229.0,71.48
2023-01-04,87430.77692037322,94436.75575153374,86087.16454179448,93860.921875,38083,1095826262890.625,0.06768556351877919,0.016811820531744237,0.05087374298703495,-0.5865063702575839,94354.38984375,96650.56848958334,0.9947700581862997,0.9711367800709418,22.010000228881836,13.54,19451.819763940042,222.73680869817395,0.027453662388801647,0.0359984218397873,20286.0,-7027.0,8338202.0,71.42
2023-01-05,95012.58752893518,95204.53215020576,92325.36283114711,93285.0859375,20133,1089103378320.3125,-0.0061349912828139175,0.0038430845796773028,-0.00997807586249122,-0.5890431500715528,94174.58125,96694.4,0.9905548259339884,0.9647413494214764,22.459999084472656,13.54,19451.819763940042,222.73680869817395,0.05284689444629498,-0.007652465785417006,17.0,-1164.0,8337038.0,71.41
2023-01-06,92325.36805555556,95972.31606606607,92229.39573948948,95876.34375,27264,1119356313281.25,0.027777835936562356,0.011180566291138616,0.01659726964542374,-0.5776276581172338,94180.936328125,96793.99700520834,1.018001598709618,0.9905195230737402,21.1299991607666,13.54,19451.819763940042,222.73680869817395,0.05749293676996747,0.03407285617173417,18413.0,-12929.0,8324114.0,71.3
2023-01-09,97219.95786422833,98755.51494796739,96260.23468689143,98563.5703125,26198,1150729683398.4375,0.02802804589114305,0.02629727528026704,0.001730770610876009,-0.5657893867357942,94114.1171875,96859.76927083333,1.0472772125794425,1.0175903892244735,21.969999313354492,13.54,19451.819763940042,222.73680869817395,0.008349964393808529,0.07117493470259473,10581.0,-4833.0,8319279.0,71.26
2023-01-10,97219.9560102104,98755.51306466584,96260.23285117574,96932.0390625,15007,1131681556054.6875,-0.01655308594064886,0.00047660708939534224,-0.017029693030044202,-0.5729769123334983,94102.50625,96929.794140625,1.030068623305131,1.000023160287246,20.579999923706055,13.54,19451.819763940042,222.73680869817395,0.0012983472262555473,0.04219401435079928,-6905.0,5145.0,8329307.0,71.34
2023-01-11,98659.53256831256,100578.97872722914,98371.61564447507,100099.1171875,30101,1168657193164.0625,0.03267318170164479,0.003495911002074026,0.029177270699570768,-0.5590247093993734,94272.832421875,97029.019921875,1.061802373132825,1.0316410210893292,21.09000015258789,13.54,19451.819763940042,222.73680869817395,0.013878348280402575,0.020497542063335095,2490.0,5687.0,8333463.0,71.38
2023-01-12,100099.12027259331,100099.12027259331,97123.9786345776,97699.8125,16330,1140645310937.5,-0.023969289189691434,0.002360668561202761,-0.026329957750894195,-0.5695945736652881,94087.358203125,97077.25182291666,1.0383946830463247,1.006413043894351,18.829999923706055,13.54,19451.819763940042,222.73680869817395,-0.01418238008136763,0.00414566017493212,-5244.0,164.0,8333617.0,71.38
2023-01-13,97219.9566915761,98083.70754076086,95780.37194293478,97123.984375,15666,1133922517578.125,-0.00589385087100347,0.008874884515533088,-0.014768735386536558,-0.5721313190621755,94057.04375,97092.30299479167,1.0326072402738047,1.0003263016658492,18.350000381469727,13.54,19451.819763940042,222.73680869817395,-0.011921422437859985,-0.027220344857028178,-2213.0,-4392.0,8329561.0,71.35
2023-01-16,97603.84866727941,98275.65490196079,96164.26387867647,97891.765625,8111,1142886363671.875,0.007905166318502355,0.005770955422484958,0.0021342108960173967,-0.5687489459768839,94253.787890625,97148.45078125,1.0385976820220384,1.007651329874768,18.350000381469727,13.54,19451.819763940042,222.73680869817395,-0.038964482241413356,-0.02681690457188679,242.0,447.0,8330008.0,71.35
2023-01-17,97219.95532614087,98851.48468501984,96260.23217385913,96740.09375,19060,1129440594531.25,-0.011764747194485947,-0.008529753372058302,-0.0032349938224276453,-0.5738225056048214,94388.23125,97133.52018229167,1.0249169040340504,0.9959496327163545,19.360000610351562,13.54,19451.819763940042,222.73680869817395,-0.015869518312946806,-0.013022205364270234,-1086.0,-302.0,8330674.0,71.35
2023-01-18,96740.09645669292,97699.81963582677,95684.40095964567,97507.875,11785,1138404440625.0,0.007936536137582495,-0.004652379273056284,0.012588915410638779,-0.5704401325195296,94617.663671875,97099.94114583333,1.0305462132118162,1.0042011750918982,20.34000015258789,13.54,19451.819763940042,222.73680869817395,0.01148813248422853,-0.029610560653202223,1490.0,979.0,8331307.0,71.36
2023-01-19,95876.34209070797,98083.70532202556,95780.36977630285,97603.84375,10119,1139524875781.25,0.00098421537747595,0.005075335758809363,-0.004091120381333413,-0.5700173530924089,94800.01171875,97064.81705729167,1.0295762835933853,1.0055532654266497,20.520000457763672,13.54,19451.819763940042,222.73680869817395,0.005262801206877721,-0.00737172328364144,-1475.0,1907.0,8330314.0,71.35
2023-01-20,97411.89271394466,99139.39425961066,96164.25270874142,97987.7265625,14749,1144006707617.1875,0.0039330706430298346,0.006267979080342823,-0.002334908437312988,-0.5683262009668443,95053.43671875,97048.66888020834,1.0308698974497066,1.0096761521113782,19.850000381469727,13.54,19451.819763940042,222.73680869817395,0.006162886591992378,0.005062103665582129,-390.0,-481.0,8328828.0,71.34
2023-01-25,99523.28960565476,101634.68051339286,99139.40034970238,100770.9296875,29,1176500604101.5625,0.028403589129346374,0.013906656671068163,0.014496932458278211,-0.5560651157412027,95549.78984375,97146.513671875,1.0546431326776122,1.037308760537377,19.079999923706055,13.54,19451.819763940042,222.73680869817395,0.00807090363963181,0.017424825227842944,6340.0,2309.0,8331137.0,71.36
2023-01-26,100962.87293857553,101250.78987661329,99523.28824838671,100387.0390625,76,1172018681054.6875,-0.0038095373952634626,0.016503470295774036,-0.0203130076910375,-0.5577563022838483,95857.146875,97223.81028645833,1.0472566974417368,1.032535535963069,18.729999542236328,13.54,19451.819763940042,222.73680869817395,-0.008150983670072276,0.00034681135923309014,3096.0,-6202.0,8324935.0,71.31
2023-01-27,100483.01648302023,100674.96111813583,98755.51476697977,99619.265625,40,1163054926171.875,-0.00764813311230339,0.006226122696826097,-0.013874255809129488,-0.5611386409520588,96140.266015625,97321.32760416667,1.0361867067104804,1.0236118647104744,18.510000228881836,13.54,19451.819763940042,222.73680869817395,-0.019690331041888776,-0.026116359860535177,-6892.0,477.0,8325432.0,71.31
2023-01-30,99331.34157151442,100770.92623197116,97315.923046875,99811.203125,101,1165295796484.375,0.0019267106497504738,-0.013506352027893964,0.015433062677644438,-0.5602930820978171,96380.196484375,97447.19973958333,1.0355986682511198,1.0242593259912465,19.940000534057617,13.54,19451.819763940042,222.73680869817395,-0.01875420082252255,-0.006592176801557326,-4395.0,6102.0,8331534.0,71.36
2023-01-31,99715.23081430288,101634.67702824519,98755.50770733172,99811.203125,86,1165295796484.375,0.0,-0.010361233919075397,0.010361233919075397,-0.5602930820978171,96831.266015625,97574.64401041667,1.0307745342180503,1.0229215195942152,19.399999618530273,13.54,19451.819763940042,222.73680869817395,0.011920040787590347,0.006103965554831059,-3331.0,7568.0,8339135.0,71.43
2023-02-01,100578.9825367647,104513.84731158089,100578.9825367647,104417.875,145,1219078690625.0,0.046153855787418596,0.010193465744124053,0.03596039004329454,-0.5399989124202296,97695.016796875,97794.58854166667,1.068814750470876,1.0677265128582385,17.8700008392334,13.54,19451.819763940042,222.73680869817395,0.06175468664001438,0.02756742313984739,1984.0,11639.0,8350774.0,71.53
2023-02-02,105569.55357142857,109216.50178571428,105569.55357142857,107489.0,70,1254934075000.0,0.029411870333503787,0.00778832296680787,0.021623547366695917,-0.5264694200790626,98673.934765625,98026.4125,1.0893352966547138,1.096530998724451,18.729999542236328,13.54,19451.819763940042,222.73680869817395,0.06794517132906586,0.0695039781975808,5786.0,9251.0,8360039.0,71.61
2023-02-03,107105.10307709649,108064.8262229486,105473.57372914789,106433.296875,23417,1242608741015.625,-0.009821499176659976,0.004666091538696682,-0.014487590715356657,-0.5311202002798794,99302.553515625,98199.76328125,1.071808257763009,1.083844739728839,18.329999923706055,13.54,19451.819763940042,222.73680869817395,0.0430963466946338,0.06889064329135364,-1961.0,3464.0,8363507.0,71.64
2023-02-06,104705.79371016289,104705.79371016289,101538.70737429179,101634.6796875,49,1186584885351.5625,-0.045085676460212554,-0.017017401467245397,-0.028068274992967157,-0.55225996322879,99720.033203125,98299.426171875,1.0192002190821072,1.0339295318956732,19.43000030517578,13.54,19451.819763940042,222.73680869817395,-0.020932318341627898,0.025389305620742042,-6790.0,-4571.0,8358936.0,71.6
2023-02-07,101634.68341862991,104897.7421875,101538.71110189844,104897.7421875,63,1224681140039.0625,0.0321057980409154,0.005545105121486982,0.02656069291942842,-0.5378849120333815,100171.103125,98481.773828125,1.0471856544956064,1.0651487895676255,18.65999984741211,13.54,19451.819763940042,222.73680869817395,-0.015995172788895395,0.041588764621095065,4262.0,832.0,8359069.0,71.6
2023-02-08,104897.7428652968,106913.16152968036,103362.18578767123,105089.6875,119,1226922101562.5,0.0018298326398380471,0.013023535470898517,-0.01119370283106047,-0.5370393187620586,100497.408984375,98557.263671875,1.0456954916752033,1.0662804910034158,19.6299991607666,13.54,19451.819763940042,222.73680869817395,-0.012701284904599208,-0.005565328253259949,2341.0,-1095.0,8353092.0,71.55
2023-02-09,103842.04636342375,105089.68647684752,101442.73845299345,102594.40625,47,1197789692968.75,-0.02374430174226183,-0.0008535347870719523,-0.02289076695518988,-0.5480319968721754,100780.52734375,98597.45455729167,1.0179983073522039,1.0405380819480063,20.709999084472656,13.54,19451.819763940042,222.73680869817395,-0.00752377686682193,-0.050079642575145744,-8337.0,12366.0,8365466.0,71.65
2023-02-10,102210.51411642956,104225.93270464086,101346.76329291044,102882.3203125,354,1201151089648.4375,0.0028063329476113452,-0.004751135985083477,0.007557468932694822,-0.5467636241737316,100919.6875,98598.42122395833,1.0194474721545288,1.0434479481046774,20.530000686645508,13.54,19451.819763940042,222.73680869817395,-0.026527000853555527,-0.028034582927094265,-12863.0,13615.0,8379081.0,71.77
2023-02-13,102978.28846550708,103746.06694428065,101346.7591981132,101730.6484375,28,1187705320507.8125,-0.011194069802293094,-0.00689550251709814,-0.004298567285194954,-0.5518371838016691,101121.229296875,98522.02057291666,1.0060266191863219,1.032567621389866,20.34000015258789,13.54,19451.819763940042,222.73680869817395,-0.01963186530769001,-0.004264875219322062,-948.0,3190.0,8382282.0,71.8
2023-02-14,102498.43241751859,103650.1001974907,102114.54315752788,103266.2109375,85,1205633012695.3125,0.015094394104284037,0.005275794701291359,0.009818599402992678,-0.5450724376310858,101428.340625,98501.08515625,1.018119889383727,1.0483763785311724,18.90999984741211,13.54,19451.819763940042,222.73680869817395,0.013077501050492546,-0.021006968735757803,2427.0,-3043.0,8379132.0,71.77
2023-02-15,103266.20970782281,104801.76672950046,101250.79111687087,101826.625,220,1188825846875.0,-0.013940532187932009,-0.015306367465896753,0.0013658352779647442,-0.5514143699574671,101625.08359375,98456.156640625,1.0019831856380623,1.0342331904309199,18.229999542236328,13.54,19451.819763940042,222.73680869817395,0.006885867395762468,-0.008447430626732588,-2927.0,-3008.0,8391356.0,71.87
2023-02-16,103554.12910207783,109408.4403858839,102210.51667628628,109120.5234375,393,1273982111132.8125,0.0716305626107121,0.01959721571678852,0.05203334689392358,-0.5192819288984397,102244.105078125,98595.68268229166,1.0672549126829436,1.1067474809127587,20.170000076293945,13.54,19451.819763940042,222.73680869817395,0.063217781574881,0.06647668322238087,19695.0,4625.0,8396986.0,71.92
2023-02-17,107968.85429308252,109312.4667020631,106913.15882888349,108736.6328125,100,1269500188085.9375,-0.003518042371010832,-0.00980416716060628,0.006286124789595449,-0.5209731154410855,102805.54296875,98724.09388020834,1.057692315730027,1.1014194057272468,20.020000457763672,13.54,19451.819763940042,222.73680869817395,0.059685306961483775,0.0652053390792815,1963.0,898.0,8397879.0,71.93
2023-02-20,108544.68707715851,112479.55194909795,106145.37922841495,111711.7734375,169,1304234954882.8125,0.027360978062748842,0.001595194337617789,0.025765783725131053,-0.5078664713612022,103510.939453125,98843.91783854166,1.079226737074382,1.1301835851951716,20.020000457763672,13.54,19451.819763940042,222.73680869817395,0.08408525540865008,0.0952696900896075,5197.0,4325.0,8402219.0,71.97
2023-02-21,111615.79300439097,111711.7653113595,103650.09152600366,105185.6484375,370,1228042445507.8125,-0.05841931247874432,0.0015640146170927682,-0.05998332709583709,-0.5366165737520192,103870.835546875,98858.117578125,1.0126581526344962,1.064006183957271,22.8700008392334,13.54,19451.819763940042,222.73680869817395,-0.02793141858111059,0.025467763590777737,-13568.0,-28687.0,8373384.0,71.72
2023-02-22,102690.38484630163,103170.24645773295,99331.35356628243,99907.1875,198,1166416414062.5,-0.05018233015539564,-0.016787597176302405,-0.03339473297909323,-0.5598702338365339,103827.6484375,98811.07109375,0.9622406844756775,1.0110930525711035,22.290000915527344,13.54,19451.819763940042,222.73680869817395,-0.06761227634979927,-0.009292804666280241,-23793.0,-16698.0,8358739.0,71.6
2023-02-23,100195.09539473684,104225.93256578948,99907.17845394737,103938.015625,39,1213476332421.875,0.04034572712799056,0.008855661979818574,0.031490065148171986,-0.5421128783899963,104005.197265625,98895.666796875,0.9993540549665665,1.0509865496784774,21.139999389648438,13.54,19451.819763940042,222.73680869817395,-0.06188799492675834,-0.029836086412031837,3937.0,22011.0,8381156.0,71.79
2023-02-24,103938.01297433036,104417.87453007518,101154.81595101033,102114.5390625,36,1192187243554.6875,-0.017543884704119828,-0.006346621039380107,-0.01119726366473972,-0.5501459972590235,104129.9609375,98931.004296875,0.980645129827623,1.0321793434550786,21.670000076293945,13.54,19451.819763940042,222.73680869817395,-0.013101931495660968,-0.047319474866367006,-617.0,-2879.0,8378267.0,71.76
2023-02-27,101058.85536743516,101058.85536743516,99139.4089217099,99907.1875,35879,1166416414062.5,-0.021616427814936112,-0.008652470452872096,-0.012963957362064016,-0.559870233836534,104134.76015625,98927.98046875,0.9594028674968214,1.0098981807433067,20.950000762939453,13.54,19451.819763940042,222.73680869817395,0.00732884412136825,-0.08604921595356207,-4729.0,-3122.0,8375163.0,71.74
2023-02-28,100099.12335061263,102018.5696277097,100003.15103675777,101826.625,36090,1188825846875.0,0.019212206328999004,0.004249577770545132,0.014962628558453872,-0.5514143699574672,104235.53125,98945.94153645834,0.9768897781676533,1.029113710161424,20.700000762939453,13.54,19451.819763940042,222.73680869817395,-0.009198592468349864,-0.011103260299271112,7943.0,-5540.0,8369725.0,71.69
2023-03-02,102402.46787944285,103842.05271373679,99139.4089217099,99907.1875,59593,1166416414062.5,-0.018850055179576053,0.006216714421907188,-0.02506676960148324,-0.559870233836534,104009.996875,98966.501171875,0.960553701583793,1.0095050983614275,19.59000015258789,13.54,19451.819763940042,222.73680869817395,-0.023068098405093385,-0.002775296921661119,-11777.0,-666.0,8369049.0,71.68
2023-03-03,100291.07498168945,101058.85354614258,97219.96072387695,98275.65625,50499,1147368286718.75,-0.01633046921674175,0.0017381512586789327,-0.018068620475420683,-0.5670577594342382,103549.3296875,98922.13489583334,0.9490709070409694,0.9934647726061099,18.489999771118164,13.54,19451.819763940042,222.73680869817395,-0.02817276151845005,-0.05233398254525379,-10364.0,-6988.0,8362051.0,71.62
2023-03-06,98371.62130092816,99619.26137596433,97411.89816628495,99523.2890625,46218,1161934399804.6875,0.012695237662175396,0.012561335804249119,0.0001339018579262774,-0.5615614547962611,103203.829296875,98953.59088541666,0.9643371737323079,1.0057572259074763,18.610000610351562,13.54,19451.819763940042,222.73680869817395,-0.043001488218977646,-0.04100281702258779,-11290.0,4420.0,8366465.0,71.66
2023-03-07,99331.34594963593,99523.29057949029,97987.73354065535,98851.484375,26962,1154091080078.125,-0.006750225940363674,0.0002964243098866337,-0.007046650250250308,-0.5645210140373507,103064.66953125,98986.42799479167,0.9591209560423368,0.9986367462436491,19.59000015258789,13.54,19451.819763940042,222.73680869817395,-0.024981368867744713,-0.03508550991077408,-6238.0,3175.0,8369641.0,71.69
2023-03-08,98755.5078125,99235.3693664966,97699.81239370749,98755.5078125,37356,1152970553710.9375,-0.0009709167556443132,-0.012763181967836656,0.011792265212192343,-0.5649438278815528,102757.5578125,99036.532421875,0.9610534729980399,0.9971624146918039,19.110000610351562,13.54,19451.819763940042,222.73680869817395,0.0048795168198683125,-0.03825587325703561,-16254.0,14824.0,8384461.0,71.82
2023-03-09,98947.46113664216,100770.93520220589,96644.12547487745,97891.765625,43183,1142886363671.875,-0.008746268503220356,-0.005271504571331076,-0.00347476393188928,-0.5687489459768841,102397.66171875,99003.06263020834,0.9559961036402755,0.9887751249740707,22.610000610351562,13.54,19451.819763940042,222.73680869817395,0.0012708510300527553,-0.01666386758744165,-3419.0,4287.0,8388736.0,71.85
2023-03-10,97795.78797677493,97795.78797677493,93764.95078833083,95300.5078125,39049,1112633428710.9375,-0.02647064128382859,-0.010127774952508384,-0.016342866331320205,-0.5801644379312028,102032.966796875,98972.00013020834,0.9340168261717036,0.9629037271866983,24.799999237060547,13.54,19451.819763940042,222.73680869817395,-0.008025365051017141,-0.014938113443341172,-15272.0,2997.0,8391685.0,71.88
2023-03-13,95300.51120077267,97411.90218407278,94340.78802654536,96260.234375,25205,1123838236328.125,0.010070529365785008,0.006685908309145283,0.003384621056639725,-0.5759364715745883,101701.8625,98964.794140625,0.9464943119896156,0.9726714960697849,26.520000457763672,13.54,19451.819763940042,222.73680869817395,-0.01643300920656976,-0.011687394244627725,5272.0,5393.0,8384838.0,71.82
2023-03-14,95012.5840398265,95972.30711093586,90117.99637716878,91269.6640625,51134,1065573327929.6875,-0.05184456847526764,-0.025566300695435085,-0.026278267779832554,-0.597921862211903,101178.81328125,98795.80026041667,0.9020630021504086,0.9238212942445078,23.729999542236328,13.54,19451.819763940042,222.73680869817395,-0.039236513054513034,-0.03091901177420997,-8599.0,-3177.0,8381627.0,71.79
2023-03-15,93093.15291341145,93093.15291341145,91077.73413899739,92133.4296875,35760,1075657791601.5625,0.00946388522267938,0.01309084423535456,-0.0036269590126751794,-0.5941166408653279,100622.17421875,98702.51953125,0.9156374368059699,0.9334455708431012,26.139999389648438,13.54,19451.819763940042,222.73680869817395,-0.026520605735868008,-0.04633823599907749,-8048.0,7873.0,8389496.0,71.86
2023-03-16,90693.83287693298,94340.78065399484,89350.22053801546,93093.140625,24997,1086862416796.875,0.010416533290415586,-0.0007606183147739198,0.011177151605189506,-0.5898887433428758,100185.5,98688.123828125,0.9292077259184214,0.9433064183805013,22.989999771118164,13.54,19451.819763940042,222.73680869817395,-0.018728075187318227,-0.03168632046199871,-5939.0,5764.0,8399250.0,71.94
2023-03-17,95684.3965239272,101154.81839139345,94148.83950849807,99523.2890625,78940,1161934399804.6875,0.06907220440012951,0.007477166904570787,0.061595037495558724,-0.5615614547962611,99705.63828125,98779.32486979167,0.9981711243025633,1.0075315780269707,25.510000228881836,13.54,19451.819763940042,222.73680869817395,0.06914523008807305,0.04625158336488022,24763.0,-9645.0,8396501.0,71.92
2023-03-20,98851.48128799391,100195.0936550152,93764.94875569908,94724.671875,62662,1105910544140.625,-0.04821602292993454,-0.006883190495300728,-0.041332832434633815,-0.5827012177451716,99005.040234375,98809.415625,0.9567661570639023,0.9586603794368914,24.149999618530273,13.54,19451.819763940042,222.73680869817395,0.031439356666114415,0.0015341298736066822,-10687.0,-11541.0,8384606.0,71.82
2023-03-21,94724.6747570503,96068.28716495173,93573.00697884908,94436.7578125,22399,1102549147460.9375,-0.0030394833447398018,0.0038458921789521483,-0.00688537552369195,-0.5839695904436154,98141.289453125,98817.41354166667,0.9622530775653361,0.9556691925829495,21.3799991607666,13.54,19451.819763940042,222.73680869817395,0.01337682953723296,0.020927022129747286,506.0,-4723.0,8379882.0,71.78
2023-03-22,94820.64775608519,94916.6200716278,92709.25681414807,94628.703125,23967,1104790108984.375,0.002032527555436703,0.011978923571265954,-0.00994639601582925,-0.5831239971722925,97613.4421875,98845.90481770833,0.9694228684532322,0.9573355952329468,22.260000228881836,13.54,19451.819763940042,222.73680869817395,-0.058164603974155016,0.014607585126593214,-7495.0,2995.0,8382854.0,71.8
2023-03-23,93668.97074203187,96836.05684294073,92325.35845679781,96356.1953125,27658,1124958580273.4375,0.018255477782656238,0.003111354616041284,0.015144123166614953,-0.5755137265645486,97435.892578125,98937.776953125,0.9889188959319145,0.9739070179245274,22.610000610351562,13.54,19451.819763940042,222.73680869817395,-0.0016876483729062475,0.018574556688018662,5254.0,636.0,8383487.0,71.81
2023-03-24,97507.87768554688,99907.18569946289,94532.73574829102,98275.65625,80862,1147368286718.75,0.019920472485187357,-0.003926623279194685,0.023847095764382042,-0.567057759434238,97152.774609375,99005.03958333333,1.0115578957486269,0.9926328666055488,21.739999771118164,13.54,19451.819763940042,222.73680869817395,0.029044822915167745,-0.01917338504315802,1219.0,-2445.0,8380995.0,71.79
2023-03-27,98851.48468501984,99811.20783730158,95492.45365203373,96740.09375,35790,1129440594531.25,-0.01562505465334907,-0.002376846956976708,-0.01324820769637236,-0.5738225056048214,96884.05234375,99051.42643229167,0.998514114652851,0.9766653266334168,20.600000381469727,13.54,19451.819763940042,222.73680869817395,0.025743011234624635,0.008911239695103434,-3595.0,-2655.0,8378335.0,71.76
2023-03-28,96740.09197203472,99907.17831635728,95780.36883739152,99523.2890625,33557,1161934399804.6875,0.028769822362302522,0.010675642330666424,0.018094180031636098,-0.5615614547962611,96864.857421875,99126.6046875,1.0274447483987588,1.00400179524206,19.969999313354492,13.54,19451.819763940042,222.73680869817395,0.02869306809964578,0.03389079525043148,9417.0,2835.0,8381161.0,71.79
2023-03-29,99715.23300120773,99811.20531400967,97219.95286835749,99331.34375,26309,1159693438281.25,-0.001928647197134481,0.0036879679519175035,-0.0056166151490519844,-0.5624070480675839,96740.093359375,99268.96354166667,1.0267856924739456,1.0006283958863653,19.1200008392334,13.54,19451.819763940042,222.73680869817395,-0.0007706428137882471,0.03822057611720875,-1409.0,-3803.0,8377343.0,71.75
2023-03-30,100962.87552816901,103362.18340669014,98659.53996478872,102210.515625,82704,1193307769921.875,0.02898553232347667,0.0037808072808236393,0.02520472504265303,-0.5497231834148213,96855.259765625,99520.09114583333,1.0552913272065338,1.0270339832710182,19.020000457763672,13.54,19451.819763940042,222.73680869817395,0.037682289925237145,0.04828117799324683,4675.0,-6564.0,8370470.0,71.7
2023-03-31,102978.2958601958,102978.2958601958,99715.2370910936,100483.015625,30427,1173139207421.875,-0.016901392087072753,0.00966108862105175,-0.026562480708124503,-0.5573334884396464,96965.627734375,99729.63072916666,1.0362745848483592,1.0075542733922207,18.700000762939453,13.54,19994.01021567452,129.21483569030931,-0.006974370814523456,-0.002128398479259719,-1852.0,-5786.0,8364446.0,71.64
2023-04-03,100578.99104549855,101634.68656219749,97603.84913480155,99139.40625,33514,1157452567968.75,-0.013371507280537043,-0.0018248989992232234,-0.01154660828131382,-0.5632526069218254,96946.43359375,99817.60546875,1.022620457245901,0.9932056152262406,18.549999237060547,13.54,19994.01021567452,129.21483569030931,-0.012904363946785291,-0.00042679906420117764,-1301.0,-252.0,8365168.0,71.65
2023-04-04,98851.48624812688,98851.48624812688,95684.39979551699,96068.2890625,41981,1121597274804.6875,-0.030977764580872758,0.0033045299532277195,-0.03428229453410048,-0.5767820648459111,96807.273828125,99863.9921875,0.9923664334672101,0.96199127391309,19.0,13.54,19994.01021567452,129.21483569030931,-0.0723913835235388,-0.05280327362993775,2210.0,-16116.0,8349025.0,71.51
2023-04-05,96740.08758937691,96740.08758937691,93573.00138853422,93956.890625,61525,1096946698046.875,-0.021978099725772915,0.005926180952305016,-0.02790428067807793,-0.5860835908304634,96567.34296875,99832.00130208333,0.9729675450986078,0.9411500260391883,19.079999923706055,13.54,19994.01021567452,129.21483569030931,-0.07373318349349223,-0.0750909391589637,-6313.0,-34833.0,8314855.0,71.22
2023-04-06,93572.99943316246,93572.99943316246,91077.71944827813,91269.6640625,46643,1065573327929.6875,-0.02860063316936745,-0.014419620405503486,-0.014181012763863965,-0.597921862211903,96236.237890625,99710.43619791667,0.9483918538693331,0.9153471546482611,18.399999618530273,13.54,19994.01021567452,129.21483569030931,-0.07636758797604237,-0.1144766769654807,-8939.0,-9940.0,8304886.0,71.13
2023-04-07,91845.50970174678,96836.0703125,91845.50970174678,96836.0703125,72388,1130561120898.4375,0.0609885695009047,0.01267873760821736,0.04830983189268734,-0.5733996917606193,96313.016015625,99708.83671875,1.0054307747645463,0.9711884472752075,18.399999618530273,13.54,19994.01021567452,129.21483569030931,0.006224538450745443,-0.039604364364668854,24262.0,3209.0,8308110.0,71.16
2023-04-10,96932.04008838384,96932.04008838384,94244.81521464647,95012.59375,55137,1109272032031.25,-0.018830551019010322,0.008701445456932966,-0.027531996475943288,-0.5814328106296466,96250.633984375,99624.061328125,0.9871373290426744,0.9537113071215143,18.969999313354492,13.54,19994.01021567452,129.21483569030931,0.0065968226528800855,-0.05558975255929832,-5446.0,-7156.0,8300854.0,71.1
2023-04-11,95012.58302726594,97699.80759773406,94820.63841508963,96356.1953125,53805,1124958580273.4375,0.014141299689547804,0.014243188188324485,-0.00010188849877668105,-0.5755137265645487,96504.960546875,99601.66770833333,0.998458470595377,0.9674154813819268,19.100000381469727,13.54,19994.01021567452,129.21483569030931,0.02067594691796737,-0.021409346523974526,3583.0,-127.0,8300715.0,71.1
2023-04-12,96740.09406693712,96836.06638247972,93477.03533848884,94628.703125,46525,1104790108984.375,-0.017928190106483943,0.001091027387317034,-0.019019217493800977,-0.5831239971722925,96629.72421875,99560.0796875,0.9792918679016398,0.9504683345174226,19.09000015258789,13.54,19994.01021567452,129.21483569030931,-0.046653102468520946,-0.012524283339697573,-3952.0,-10204.0,8290537.0,71.01
2023-04-13,94628.69956306991,94916.61649886018,93285.08719604863,94724.671875,25255,1105910544140.625,0.0010141611036689202,0.004320492109966656,-0.003306331006297736,-0.5827012177451715,96711.30078125,99507.29479166666,0.9794581513204591,0.9519369617405459,17.799999237060547,13.54,19994.01021567452,129.21483569030931,-0.022427436998875394,-0.0016496015821313437,4475.0,-7343.0,8279868.0,70.92
2023-04-14,94820.65424516294,95108.57121149439,92901.20780295315,94244.8203125,53602,1100308277148.4375,-0.005065750590650953,0.0038373860942788607,-0.008903136684929813,-0.5848151492978568,96447.37734375,99465.70690104166,0.9771631215704308,0.9475106873393468,17.06999969482422,13.54,19994.01021567452,129.21483569030931,-0.031228685185028526,-0.058862570159748495,9174.0,-24393.0,8259749.0,70.75
2023-04-17,93477.02907941777,93956.890625,92133.41675178753,93956.890625,32700,1096946698046.875,-0.0030551247967290918,0.001718817452832866,-0.004773942249561958,-0.5860835908304632,96408.98828125,99406.523828125,0.9745656738031874,0.9451783143272621,16.950000762939453,13.54,19994.01021567452,129.21483569030931,-0.016983409940789507,-0.036104515933367165,-1537.0,-7684.0,8252128.0,70.68
2023-04-18,94532.72587105798,94916.61511317396,92517.30734994913,94340.78125,39059,1101428621093.75,0.004085816617029003,-0.0018711152110141294,0.005956931828043133,-0.5843924042878174,96404.189453125,99352.139453125,0.9785962807754501,0.9495596347425473,16.829999923706055,13.54,19994.01021567452,129.21483569030931,-0.007720147106448638,-0.03004569560654735,5036.0,-6623.0,8245486.0,70.63
2023-04-19,94436.75933981576,95684.39945304503,93477.03617579324,93764.953125,39116,1094705827734.375,-0.006103703163895524,0.0015518671450553967,-0.007655570308950921,-0.5869291496847049,96361.001953125,99281.75989583334,0.9730591341361534,0.9444328265673213,16.459999084472656,13.54,19994.01021567452,129.21483569030931,-0.006472580730469746,-0.018682048421697295,-7667.0,266.0,8245755.0,70.63
2023-04-20,93477.03947282038,93477.03947282038,91365.6484375,91365.6484375,44591,1066693945507.8125,-0.025588501967269583,-0.004648387754931815,-0.020940114212337768,-0.5974990139506194,96111.474609375,99125.00520833333,0.9506216485475494,0.9217214994892025,17.170000076293945,13.54,19994.01021567452,129.21483569030931,-0.022638752693245556,-0.03631583162773733,-5921.0,-11198.0,8235658.0,70.54
2023-04-21,91365.64823468328,93093.14998701973,90885.78663681204,92421.34375,31718,1079019188281.25,0.011554619603254546,-0.00729980542932851,0.018854425032583055,-0.592848268166884,95818.758984375,98992.24361979167,0.9645433183398983,0.9336220735128592,16.770000457763672,13.54,19994.01021567452,129.21483569030931,-0.009741259488705634,-0.008558269910224459,7663.0,-5243.0,8230891.0,70.5
2023-04-24,92901.19118040685,92901.19118040685,89638.1328125,89638.1328125,28646,1046525200585.9375,-0.030114374283808254,-0.008214079211565029,-0.021900295072243225,-0.6051093878096071,95463.6609375,98825.89140625,0.9389764852113311,0.9070308553455766,16.889999389648438,13.54,19994.01021567452,129.21483569030931,-0.02398598425199794,-0.025684622732905726,1405.0,-15437.0,8215588.0,70.37
2023-04-25,89830.08882636655,91173.70126607717,88582.44870377814,89542.171875,37225,1045404856640.625,-0.0010705369968015965,-0.013663554772637254,0.012593017775835658,-0.6055321328196467,94964.605078125,98654.74088541667,0.9429004817251218,0.9076317171518342,18.760000228881836,13.54,19994.01021567452,129.21483569030931,0.009547147736175488,-0.0190485367851132,3882.0,-7521.0,8210056.0,70.32
2023-04-26,88582.4463298335,96740.0930666004,88582.4463298335,96548.1484375,99816,1127199633007.8125,0.07824220047153063,-0.001683369909993404,0.07992557038152404,-0.5746680988761442,94825.4453125,98600.356640625,1.0181670976531962,0.979186604663056,18.84000015258789,13.54,19994.01021567452,129.21483569030931,0.07061829308511647,0.06853260390536176,33967.0,26634.0,8230114.0,70.49
2023-04-27,96548.14693361304,97219.953125,94052.86679417572,97219.953125,61824,1135042952734.375,0.006958234812083353,0.0044188053603388955,0.002539429451744457,-0.5717085396350546,94575.9171875,98480.39127604167,1.0279567570278816,0.9872011256788303,17.030000686645508,13.54,19994.01021567452,129.21483569030931,0.09505801760910415,0.09201214756944398,24561.0,-12428.0,8217686.0,70.39
2023-04-28,97219.95116403112,97219.95116403112,94436.75414156627,95588.421875,35541,1115994825390.625,-0.01678185596224535,0.002291829333498141,-0.019073685295743492,-0.5788960652327588,94331.1875,98282.04830729167,1.0133278760537177,0.9725928948502407,15.779999732971191,13.54,19994.01021567452,129.21483569030931,0.063391314537525,0.05408403724111743,2058.0,-3621.0,8212422.0,70.34
2023-05-02,95108.57121149439,95300.51585571538,92613.29083662169,94244.8203125,27812,1100308277148.4375,-0.014056111986627595,0.009138352533659244,-0.02319446452028684,-0.5848151492978567,94086.458203125,98078.90703125,1.0016831551787517,0.9609081418747012,17.780000686645508,13.54,19994.01021567452,129.21483569030931,-0.039728720364285874,0.05278986779307382,4302.0,-5205.0,8206313.0,70.29
2023-05-03,92613.2819367244,92805.2265625,91173.69724340744,92805.2265625,44284,1083501020117.1875,-0.015275043713029013,-0.009107147157405127,-0.006167896555623886,-0.5911571160413195,93923.305078125,97931.74947916667,0.9880958350571778,0.9476520848046603,18.34000015258789,13.54,19994.01021567452,129.21483569030931,-0.04843604637165422,0.034028953461614275,-6257.0,-2595.0,8202866.0,70.26
2023-05-04,91749.5283824296,92997.16841273462,91557.5837623827,92037.4453125,14911,1074537174023.4375,-0.008273038905658336,-0.00018388140859404434,-0.008089157497064292,-0.594539489126611,93827.3328125,97717.41119791666,0.98092360246905,0.9418735533843352,20.09000015258789,13.54,19994.01021567452,129.21483569030931,-0.03745151857297502,-0.05398577441697405,-3694.0,-1890.0,8199968.0,70.24
2023-05-08,92517.30676546392,93477.02986469072,92133.4175257732,93093.140625,24608,1086862416796.875,0.011470280481118644,0.004906163210121273,0.006564117270997372,-0.5898887433428757,93918.506640625,97517.46875,0.9912118916159599,0.9546304043602444,16.979999542236328,13.54,19994.01021567452,129.21483569030931,-0.007692936781690807,-0.04996108659772114,9981.0,-7876.0,8192115.0,70.17
2023-05-09,92133.41831425599,92901.19680020813,90501.8890316077,92229.390625,25100,1076778135546.875,-0.009278342036814324,-0.0012533383174141433,-0.008025003719400181,-0.5936938958552882,93688.17265625,97344.71848958333,0.9844293896455597,0.9474514083151752,17.709999084472656,13.54,19994.01021567452,129.21483569030931,-0.009550043945467102,-0.03891240502137783,91.0,-5255.0,8186025.0,70.12
2023-05-10,92613.2763620531,92709.24866916404,90501.88560561252,91269.6640625,16726,1065573327929.6875,-0.010405864724859826,-0.005398296658971735,-0.0050075680658880906,-0.5979218622119029,93501.026171875,97151.17421875,0.9761354265217018,0.9394602257404843,16.940000534057617,13.54,19994.01021567452,129.21483569030931,-0.0064684545142909,-0.02072550856697908,2644.0,-7142.0,8181706.0,70.08
2023-05-11,91845.50059600515,94244.80834407217,91845.50059600515,93093.140625,38163,1086862416796.875,0.019978999388573504,-0.0022070849882721566,0.02218608437684566,-0.5898887433428757,93337.8734375,97007.21575520834,0.9973779902681854,0.959651711475925,16.93000030517578,13.54,19994.01021567452,129.21483569030931,0.009153512591557389,0.0076284723654904685,6769.0,3072.0,8184169.0,70.1
2023-05-12,92517.31586883983,94052.87297869609,91365.64803644763,93477.0390625,29155,1091344431054.6875,0.004123810142429685,-0.006254547621437179,0.010378357763866863,-0.5881975223831484,93280.290234375,96844.062890625,1.0021092218691714,0.9652325219778553,17.030000686645508,13.54,19994.01021567452,129.21483569030931,0.027556874074824433,0.026095987626421624,304.0,7045.0,8190660.0,70.16
2023-05-15,92517.30893782384,92997.17049870467,91077.72425518135,92613.28125,20077,1081260058593.75,-0.009240320630208188,0.001587680436163419,-0.010828001066371606,-0.5920027093126423,93174.720703125,96690.50716145833,0.9939743371497312,0.957832200583559,17.1200008392334,13.54,19994.01021567452,129.21483569030931,0.021736441074340918,0.008703869289052646,6243.0,-6795.0,8183856.0,70.1
2023-05-16,93573.01428939238,94724.68215756952,92325.37409886715,93189.125,29312,1087983034375.0,0.006217723227466276,0.00035892171055884603,0.00585880151690743,-0.5894658950815921,93121.9359375,96424.98385416667,1.0007215170284378,0.9664416966969828,17.989999771118164,13.54,19994.01021567452,129.21483569030931,0.005409158214402687,0.022587674525360257,-3375.0,4926.0,8188802.0,70.14
2023-05-17,93956.89337955926,95012.58881079027,92517.3087006079,94724.671875,28361,1105910544140.625,0.016477747537601672,0.005813922012295913,0.010663825525305759,-0.5827012177451714,93160.325,96191.451171875,1.0167919860197998,0.9847514588977958,16.8700008392334,13.54,19994.01021567452,129.21483569030931,0.005694625975841583,0.03825906811655411,1083.0,8255.0,8205092.0,70.28
2023-05-18,94916.61923680906,95492.453125,94052.86840452261,95492.453125,24687,1114874390234.375,0.008105398887136461,0.008313754565782983,-0.00020835567864652127,-0.5793188446598797,93217.90859375,95921.12916666667,1.0244002956681062,0.9955309529256914,16.049999237060547,13.54,19994.01021567452,129.21483569030931,0.016314271363566668,0.015864628061061925,3258.0,1442.0,8206360.0,70.29
2023-05-19,96068.28724211165,98851.484375,95972.31492718446,98851.484375,78381,1154091080078.125,0.03517588186370091,0.00890122349845357,0.02627465836524734,-0.5645210140373504,93472.23515625,95815.559765625,1.0575491664423982,1.031685089737003,16.809999465942383,14.13,19994.01021567452,129.21483569030931,0.036730128211906576,0.0317609286624424,10744.0,9766.0,8215959.0,70.37
2023-05-22,99523.28403110048,101058.84096889953,97891.754784689,100291.0625,47386,1170898154687.5,0.01456304004033826,0.007601117021337922,0.006961923019000338,-0.5581791161280505,93918.505859375,95821.95768229167,1.0678519806327273,1.0466396734715664,17.209999084472656,14.74,19994.01021567452,129.21483569030931,0.033028225705601155,0.049550852747814345,14329.0,-3246.0,8212528.0,70.34
2023-05-23,100195.0944371415,100387.0390625,98083.7035581979,100387.0390625,34620,1172018681054.6875,0.0009569802144633321,0.004094502472836936,-0.003137522258373604,-0.5577563022838483,94316.790625,95762.77473958333,1.064360209855264,1.048288746180255,18.530000686645508,14.56,19994.01021567452,129.21483569030931,0.030099059125874073,0.04055452897253331,14829.0,-7250.0,8205041.0,70.28
2023-05-24,99907.18207317073,99907.18207317073,97699.81878048781,98371.625,32306,1148488721875.0,-0.020076436971561917,-3.898566896320954e-05,-0.020037451302598708,-0.5666349800071171,94753.465234375,95700.39283854167,1.0381849862342807,1.0279124471930332,20.030000686645508,14.87,19994.01021567452,129.21483569030931,-0.016213050541971974,0.009853252144628843,-235.0,299.0,8205163.0,70.28
2023-05-25,99811.20103965183,101154.81336133946,98851.47795273211,99235.3671875,40886,1158572911914.0625,0.008780399708757436,-0.004969915678317616,0.013750315387075052,-0.562829861911786,95238.125,95689.19583333333,1.041971029852803,1.0370592659211308,19.139999389648438,15.07,19994.01021567452,129.21483569030931,-0.00942465817389726,0.023811923210350416,6318.0,-6047.0,8198949.0,70.23
2023-05-26,100291.06478528911,100770.92633928571,97891.75701530612,98755.5078125,49680,1152970553710.9375,-0.004835568090289177,0.0016127660428459922,-0.0064483341331351696,-0.5649438278815526,95348.49296875,95638.010546875,1.0357322359029486,1.0325968435332207,17.950000762939453,14.96,19994.01021567452,129.21483569030931,-0.012735470048658826,-0.008911069288032092,-12739.0,10359.0,8210189.0,70.32
2023-05-30,100770.93816836977,101730.66138902091,99331.35333739305,100962.8828125,47738,1178741656835.9375,0.022351917871669347,0.010438430491467976,0.01191348738020137,-0.5552194880527982,95535.639453125,95655.60546875,1.0568085731193322,1.0554831817512655,17.459999084472656,14.79,19994.01021567452,129.21483569030931,0.019215468634141253,-0.003959504926831059,16410.0,-2947.0,8207052.0,70.3
2023-05-31,100962.87281220435,102210.51287547304,99619.26043637654,101442.734375,59601,1184343923828.125,0.004752752191031773,-0.0032488251029952897,0.008001577294027062,-0.5531055565001128,95828.355078125,95708.39010416667,1.0585878709104193,1.0599147500505672,17.940000534057617,14.8,19994.01021567452,129.21483569030931,0.013466730541093264,0.0071795946255696075,7475.0,2141.0,8207458.0,70.3
2023-06-01,101442.74151362559,101730.65847156398,99427.32280805687,101250.796875,29383,1182103053515.625,-0.0018920773496746701,-0.003084914536764516,0.0011928371870898458,-0.5539511153543545,96178.65390625,95737.18190104167,1.0527366807783989,1.057591155959212,15.649999618530273,14.35,19994.01021567452,129.21483569030931,0.02110790186131828,0.02840988311525816,2647.0,-1263.0,8206068.0,70.29
2023-06-02,101634.67761752136,102306.48379629629,99715.23139245014,101058.84375,48161,1179862000781.25,-0.0018958184125402733,0.012529410870333768,-0.014425229282874041,-0.5547967430427587,96591.334765625,95773.97122395833,1.0462516538902298,1.055180676529362,14.600000381469727,13.96,19994.01021567452,129.21483569030931,-0.005230814801757133,0.000234338445309068,-6755.0,525.0,8206385.0,70.29
2023-06-05,100866.90800459826,100962.88032429817,98563.57233180058,99139.40625,33656,1157452567968.75,-0.018993265990142505,0.0054009457004491335,-0.02439421169059164,-0.5632526069218254,96946.4328125,95780.36953125,1.0226204654867634,1.0350702000335679,14.729999542236328,14.08,19994.01021567452,129.21483569030931,-0.037626603786375834,-0.0177115391121474,2010.0,-4644.0,8200925.0,70.24
2023-06-07,98947.45976870079,100003.15526574804,97315.93036417323,97507.875,42439,1138404440625.0,-0.016456939896187794,7.271729987512465e-05,-0.01652965719606292,-0.5704401325195296,97167.16953125,95773.97135416667,1.0035063846193486,1.0181041218330755,13.9399995803833,13.71,19994.01021567452,129.21483569030931,-0.0553490981695286,-0.04615468368841169,-12271.0,5050.0,8205794.0,70.29
2023-06-08,97603.84663923817,97891.76359097633,96068.28956330128,97315.9296875,61546,1136163479101.5625,-0.001968510876685592,-0.0018160268476271613,-0.00015248402905843061,-0.5712857257908525,97421.496484375,95807.56171875,0.9989163911386648,1.0157437256693571,13.649999618530273,13.44,19994.01021567452,129.21483569030931,-0.04107635291571299,-0.054308745011497184,-8330.0,5877.0,8211670.0,70.34
2023-06-09,97603.84644170168,102786.3515625,96260.2340029762,102786.3515625,63946,1200030654492.1875,0.0562130156138525,0.01160917452914445,0.04460384108470805,-0.5471864036008524,97997.330859375,95916.33033854167,1.0488688891945148,1.0716251466221678,13.829999923706055,13.16,19994.01021567452,129.21483569030931,0.0279216998595867,-0.010897741113878978,4903.0,20383.0,8231869.0,70.51
2023-06-12,102786.34650139019,104129.95887395737,101442.734128823,103554.125,43528,1208994409375.0,0.007469604921555684,-0.004471449986416354,0.011941054907972037,-0.5438040649326419,98520.380078125,96121.07135416666,1.0510934379047596,1.077330116499072,15.010000228881836,13.45,19994.01021567452,129.21483569030931,0.05639241196362166,0.0154685430769671,1781.0,-6555.0,8225249.0,70.45
2023-06-13,103746.07438672232,105377.60377115736,103746.07438672232,104897.7421875,51512,1224681140039.0625,0.01297502332717304,0.0032707145097530255,0.009704308817420015,-0.5378849120333814,99091.415234375,96333.80989583333,1.0585956607783997,1.0888985113422476,14.609999656677246,13.76,19994.01021567452,129.21483569030931,0.0662492048101001,0.049567063584978754,-218.0,15480.0,8240883.0,70.59
2023-06-14,104609.81844397364,104609.81844397364,100387.03678201506,101922.59375,43082,1189946282031.25,-0.02836236867884212,-0.007153233911239454,-0.021209134767602666,-0.5509915905303462,99556.880859375,96480.96744791667,1.023762424758632,1.0564010337585066,13.880000114440918,13.55,19994.01021567452,129.21483569030931,0.0004362289577893863,0.04488758601343901,-8922.0,2900.0,8243054.0,70.6
2023-06-15,102018.5708425302,103842.04482748605,101154.82000755111,103266.2109375,35408,1205633012695.3125,0.013182721691676003,-0.004024328675756084,0.017207050367432086,-0.5450724376310856,100060.73515625,96543.34947916666,1.0320353011223082,1.0696356765598245,14.5,13.25,19994.01021567452,129.21483569030931,0.005702224417249435,0.062247120409929524,-5143.0,5158.0,8248047.0,70.65
2023-06-16,103746.08015238831,103746.08015238831,100962.8828125,100962.8828125,26155,1178741656835.9375,-0.022304760715913585,0.006612894470348962,-0.028917655186262547,-0.5552194880527981,100372.645703125,96647.31966145833,1.0058804578203584,1.0446526935890046,13.539999961853027,13.13,19994.01021567452,129.21483569030931,-0.03291973958643313,-0.011274375861041075,-3511.0,-1960.0,8230809.0,70.5
2023-06-19,101154.82133969908,104417.88009259259,100770.93207465278,103650.1015625,36044,1210114935742.1875,0.02661590750127929,-0.00620386200730505,0.03281976950858434,-0.5433812510884397,100780.528125,96800.875390625,1.0284734907713602,1.0707558288521255,13.539999961853027,13.35,19994.01021567452,129.21483569030931,0.02110916468975388,0.009604338739571228,-1221.0,12712.0,8243556.0,70.61
2023-06-20,103650.10309878844,103938.02005184063,101154.8228390028,102978.296875,21503,1202271616015.625,-0.006481466755678067,-0.0017589913357444198,-0.004722475419933647,-0.5463408103295294,100986.86875,96940.03528645834,1.0197196739501837,1.0622886258571969,13.880000114440918,13.02,19994.01021567452,129.21483569030931,-0.0008203610976118547,-0.004822445497782435,-3344.0,2170.0,8245685.0,70.63
2023-06-21,102978.3015758674,104033.99711858365,99331.35333739305,100962.8828125,31831,1178741656835.9375,-0.019571250677668628,-0.008553090144615916,-0.011018160533052712,-0.5552194880527981,101020.459765625,97016.81341145834,0.9994300466137397,1.0406740776395733,13.199999809265137,13.36,19994.01021567452,129.21483569030931,0.01707913355559798,0.005368528736767519,-1317.0,-3272.0,8244160.0,70.61
2023-06-22,100866.8967045715,104993.70598934464,99811.20130614116,104705.7890625,45352,1222440087304.6875,0.03707210160540897,0.004286354941157811,0.03278574666425116,-0.5387305397217856,101236.397265625,97123.98229166666,1.034270202126731,1.078063178547034,12.90999984741211,13.24,19994.01021567452,129.21483569030931,0.0170451107112648,0.02094722503358659,22097.0,-11609.0,8232448.0,70.51
2023-06-23,105665.51713179845,108448.71422246344,102786.34772766224,104993.7109375,59883,1225801575195.3125,0.0027498181101346386,-0.009098914276866266,0.011848732387000904,-0.5374621326062605,101567.5015625,97261.542578125,1.0337333233789519,1.0794987222535997,13.4399995803833,13.04,19994.01021567452,129.21483569030931,0.03361631851819935,0.06171361260685004,9207.0,-11569.0,8221508.0,70.42
2023-06-26,105473.56941186327,108256.76642091152,102978.28933478551,107393.015625,50464,1253813457421.875,0.02285188956630213,0.0047079308415494125,0.018143958724752718,-0.526892268340346,101975.383984375,97392.7046875,1.0531268569820251,1.1026802877031456,14.25,13.46,19994.01021567452,129.21483569030931,0.06277843777600478,0.04703780182301842,18732.0,-18.0,8221488.0,70.42
2023-06-27,106817.18990001139,106817.18990001139,104417.88195077484,105281.6328125,29709,1229163063085.9375,-0.019660336384189292,-0.0003137087015211426,-0.01934662768266815,-0.5361937254907355,102301.690234375,97491.876171875,1.029128967188107,1.0799015974099413,13.739999771118164,13.18,19994.01021567452,129.21483569030931,0.010646063429085473,0.03241364956028392,10761.0,-16158.0,8225780.0,70.46
2023-06-28,106049.3992002167,106625.23304202783,103938.00844690923,105185.6484375,39336,1228042445507.8125,-0.0009116915499490785,-0.006663058231275887,0.005751366681326808,-0.5366165737520189,102512.828515625,97541.46171875,1.0260730287182311,1.0783685889472434,13.430000305175781,13.1,19994.01021567452,129.21483569030931,0.004548697723411377,0.04918317677466344,2471.0,-5395.0,8220165.0,70.41
2023-06-29,106337.3247923951,109888.30043979458,106241.35247760052,109792.328125,74163,1281825430859.375,0.04379570555423462,-0.005526081218160006,0.04932178677239463,-0.51632236965735,102930.308203125,97696.61692708333,1.0666666605945971,1.1238089053477092,13.539999961853027,12.93,19994.01021567452,129.21483569030931,0.035726525771053286,0.06571921688280691,18428.0,4446.0,8223605.0,70.44
2023-06-30,110368.16049902259,111039.96669336446,107872.8803486099,110464.1328125,45568,1289668750585.9375,0.006118867310429321,0.005592116789830737,0.0005267505205985845,-0.5133628104162604,103390.975,97885.36236979166,1.0684117526940817,1.1285051220956634,13.59000015258789,12.59,18551.69822364026,123.92166407221123,0.05559990397432002,0.05439723501640459,18604.0,-14418.0,8210934.0,70.33
2023-07-03,110560.11179577465,114015.1152893926,108640.66541043133,109024.5546875,53904,1272861675976.5625,-0.013032086418887756,0.014893046379463426,-0.027925132798351182,-0.5197047083255604,103789.260546875,98101.30013020833,1.0504415785702659,1.1113466849347908,13.569999694824219,12.73,18551.69822364026,123.92166407221123,0.02192340449464203,0.008328143493300688,2877.0,-6231.0,8204405.0,70.27
2023-07-04,108160.79411025469,108160.79411025469,105569.54172252011,107393.015625,40542,1253813457421.875,-0.014964877106597885,-0.0035196994441785145,-0.01144517766241937,-0.526892268340346,104201.941015625,98325.235546875,1.0306239459483437,1.0922223072000887,13.569999694824219,12.27,18551.69822364026,123.92166407221123,-0.03884355994017197,0.016229593513549467,-3334.0,5329.0,8209916.0,70.32
2023-07-05,106433.29376791226,110176.21392746914,105281.62602651014,108832.6015625,44026,1270620623242.1875,0.013404837634197975,-0.0055180669763451595,0.018922904610543134,-0.5205503360139646,104768.17734375,98617.951171875,1.0387944538293763,1.10357800247566,14.180000305175781,12.37,18551.69822364026,123.92166407221123,-0.020447405850227418,0.029401131442765793,9529.0,-3635.0,8206905.0,70.29
2023-07-06,107680.93455933989,107680.93455933989,101730.65118796816,102498.4296875,54309,1196669166601.5625,-0.05820105174424628,-0.008805723512020136,-0.04939532823222614,-0.5484548107163774,105027.30234375,98712.323828125,0.9759217593919236,1.0383549460953554,15.4399995803833,12.98,18551.69822364026,123.92166407221123,-0.04191760128410238,-0.06931598356185498,-5467.0,-1969.0,8203138.0,70.26
2023-07-07,101346.76401179942,102114.54252704032,97603.84375,97603.84375,58759,1139524875781.25,-0.04775278950538797,-0.011571487457600171,-0.0361813020477878,-0.5700173530924088,104768.176953125,98755.511328125,0.9316172771973456,0.9883381943687328,14.829999923706055,14.58,18551.69822364026,123.92166407221123,-0.06665372566947081,-0.10602403613024136,-1711.0,-2128.0,8199246.0,70.23
2023-07-10,96164.25643474449,98467.59191821143,95492.45025206663,95780.3671875,40093,1118235786914.0625,-0.01868242573694745,-0.0023785910763557405,-0.01630383466059171,-0.5780504719614359,104379.4890625,98745.91419270834,0.9176167468126708,0.9699679016650663,15.069999694824219,14.63,18551.69822364026,123.92166407221123,-0.10188046494060565,-0.09440273799248189,-1218.0,-4418.0,8194227.0,70.19
2023-07-11,96356.1980083089,98659.53341886608,96356.1980083089,98179.671875,24524,1146247669140.625,0.025050067753479288,0.016578743948906682,0.008471323804572606,-0.5674806076955212,104043.585546875,98805.09700520833,0.9436398347764254,0.9936701126848207,14.84000015258789,13.82,18551.69822364026,123.92166407221123,-0.044013812903806904,-0.07448623652548991,3290.0,-3534.0,8187393.0,70.13
2023-07-12,97219.95985600194,99715.24016819942,97123.98753630204,99139.40625,23978,1157452567968.75,0.009775286030919927,0.00477269394821378,0.005002592082706148,-0.5632526069218252,103904.426171875,98878.67591145834,0.954140356696712,1.0026368712580165,13.539999961853027,13.76,18551.69822364026,123.92166407221123,-0.002829918773312956,-0.0884065490533269,263.0,-2756.0,8180508.0,70.07
2023-07-13,99907.1754356971,102690.37244591345,99331.34157151442,99811.203125,31680,1165295796484.375,0.006776285035497764,0.00641235161628706,0.00036393341921070466,-0.560293082097817,103731.67578125,98971.44895833333,0.9622056365452196,1.0084848122918781,13.609999656677246,13.25,18551.69822364026,123.92166407221123,0.013837849306489458,-0.03864728740189005,-2076.0,-3908.0,8176621.0,70.04
2023-07-14,101250.78778545673,101826.62164963942,98467.59077524039,99811.203125,52491,1165295796484.375,0.0,0.014305973857507315,-0.014305973857507315,-0.560293082097817,103674.091796875,99069.02083333333,0.9627400770537404,1.0074915678526315,13.34000015258789,13.19,18551.69822364026,123.92166407221123,-0.008939448355590462,-0.016771959211609566,-15801.0,5530.0,8180836.0,70.07
2023-07-17,98467.59348163167,101922.59676168892,97795.78728828722,100578.984375,34524,1174259642578.125,0.0076923353888285195,-0.0035384273695355795,0.011230762758364099,-0.5569107090125253,103520.5359375,99172.99088541667,0.9715848499444019,1.0141771814788545,13.479999542236328,13.21,18551.69822364026,123.92166407221123,-0.002711277679932511,0.010762638207346242,-14396.0,5334.0,8185655.0,70.11
2023-07-18,101634.67925724637,101634.67925724637,97603.84211956522,99331.34375,53162,1159693438281.25,-0.01240458563737612,-0.004345125167048547,-0.008059460470327573,-0.5624070480675837,103338.18828125,99265.7640625,0.9612259069188944,1.000660647587004,13.300000190734863,13.07,18551.69822364026,123.92166407221123,-0.011134671569470789,-0.0057681460675539364,-2132.0,-8542.0,8176653.0,70.04
2023-07-19,99331.35177612305,99427.32409667969,96740.09912109375,98275.65625,43477,1147368286718.75,-0.010627939380916662,0.0002377160088578023,-0.010865655389774465,-0.5670577594342379,103203.826953125,99380.930859375,0.9522481786904727,0.9888784035345878,13.760000228881836,12.91,18551.69822364026,123.92166407221123,-0.0076943531017379385,-0.02163639354003455,11353.0,-12487.0,8171361.0,69.99
2023-07-20,98179.68258272059,98275.65490196079,95780.37460171568,97891.765625,48828,1142886363671.875,-0.003906263663337239,-0.003071040163334482,-0.0008352235000027575,-0.5687489459768835,102863.12578125,99472.10455729166,0.9516701430323812,0.9841127425691345,13.989999771118164,13.22,18551.69822364026,123.92166407221123,-0.019760339360104795,-0.02283555045924801,1988.0,-6803.0,8162587.0,69.92
2023-07-21,96356.20175000001,96356.20175000001,93189.1154375,95972.3125,60285,1120476748437.5,-0.019607911990810023,0.0036650716930650695,-0.023272983683875093,-0.5772048786901129,102412.055859375,99577.67421875,0.9371192843915017,0.9637934733158174,13.600000381469727,13.35,18551.69822364026,123.92166407221123,-0.034973862573652315,-0.03180256028561579,10082.0,-23487.0,8134003.0,69.67
2023-07-24,95300.50446084104,95300.50446084104,92229.39052051182,93285.0859375,69586,1089103378320.3125,-0.028000018885655176,0.007192239692927149,-0.035192258578582325,-0.5890431500715526,101706.659375,99640.05611979167,0.917197423558579,0.9362207285928117,13.90999984741211,14.12,18551.69822364026,123.92166407221123,-0.059300465762460175,-0.07822558162256221,-9904.0,-12475.0,8120813.0,69.56
2023-07-25,93285.08825836821,94724.6729537134,91269.66968488494,91749.53125,55046,1071175777343.75,-0.016460880880024065,0.0030168693346623865,-0.01947775021468645,-0.5958078618250547,101030.054296875,99560.07916666666,0.9081409674431695,0.9215494003013842,13.859999656677246,14.08,18551.69822364026,123.92166407221123,-0.07794299247714387,-0.08964387136692109,-1871.0,-11087.0,8109521.0,69.46
2023-07-26,91845.49582608404,91845.49582608404,87814.6590186697,89638.1328125,87784,1046525200585.9375,-0.023012634601334847,-0.016726919493950332,-0.006285715107384515,-0.605109387809607,100252.678515625,99433.71549479167,0.8941220737411953,0.9014863053889929,13.1899995803833,14.53,18551.69822364026,123.92166407221123,-0.06095572390065329,-0.08506393108453114,1686.0,-13694.0,8093594.0,69.32
2023-07-27,90213.97464923469,94052.8671875,89254.25151466837,94052.8671875,59087,1098067224414.0625,0.04925062846003825,0.004416805805294466,0.04483382265474378,-0.5856607769862608,99465.70546875,99408.12291666666,0.9455808586915356,0.9461285901791351,14.40999984741211,13.9,18551.69822364026,123.92166407221123,0.019070357332672816,-0.0393948849297846,17934.0,-7409.0,8085768.0,69.26
2023-07-28,95012.58962806748,95012.58962806748,92229.3925581544,93860.921875,41832,1095826262890.625,-0.0020408236159068505,0.0017320809368333023,-0.003772904552740153,-0.5865063702575839,98635.544921875,99401.724609375,0.9515932816039413,0.9442584848889792,13.329999923706055,14.15,18551.69822364026,123.92166407221123,0.034775202994619114,-0.019894805798649662,-6397.0,-5671.0,8080085.0,69.21
2023-07-31,95012.59018668011,95588.4240665994,93189.11623360243,95108.5625,43286,1110392467187.5,0.013292439495337094,0.009301009511798242,0.003991429983538852,-0.5810100312025255,97939.7453125,99440.11354166667,0.9710926059337153,0.9564406064374444,13.630000114440918,14.21,18551.69822364026,123.92166407221123,0.04505234808554248,0.019288882763471515,4910.0,-6787.0,8075187.0,69.17
2023-08-01,94532.7278125,96356.20175000001,93764.9493125,95972.3125,35782,1120476748437.5,0.00908172700013199,0.013101212198999734,-0.004019485198867745,-0.5772048786901129,97368.71015625,99505.69466145833,0.9856586612474463,0.9644906537914265,13.930000305175781,14.06,18551.69822364026,123.92166407221123,-0.0038009597680690455,0.03474714777929022,-149.0,-1176.0,8073826.0,69.15
2023-08-02,94628.69968301742,95588.42280353484,92709.25344198258,93668.9765625,35432,1093585301367.1875,-0.024000004558606403,-0.018972166594549256,-0.005027837964057147,-0.5873519635289067,96610.52890625,99515.29192708334,0.9695524662057854,0.9412520904941218,16.09000015258789,15.36,18551.69822364026,123.92166407221123,-0.0050558931793860395,0.03600502492261759,2473.0,-7397.0,8064158.0,69.07
2023-08-03,92709.25479910715,94148.83950095663,91749.53166454082,94052.8671875,29982,1098067224414.0625,0.004098375354233186,-0.004234743088613602,0.008333118442846787,-0.5856607769862611,96188.25078125,99545.683203125,0.9777999539818407,0.9448211530738426,15.920000076293945,15.88,18551.69822364026,123.92166407221123,-0.0007142047200781043,-0.0004956792892794049,7556.0,-4895.0,8059263.0,69.03
2023-08-04,94340.78343877812,94916.61731531186,92901.19874744376,93860.921875,19462,1095826262890.625,-0.0020408236159068505,-0.00099403308402235,-0.0010467905318845006,-0.5865063702575839,96001.1046875,99588.87083333333,0.9777066855692269,0.942484045552446,17.100000381469727,15.55,18551.69822364026,123.92166407221123,0.00225848994690514,0.0022304347315762474,-2837.0,1503.0,8061127.0,69.05
2023-08-07,93860.92561141304,93956.89792798914,91749.53464673914,92709.2578125,18551,1082380584960.9375,-0.012269899330775158,-0.008487047593444874,-0.003782851737330284,-0.5915798954684401,95847.54921875,99582.47278645834,0.9672574684294997,0.9309796716064979,15.770000457763672,15.71,18551.69822364026,123.92166407221123,0.003503476173632003,-0.005543846989292889,709.0,-3773.0,8057571.0,69.02
2023-08-08,93764.94969137797,94532.72819448034,91653.55880784642,92805.2265625,19120,1083501020117.1875,0.001035158216821097,-0.0026078019500901384,0.0036429601669112355,-0.5911571160413195,95578.826953125,99571.27591145833,0.9709810166221724,0.9320481806924429,15.989999771118164,15.4,18551.69822364026,123.92166407221123,-0.001186682102303549,0.0021185983764860916,3378.0,-4588.0,8052983.0,68.98
2023-08-09,93189.125,93668.98661174047,91269.6785530381,93189.125,19967,1087983034375.0,0.004136603634510516,0.012098049306925374,-0.007961445672414857,-0.5894658950815921,95281.312890625,99580.87330729167,0.9780419913711027,0.9358134941479406,15.960000038146973,14.15,18551.69822364026,123.92166407221123,-0.008101337242833906,-0.000815009331871619,5476.0,-2877.0,8049958.0,68.95
2023-08-10,92613.28101253799,95012.58881079027,91461.61326937689,94724.671875,34037,1105910544140.625,0.016477747537601672,-0.0013665621674264772,0.01784430970502815,-0.5827012177451714,95026.986328125,99606.46575520834,0.9968186463150466,0.9509891868645779,15.850000381469727,14.0,18551.69822364026,123.92166407221123,0.013525824199524528,0.008696181930309743,14974.0,-8498.0,8041640.0,68.88
2023-08-11,93573.00007293827,95012.58468944502,92421.33237973288,92517.3046875,21201,1080139532226.5625,-0.023302980562581177,-0.003959181643376164,-0.019343798919205013,-0.5924255231568444,94662.29140625,99569.67630208333,0.9773406423309083,0.9291714919993591,14.84000015258789,13.44,18551.69822364026,123.92166407221123,-0.009460934886591721,-0.00960082645701077,-1162.0,-10082.0,8031514.0,68.79
2023-08-14,93285.09462616823,93285.09462616823,91173.70359553478,92421.34375,15487,1079019188281.25,-0.0010372214995252316,-0.007868717342637166,0.006831495843111934,-0.5928482681668839,94254.409375,99518.49114583334,0.9805519377060974,0.9286851386700261,14.819999694824219,14.14,18551.69822364026,123.92166407221123,0.005332006628935071,0.001013521123431449,505.0,-1596.0,8037672.0,68.85
2023-08-16,92421.33934994861,93573.00713001027,91269.67156988694,93381.0625,27443,1090223904687.5,0.010384167888707996,-0.017593352657915062,0.027977520546623058,-0.5886203362273507,93956.8953125,99427.31744791666,0.9938713086401506,0.9391891976660851,16.780000686645508,15.15,18551.69822364026,123.92166407221123,0.01546521747052998,0.02534808150314327,15753.0,-3536.0,8036155.0,68.83
2023-08-17,93381.05677030132,94724.66909793156,92229.38906090398,93956.890625,40137,1096946698046.875,0.006166433638512103,-0.002292407139627861,0.008458840778139964,-0.5860835908304631,93740.95703125,99321.74791666666,1.0023035138597745,0.9459850696932166,17.889999389648438,15.57,18551.69822364026,123.92166407221123,0.04326785716787496,0.04176836795369809,9615.0,-2388.0,8033767.0,68.81
2023-08-18,92517.30398908524,92997.16552429834,90022.02400597713,92325.359375,35767,1077898570703.125,-0.017364679047455422,-0.006091670957144357,-0.011273008090311065,-0.5932711164281674,93462.63671875,99187.38658854166,0.9878317434252115,0.9308175419319459,17.299999237060547,16.03,18551.69822364026,123.92166407221123,0.025163353234451957,0.012651050158358879,-2954.0,-5285.0,8028982.0,68.77
2023-08-21,94052.86463815789,94052.86463815789,90405.91682565789,91173.6953125,26504,1064452892773.4375,-0.012473973243063763,0.001716929058943828,-0.01419090230200759,-0.5983446416390237,93222.705859375,99067.42109375,0.9780202631109431,0.9203196601455894,17.1299991607666,16.03,18551.69822364026,123.92166407221123,-0.01700506961417869,0.0178039467755563,6647.0,-12805.0,8016176.0,68.66
2023-08-22,91077.72646733111,91461.61572535991,86375.08305647841,86663.0,60977,1011790525000.0,-0.049473648041131635,0.0027662393459739754,-0.05223988738710561,-0.6182159974724092,92891.6015625,98857.881640625,0.9329476351173768,0.876642292569482,16.969999313354492,15.33,18551.69822364026,123.92166407221123,-0.07770379777942427,-0.041267436454661244,-7492.0,-17679.0,7996998.0,68.5
2023-08-23,86183.1455327414,87046.8964345172,85127.44998612652,86471.0625,31021,1009549654687.5,-0.0022147571628030605,-0.0040703690660103264,0.001855611903207266,-0.6190615563266507,92627.678125,98653.14088541667,0.9335337368956639,0.8765160614646231,15.979999542236328,14.97,18551.69822364026,123.92166407221123,-0.06457517778590594,-0.06738934509807704,-10277.0,4854.0,8003847.0,68.56
2023-08-24,87622.72081576442,88774.38855923558,86662.99769620512,88198.5546875,35155,1029718125976.5625,0.01997769123630233,0.012843716479993939,0.007133974756308392,-0.6114512857189071,92555.69921875,98440.40208333333,0.952924081736424,0.8959589032645027,17.200000762939453,13.94,18551.69822364026,123.92166407221123,-0.04325030072758995,-0.06871421111990861,7489.0,-2039.0,8002812.0,68.55
2023-08-25,87238.83088535987,88198.55399741004,85703.2739060796,88006.609375,22755,1027477164453.125,-0.0021762863709058333,-0.0073059012806685475,0.005129614909762714,-0.61229687899023,92253.386328125,98216.46666666666,0.9539661672903784,0.8960473977717247,15.680000305175781,14.86,18551.69822364026,123.92166407221123,0.014119201569278372,-0.05231158811983483,-1932.0,-525.0,8001045.0,68.53
2023-08-28,89062.309261301,89062.309261301,86087.16746485667,87046.890625,20523,1016272448046.875,-0.010905075843912981,0.009634248420563818,-0.0205393242644768,-0.6165248109297633,91912.684765625,97979.73489583333,0.9470606896857311,0.888417290754496,15.079999923706055,14.18,18551.69822364026,123.92166407221123,-0.008275734598405693,-0.05866001008230404,-4165.0,-624.0,7999355.0,68.52
2023-08-29,87718.69381107492,88486.47231270358,86950.91530944625,88390.5,23403,1031959087500.0,0.015435466624400096,0.0034402633874863753,0.01199520323691372,-0.6106056924475842,91576.781640625,97768.59583333334,0.965206446617343,0.9040786486355984,14.449999809265137,13.49,18551.69822364026,123.92166407221123,-0.0034145061178003644,0.005575080541715294,-3588.0,8977.0,8008084.0,68.59
2023-08-30,88774.39283288043,89446.19904891304,87814.66966711957,88294.53125,18912,1030838652343.75,-0.0010857360236676827,0.003549957254152636,-0.004635693277820319,-0.611028471874705,91192.892578125,97587.84791666667,0.968217245377517,0.904769734500114,13.880000114440918,13.05,18551.69822364026,123.92166407221123,-0.013179814305383397,-0.0009162246393122908,191.0,2064.0,8008212.0,68.59
2023-08-31,88486.47520084423,88486.47520084423,87046.89046330338,88102.5859375,25202,1028597690820.3125,-0.002173920737588153,-0.0019326536683672568,-0.00024126706922089625,-0.611874065146028,90914.573046875,97431.09309895833,0.9690700069841921,0.9042553371336643,13.569999694824219,12.78,18551.69822364026,123.92166407221123,0.007118242889872506,-0.00829146646484158,-10859.0,7767.0,8015978.0,68.66
2023-09-01,87814.66357925258,93285.08524484535,87142.85740979381,93093.140625,64784,1086862416796.875,0.056644815068655374,0.00291046773204906,0.053734347336606314,-0.5898887433428757,90866.58671875,97360.71328125,1.0245035495076054,0.9561674055948821,13.09000015258789,12.53,18551.69822364026,123.92166407221123,0.0488573869895651,0.04031326596200202,-6165.0,27800.0,8043773.0,68.9
2023-09-04,93381.06674313398,93477.0390625,92133.42659137577,93477.0390625,24777,1091344431054.6875,0.004123810142429685,0.008128878932546657,-0.004005068790116972,-0.5881975223831484,90847.392578125,97205.55807291667,1.0289457562814872,0.961642944247902,13.09000015258789,12.49,18551.69822364026,123.92166407221123,0.049488011477268445,0.05684752143636185,-1657.0,6154.0,8049926.0,68.95
2023-09-05,93668.98390446522,93668.98390446522,91653.56519340603,92421.34375,21030,1079019188281.25,-0.011293632351728089,-0.0009170328075382983,-0.01037659954418979,-0.5928482681668839,90832.996875,97020.01171875,1.0174864523867446,0.9526008306195528,14.010000228881836,12.42,18551.69822364026,123.92166407221123,0.03935267900229955,0.034475718655258336,-6307.0,2021.0,8051909.0,68.97
2023-09-06,92421.34153861053,93189.12007683367,91269.67373127582,92901.203125,23052,1084621546484.375,0.005192083944353998,-0.007296100290745344,0.012488184235099342,-0.5907343021971173,90837.795703125,96820.06940104166,1.0227152960494397,0.9595242360361342,14.449999809265137,12.46,18551.69822364026,123.92166407221123,-0.0018934840992074209,0.051599596168178,-480.0,3989.0,8055372.0,69.0
2023-09-07,92421.34103403141,92421.34103403141,90981.75628272252,91653.5625,19544,1070055342187.5,-0.013429757452347313,-0.005882979865309057,-0.007546777587038256,-0.5962306412521756,90761.017578125,96648.91888020834,1.0098340118444211,0.9483144101549668,14.399999618530273,12.69,18551.69822364026,123.92166407221123,-0.005435192896128704,0.04429408565036064,271.0,-2131.0,8053239.0,68.98
2023-09-08,92325.36939981714,92421.34171728056,89734.1168283046,91845.5078125,25341,1072296303710.9375,0.0020942482459425094,-0.00022763694551453106,0.0023218851914570404,-0.5953850479808527,90617.059375,96458.573828125,1.0135564809316568,0.9521756767434194,13.84000015258789,12.4,18551.69822364026,123.92166407221123,0.007263291839518127,-0.007118376494788636,6343.0,-14642.0,8038580.0,68.85
2023-09-11,91845.503257329,91845.503257329,87718.69381107492,88390.5,26034,1031959087500.0,-0.0376176025892665,0.0036111094873485516,-0.04122871207661505,-0.610605692447584,90410.719140625,96249.03411458334,0.9776550926723329,0.9183520729649313,13.800000190734863,12.42,18551.69822364026,123.92166407221123,-0.046453604472196264,-0.04434201978128671,-1018.0,-10989.0,8027578.0,68.76
2023-09-12,89062.30537634408,89734.11155913978,87334.80376344087,89254.25,29698,1042043368750.0,0.009771977757790706,-0.007939287576219978,0.017711265334010684,-0.6068005399351716,90252.364453125,96009.10325520833,0.9889408498140412,0.9296436168427404,14.229999542236328,12.4,18551.69822364026,123.92166407221123,-0.021195561551147324,-0.016254154903086238,11005.0,-13369.0,8014209.0,68.64
2023-09-13,88966.3337496647,91557.58618897531,88198.55524912821,89446.1953125,34014,1044284330273.4375,0.002150545352182176,-0.0007412054400879331,0.002891750792270109,-0.6059549466638486,90055.62109375,95783.56822916666,0.9932327846518811,0.9338365334072312,13.479999542236328,12.64,18551.69822364026,123.92166407221123,-0.020625695950334255,-0.02585058834591547,10541.0,-9808.0,8004401.0,68.56
2023-09-14,90501.89131117726,91845.5036954365,89254.25124007936,90693.8359375,68773,1058850534570.3125,0.013948504133027617,0.015066848992755011,-0.0011183448597273937,-0.6004586076087902,89892.468359375,95612.41744791667,1.0089147354917574,0.9485570845115805,12.819999694824219,12.02,18551.69822364026,123.92166407221123,0.0194846712665534,-0.01942215561860461,-4209.0,6523.0,8010917.0,68.62
2023-09-15,92709.25614519817,99715.23512925558,92709.25614519817,94436.7578125,117924,1102549147460.9375,0.04126985959199447,0.011034338002821498,0.030235521589172976,-0.5839695904436151,89998.03828125,95441.26692708333,1.0493201809285964,0.9894751070797209,13.789999961853027,11.73,18551.69822364026,123.92166407221123,0.03200892752171569,0.008491480779111327,-3376.0,16466.0,8027553.0,68.76
2023-09-18,93093.14775955578,93956.89861505682,89926.06128938532,92901.203125,44453,1084621546484.375,-0.01626013771617163,-0.01021038038758526,-0.006049757328586369,-0.5907343021971172,90084.413671875,95239.72513020833,1.0312683330923917,0.9754459391602487,14.0,12.85,18551.69822364026,123.92166407221123,0.023067419400859213,0.043670435527140006,2339.0,-4390.0,8020933.0,68.7
2023-09-19,92229.39281511506,92517.3097541841,90501.89118070084,91749.53125,23820,1071175777343.75,-0.012396737999726515,-0.006023959864415618,-0.006372778135310897,-0.5958078618250547,90338.740234375,94979.000390625,1.0156166779829434,0.9659980719175502,14.109999656677246,12.95,18551.69822364026,123.92166407221123,0.01781298612527571,0.019586392057818425,1455.0,-6263.0,8014668.0,68.65
2023-09-20,92037.44818906904,92037.44818906904,90309.94655465482,91749.53125,19439,1071175777343.75,0.0,0.00020710660905720601,-0.00020710660905720601,-0.5958078618250547,90602.663671875,94753.46536458333,1.0126582103841724,0.9682973693571514,15.140000343322754,13.03,18551.69822364026,123.92166407221123,-0.012629642072954472,0.01648753465649111,1762.0,-1694.0,8012968.0,68.63
2023-09-21,91557.5889793883,91557.5889793883,89254.25340757979,90213.9765625,28708,1053248176367.1875,-0.016736376377944673,-0.01749006528086894,0.0007536889029242655,-0.6025725735785569,90703.434765625,94503.9375,0.994603752279175,0.9546054794013212,17.540000915527344,13.96,18551.69822364026,123.92166407221123,-0.0058261958414438375,0.01835956841914277,456.0,-1159.0,8011798.0,68.62
2023-09-22,90022.03395877378,90789.8125,89254.25541754757,90789.8125,19854,1059971060937.5,0.006383001386720322,-0.0027197493291392094,0.009102750715859531,-0.600035793764588,90842.594921875,94187.22890625,0.9994189683603777,0.963929118143696,17.200000762939453,14.18,18551.69822364026,123.92166407221123,0.00964933300972659,-0.0027732024541706757,7102.0,-3813.0,8007985.0,68.59
2023-09-25,90213.9765625,90597.86582446808,89638.14266954787,90213.9765625,16747,1053248176367.1875,-0.006342517091331157,-0.0049319108757653884,-0.0014106062155657684,-0.602572573578557,91000.94921875,93849.72630208333,0.9913520390390845,0.9612598791403973,16.899999618530273,14.1,18551.69822364026,123.92166407221123,0.008445833403218028,0.0018659486588499252,4253.0,-4290.0,8005175.0,68.57
2023-09-26,91077.72587777191,91173.69819165787,88870.36265839494,90885.78125,12905,1061091496093.75,0.0074467916513420995,-0.013138298127302384,0.020585089778644483,-0.5996130143374674,91125.71328125,93547.41341145833,0.9973670216384537,0.9715477738571838,18.940000534057617,14.74,18551.69822364026,123.92166407221123,0.028277234278938246,0.028823816572805305,4047.0,-3535.0,8001637.0,68.54
2023-09-27,90789.80893611404,90885.78125,88102.5841473073,90885.78125,32266,1061091496093.75,0.0,0.0008526688027992169,-0.0008526688027992169,-0.5996130143374674,91255.27578125,93272.29283854166,0.9959509789643753,0.9744134992727924,18.219999313354492,15.08,18551.69822364026,123.92166407221123,0.018321814760279498,0.028178254379063294,11672.0,-15977.0,7985647.0,68.4
2023-10-04,90118.0045700572,90118.0045700572,87622.72435831971,88102.5859375,34257,1028597690820.3125,-0.03062300036618759,-0.024088616269088647,-0.006534384097098944,-0.6118740651460279,91255.27578125,92926.792578125,0.9654519717708444,0.9480859447874604,18.579999923706055,18.09,18551.69822364026,123.92166407221123,0.013198036878746322,0.020890181379040085,7409.0,-10483.0,7980156.0,68.35
2023-10-05,88774.3874382154,93573.00297541624,88486.47050598335,92229.390625,45392,1076778135546.875,0.04684090306302191,-0.0008687086868636174,0.04770961174988553,-0.5936938958552882,91212.08828125,92755.64192708333,1.011153152645877,0.9943264766309631,18.489999771118164,17.34,18551.69822364026,123.92166407221123,0.04032255884998737,0.05949704241306608,6225.0,13321.0,7992871.0,68.46
2023-10-06,94148.84256114131,94148.84256114131,91173.70074728261,92709.2578125,16453,1082380584960.9375,0.005202974716065567,0.002134249710466385,0.003068725005599182,-0.5915798954684401,91173.69921875,92674.06549479166,1.0168421223105777,1.00037974289269,17.450000762939453,17.39,18551.69822364026,123.92166407221123,0.044243952658385766,0.06397637363423103,4531.0,-5486.0,7987385.0,68.41
2023-10-10,93573.00308388157,94340.78157072369,91173.6953125,91173.6953125,29344,1064452892773.4375,-0.016563205619719246,-0.0025531721669164176,-0.014010033452802828,-0.5983446416390237,91111.316796875,92597.28763020833,1.00068464069907,0.9846259825299255,17.030000686645508,17.56,18551.69822364026,123.92166407221123,0.03676830330268188,0.02938125040278372,2092.0,1072.0,7987399.0,68.41
2023-10-11,91749.53221821581,92997.1723006811,89158.27973924947,89830.0859375,48039,1048766253320.3125,-0.014736809453590127,0.019770412829307027,-0.034507222282897154,-0.6042637601212028,90957.7609375,92458.12786458334,0.9876022124074177,0.9715758691228051,16.09000015258789,16.74,18551.69822364026,123.92166407221123,-0.0454485307301008,-0.004273303077314217,-1175.0,-20785.0,7960432.0,68.18
2023-10-12,90309.95291983981,91461.6207572873,89446.20204175421,91365.6484375,30870,1066693945507.8125,0.01709407804717422,0.012138374782074246,0.0049557032650999755,-0.5974990139506194,90943.365234375,92328.565234375,1.0046433646042976,0.9895707596621842,16.690000534057617,15.7,18551.69822364026,123.92166407221123,-0.04356155247060001,0.007216784284884703,735.0,7520.0,7967803.0,68.25
2023-10-13,90693.83479835419,91941.47485378128,86279.10844838139,88198.5546875,169099,1029718125976.5625,-0.03466394431783071,-0.009545114307944469,-0.02511883000988624,-0.6114512857189071,90761.017578125,92135.02109375,0.9717669219781577,0.9572750257229059,19.31999969482422,15.95,18551.69822364026,123.92166407221123,-0.05467034902768342,-0.06561165747488706,-104603.0,64944.0,8032702.0,68.8
2023-10-16,88006.6151550494,88102.58747255763,85511.33489983535,87430.78125,36338,1020754371093.75,-0.008705056905074393,-0.00810614697839751,-0.0005989099266768827,-0.6148336243871174,90713.031640625,91928.68072916666,0.9638172120227644,0.9510718587116677,17.209999084472656,17.07,18551.69822364026,123.92166407221123,-0.020762036671463147,-0.06927929240716313,4759.0,-8242.0,8024458.0,68.73
2023-10-17,87430.7797266476,88870.36446418845,86663.00119995915,88102.5859375,30583,1028597690820.3125,0.0076838463284347736,0.009822485361272948,-0.0021386390328381744,-0.6118740651460279,90655.4484375,91720.74075520833,0.971839944051901,0.960552490222852,17.8799991607666,16.18,18551.69822364026,123.92166407221123,-0.027856378969401296,-0.057407897987198475,264.0,4355.0,8028663.0,68.77
2023-10-18,87334.80412137682,87622.7210580407,85895.21943805741,86087.1640625,32393,1005067640429.6875,-0.02287585379650192,0.0009878081020509022,-0.023863661898552824,-0.620752777286378,90487.496875,91500.00442708333,0.9513708195666121,0.9408432775662121,19.219999313354492,16.0,18551.69822364026,123.92166407221123,-0.02660121085806788,-0.046764337602854145,-6891.0,-3614.0,8024146.0,68.73
2023-10-19,84935.50122584894,84935.50122584894,81672.44242169205,81960.359375,47937,956887195703.125,-0.047937514639277756,-0.019004323467974538,-0.02893319117130322,-0.6389329465771177,90050.823046875,91228.0828125,0.9101566937632142,0.8984115071611464,21.399999618530273,18.23,18551.69822364026,123.92166407221123,-0.05493549210269422,-0.08065323203925734,1721.0,-23834.0,8000149.0,68.52
2023-10-20,81000.63364520959,81864.38447791916,77833.54725860778,80136.8828125,47280,935598106835.9375,-0.022248274365866294,-0.016888835169912575,-0.005359439195953719,-0.6469660654461449,89335.829296875,90932.16809895834,0.8970295954403058,0.8812819983054819,21.709999084472656,19.53,18551.69822364026,123.92166407221123,-0.05815629226580976,-0.06089384122532482,9358.0,-18240.0,7982076.0,68.37
2023-10-23,79657.02570857557,83975.7801144622,79657.02570857557,82536.1953125,36381,963610080273.4375,0.02994017755362144,-0.007570518092105294,0.03751069564572673,-0.6363961667631488,88817.57890625,90708.2328125,0.9292776985017773,0.9099085359000196,20.3700008392334,19.65,18551.69822364026,123.92166407221123,0.003218065278469795,-0.022784235652921203,2643.0,688.0,7982623.0,68.37
2023-10-24,83975.7770040761,84167.72163722826,82248.27530570653,83879.8046875,32539,979296719726.5625,0.016279032125394277,0.011238763360034154,0.005040268765360123,-0.6304770482809696,88424.092578125,90551.478125,0.9486080347772865,0.9263217611059842,18.969999313354492,18.82,18551.69822364026,123.92166407221123,0.03719152521513314,-0.015605327854722906,12778.0,-10371.0,7972312.0,68.29
2023-10-25,83879.80592007711,83879.80592007711,80136.88551860914,80904.6640625,37838,944561952929.6875,-0.03546909337812709,-0.008533670010735572,-0.02693542336739152,-0.6435836923608531,87881.84921875,90370.73033854166,0.9206072104959601,0.8952529625401895,20.190000534057617,18.56,18551.69822364026,123.92166407221123,0.015615541043695336,-0.018677089323561602,-4231.0,-11821.0,7960242.0,68.18
2023-10-26,81672.43831650831,81672.43831650831,78697.29661520189,80808.6875,41773,943441426562.5,-0.0011862920835546964,-0.027120285831646607,0.02593399374809191,-0.6440065062050553,87411.584765625,90223.57291666667,0.924461988839017,0.895649383943567,20.68000030517578,21.14,18551.69822364026,123.92166407221123,0.004038839146060513,0.03619009559583353,6397.0,2458.0,7962792.0,68.2
2023-10-27,81672.43324448529,82920.07323529413,80136.8763327206,81576.4609375,31379,952405181445.3125,0.009501124956397877,0.0016223795352929837,0.007878745421104894,-0.6406241675368448,86950.9171875,90015.6328125,0.9381897693107644,0.9062477081888815,21.270000457763672,20.02,18551.69822364026,123.92166407221123,0.006877315801805284,0.04942828021289214,7533.0,-5829.0,7956944.0,68.15
2023-10-30,82344.25,82728.13927738927,81000.63752913753,82344.25,15272,961369118750.0,0.009411894726448544,0.0033611066642211807,0.0060507880622273635,-0.6372417600344719,86557.430859375,89823.68828125,0.951325024119305,0.9167320066191128,19.75,20.03,18551.69822364026,123.92166407221123,0.03986352723142417,0.01796837262939277,-269.0,367.0,7958671.0,68.17
2023-10-31,82152.29930639324,82344.2439309409,78889.24068908324,79561.046875,25739,928875222265.625,-0.03379960501188606,-0.014091907946449322,-0.019707697065436736,-0.6495028452601137,85991.194140625,89564.56302083333,0.9252231890731799,0.8883094406042439,18.139999389648438,19.89,18551.69822364026,123.92166407221123,-0.0057781635821044786,-0.006779593201404088,-3395.0,-5178.0,7953493.0,68.12
2023-11-01,79657.03058952295,80808.69850166063,77929.52872131643,79465.0859375,26095,927754878320.3125,-0.001206129648479437,0.010346870908308992,-0.011553000556788429,-0.6499255902701532,85420.159375,89289.442578125,0.930284917739888,0.8899718000587914,16.8700008392334,18.79,18551.69822364026,123.92166407221123,-0.0252099095599978,0.008602829609199003,4367.0,-2888.0,7950755.0,68.1
2023-11-02,81096.59940257353,82440.21170036765,81000.62709558824,81576.4609375,72400,952405181445.3125,0.026569844795242714,0.018057342643990504,0.00851250215125221,-0.6406241675368448,85093.853125,89087.90065104167,0.9586645561538615,0.9156850744192069,15.65999984741211,17.49,18551.69822364026,123.92166407221123,-0.022748195470972954,-0.008818661987640697,8215.0,-4929.0,7945448.0,68.06
2023-11-03,81960.36092458677,82440.2225225059,80232.85917207792,81288.5546875,40853,949043875976.5625,-0.003529280955453351,0.01076341350071175,-0.0142926944561651,-0.6418925058182073,84546.811328125,88875.162109375,0.9614620990497235,0.9146374842890472,14.90999984741211,16.7,18551.69822364026,123.92166407221123,-0.01733319286170132,-0.03099010186491069,-4225.0,-982.0,7944088.0,68.04
2023-11-06,83207.99015625,83207.99015625,80808.68248161765,81576.4609375,102499,952405181445.3125,0.0035417808953155383,0.05659239143152339,-0.053050610536207854,-0.6406241675368449,83990.171484375,88670.42109375,0.9712619881086441,0.9199963181775165,14.890000343322754,18.65,18551.69822364026,123.92166407221123,-0.058830802841120744,-0.09009150046334591,-19043.0,-6633.0,7929425.0,67.92
2023-11-07,82056.33256286982,82536.19415680473,81000.63705621302,81096.609375,76082,946802914453.125,-0.005882230694803536,-0.02334193325312295,0.017459702558319412,-0.6427380990895303,83486.3171875,88476.876953125,0.9713760542684736,0.9165853516502954,14.8100004196167,18.23,18551.69822364026,123.92166407221123,-0.04988360243405354,-0.05292410083958976,-4427.0,-5145.0,7929643.0,67.92
2023-11-08,82152.29847852029,82728.13234636038,79848.96300715991,80424.796875,44180,938959503515.625,-0.008284100965226027,-0.00914083868273785,0.000856737717511824,-0.6456976927477012,83016.052734375,88270.53645833333,0.9687860868588127,0.9111171190509669,14.449999809265137,17.56,18551.69822364026,123.92166407221123,-0.03473417026037662,-0.04051436256528951,1309.0,-9429.0,7897171.0,67.64
2023-11-09,80520.77291729722,80904.66218031175,79081.18818099274,79273.1328125,31950,925513825585.9375,-0.014319763396977825,0.0022546727699972458,-0.01657443616697507,-0.6507712179585574,82411.426953125,88038.60325520833,0.9619191869786451,0.9004360573815695,15.289999961853027,16.84,18551.69822364026,123.92166407221123,0.0017420041088561655,-0.06560130088351679,-6083.0,496.0,7894506.0,67.62
2023-11-10,79177.15981492719,79465.07675970874,77929.51972087378,79081.1875,27284,923272864062.5,-0.00242131609651397,-0.0071774170834456585,0.004756100986931688,-0.6516168112298804,81955.55859375,87777.878515625,0.9649276858937887,0.9009238869440558,14.170000076293945,17.13,18551.69822364026,123.92166407221123,-0.010961597462531558,-0.04655250544042,1377.0,-6160.0,7888296.0,67.57
2023-11-13,79848.96393643031,80040.90856127751,77257.71150099327,78505.3515625,39659,916549979492.1875,-0.007281579294696305,-0.0024484377708658966,-0.004833141523830409,-0.6541535910438492,81509.287109375,87544.34596354167,0.9631460947162487,0.8967495353177234,14.760000228881836,17.68,18551.69822364026,123.92166407221123,-0.01665147670387379,0.0016649635719574452,7719.0,-10107.0,7878189.0,67.48
2023-11-14,79081.1966334541,79657.03058952295,78313.41802536232,79465.0859375,37793,927754878320.3125,0.01222508218737084,0.012268275582657084,-4.3193395286245106e-05,-0.6499255902701532,81077.412109375,87328.40833333334,0.9801137440141782,0.9099568794862382,14.15999984741211,17.35,18551.69822364026,123.92166407221123,-0.00012023393218496548,-0.015837932381648212,8531.0,-14250.0,7863522.0,67.35
2023-11-15,80328.82596982758,88006.61100875973,80328.82596982758,86279.109375,97571,1007308601953.125,0.08574864491884271,0.02195414440563037,0.06379450051321234,-0.6199071840150551,81087.009375,87210.04244791667,1.0640312183174532,0.9893253913564755,14.180000305175781,17.24,18551.69822364026,123.92166407221123,0.058918165594095684,0.0470998304140523,46633.0,-2018.0,7861532.0,67.34
2023-11-16,86854.94132401315,91941.4737993421,84935.4951069079,91173.6953125,76038,1064452892773.4375,0.05672967619805136,0.000607241738174169,0.05612243445987719,-0.5983446416390236,81547.676171875,87163.655859375,1.1180416118828034,1.0460058657887708,14.319999694824219,16.98,18551.69822364026,123.92166407221123,0.11987374157780328,0.11979670104090456,25311.0,-4113.0,7857551.0,67.3
2023-11-17,91269.6668323123,93956.89151296923,90405.91604210115,92037.4453125,44722,1074537174023.4375,0.009473675461321163,-0.007366763854689928,0.01684043931601109,-0.5945394891266109,82142.704296875,87158.85729166666,1.120457940852106,1.0559735197595321,13.800000190734863,16.55,18551.69822364026,123.92166407221123,0.13675737428910062,0.13188103936998397,5436.0,-2488.0,7855052.0,67.28
2023-11-20,91173.69462025317,92325.36234177215,90022.02689873418,90981.75,23659,1062211931250.0,-0.011470280481118755,0.008644189999986063,-0.020114470481104818,-0.5991902349103465,82564.98203125,87155.658203125,1.1019411348695545,1.0438995227132346,13.40999984741211,16.68,18551.69822364026,123.92166407221123,0.052848403294783464,0.11659971041270956,5225.0,-4119.0,7855968.0,67.29
2023-11-21,90981.76181640624,93285.09755859374,90885.7894938151,92133.4296875,26974,1075657791601.5625,0.012658359368774574,0.007715145744958685,0.00494321362381589,-0.5941166408653276,82977.66328125,87246.83203125,1.1103401330454057,1.0560088835603765,13.350000381469727,16.18,18551.69822364026,123.92166407221123,0.0016691824587221626,0.12158611743181169,654.0,-28.0,7856132.0,67.29
2023-11-22,92133.41968911918,93189.115123057,91365.64119170984,92613.28125,29582,1081260058593.75,0.005208224247459148,0.000509886527636727,0.004698337719822421,-0.5920027093126422,83563.094140625,87349.20234375,1.1083036381365294,1.0602647621844787,12.850000381469727,15.88,18551.69822364026,123.92166407221123,-0.010472919137466508,0.062489954638421774,-4332.0,12913.0,7869120.0,67.4
2023-11-23,95300.50425207494,97219.95046057596,94436.7534582495,95396.4765625,73805,1113753863867.1875,0.03005179467712682,0.001297929620974081,0.02875386505615274,-0.5797416585040817,84292.48359375,87469.16770833333,1.1317317095823871,1.0906297505950937,12.850000381469727,15.13,18551.69822364026,123.92166407221123,0.03839541639979105,0.03512138523469732,27225.0,-7481.0,7862408.0,67.34
2023-11-24,95492.45533459597,98371.62484217172,93093.14741161617,95012.59375,37313,1109272032031.25,-0.004024077474690579,-0.007288417473718778,0.0032643399990281985,-0.5814328106296462,84964.290234375,87585.93411458333,1.1182650203739315,1.0847928347227629,12.460000038146973,15.04,18551.69822364026,123.92166407221123,0.03671654277500336,0.02154528591771443,6984.0,-4648.0,7857815.0,67.3
2023-11-27,94724.671875,95396.47805851063,93093.14257218844,94724.671875,29548,1105910544140.625,-0.003030354857563311,-0.00038851201365586174,-0.0026418428439074493,-0.5827012177451713,85583.311328125,87713.89713541667,1.1068124194427016,1.0799277533953346,12.6899995803833,15.2,18551.69822364026,123.92166407221123,0.029376362211273488,0.0390179135549118,-1379.0,1353.0,7858970.0,67.31
2023-11-28,94820.6443071209,96452.17361200051,92709.25344198258,93668.9765625,44276,1093585301367.1875,-0.011144882231876263,0.010458194856441727,-0.02160307708831799,-0.5873519635289067,86288.7078125,87801.87174479167,1.0855299486699566,1.0668220927540346,12.6899995803833,15.35,18551.69822364026,123.92166407221123,-0.02098057993319724,0.012471622842777919,2268.0,-9115.0,7850013.0,67.24
2023-11-29,93573.00749905968,95684.3984375,91461.61656061935,95684.3984375,32719,1117115351757.8125,0.021516428907016216,-0.0007732500968862244,0.02228967900390244,-0.5784732513885565,87099.6734375,87925.03619791666,1.0985620802144584,1.0882497474566544,12.979999542236328,14.6,18551.69822364026,123.92166407221123,-0.001955240928322999,0.03006296412685794,-7384.0,11584.0,7861747.0,67.34
2023-11-30,95396.48301767677,95876.34460227273,93093.14741161617,95012.59375,19614,1109272032031.25,-0.007021047302072092,0.006143312435775039,-0.013164359737847131,-0.5814328106296462,87771.480078125,88040.20299479166,1.082499619072502,1.0791955324730547,12.920000076293945,14.46,18551.69822364026,123.92166407221123,-0.01247775782226268,-0.011855260667141931,-2595.0,-2689.0,7858524.0,67.31
2023-12-01,93764.94299568965,97699.80754310345,92613.27532327586,97411.890625,57813,1137283823046.875,0.02525240897341563,-0.011943418240254688,0.03719582721367032,-0.5708629807808129,88577.646875,88112.18216145833,1.0997344596709235,1.105543958115811,12.630000114440918,14.5,18551.69822364026,123.92166407221123,0.04632114647972563,0.02207622654750019,15891.0,-347.0,7858495.0,67.31
2023-12-04,97891.76325757576,99139.40337752526,94340.78753156566,95012.59375,26567,1109272032031.25,-0.02463043125029174,0.003968024625650157,-0.028598455875941897,-0.5814328106296462,89249.453515625,88137.77473958333,1.064573395212622,1.0780008234917364,13.079999923706055,14.61,18551.69822364026,123.92166407221123,-0.00456698840011871,-0.0038803864845342595,2752.0,-8085.0,7849540.0,67.23
2023-12-05,95012.58881079027,95780.367306231,92421.33638867781,94724.671875,25882,1105910544140.625,-0.003030354857563311,-0.00821882036474264,0.0051884655071793295,-0.5827012177451713,89930.856640625,88176.16354166667,1.0533055662255246,1.0742661970118366,12.850000381469727,14.84,18551.69822364026,123.92166407221123,0.01378583684490775,0.02291115611096306,5546.0,-2479.0,7846759.0,67.21
2023-12-06,94724.67351973684,98755.51069078948,92901.19956140351,98467.59375,63708,1149609157031.25,0.03951369586098141,0.0004409502953583999,0.03907274556562301,-0.5662122005799961,90832.996484375,88268.93671875,1.0840509237954985,1.1155407259945345,12.970000267028809,14.56,18551.69822364026,123.92166407221123,0.015662755196860445,0.03969422267268363,36293.0,-13537.0,7832731.0,67.09
2023-12-07,98179.67416366683,98179.67416366683,95684.39407739573,96644.1171875,23890,1128320068164.0625,-0.018518544965459793,-0.0013263769880978993,-0.017192167977361894,-0.5742453194490234,91701.545703125,88352.11263020833,1.053898453362783,1.0938517972059965,13.0600004196167,16.85,18551.69822364026,123.92166407221123,0.027069043095440448,0.03566641443316887,4111.0,-6364.0,7818971.0,66.97
2023-12-08,98275.65478424015,102882.3261022514,97219.95927386257,102306.4921875,76345,1194428296289.0625,0.05858996041129316,0.010344825221486165,0.048245135189807,-0.5493003695706188,92862.8109375,88526.46236979167,1.1016949751430196,1.1556600077403585,12.350000381469727,14.76,18551.69822364026,123.92166407221123,0.07012571277806812,0.04671572240930555,37909.0,-11675.0,7819066.0,66.97
2023-12-11,102690.38154234787,105761.49575669845,100770.93515837875,105665.5234375,48741,1233644986132.8125,0.03283302142589162,0.0029827072599022397,0.029850314165989378,-0.5345025389480894,94220.81953125,88814.37942708333,1.1214668261557008,1.189734411467137,12.630000114440918,14.59,18551.69822364026,123.92166407221123,0.06090328137843448,0.10516449245123682,8196.0,-11483.0,7792979.0,66.75
2023-12-12,105665.52246366278,107201.07955668605,101634.68509447674,103170.2421875,48024,1204512577539.0625,-0.023614904548085014,0.003924158016217261,-0.027539062564302275,-0.5454952170582064,95406.07734375,89046.31263020834,1.081380191492158,1.1586133006533974,12.069999694824219,14.45,18551.69822364026,123.92166407221123,0.0505563867914941,0.07243696437975522,16214.0,-13209.0,7780039.0,66.64
2023-12-13,103266.21526528777,107488.99730215827,102210.51975607013,106721.21875,58412,1245970228906.25,0.034418612258818815,-0.009707095193917548,0.04412570745273636,-0.529851793164354,96428.1828125,89334.2296875,1.106743025091682,1.1946285217135852,12.1899995803833,14.3,18551.69822364026,123.92166407221123,0.046436959054423466,0.07748992626686857,21286.0,-551.0,7784142.0,66.67
2023-12-14,109792.32896475772,110848.02443557269,107009.13181442732,108928.578125,60285,1271741149609.375,0.020683416108382868,0.013351079279824818,0.00733233682855805,-0.5201275221697622,97315.926953125,89638.14205729167,1.1193293999806277,1.2152034348880074,12.479999542236328,14.11,18551.69822364026,123.92166407221123,0.023918981716992138,0.10201443107278851,22076.0,-12669.0,7775132.0,66.6
2023-12-15,109888.29892453154,110656.07743230119,102882.32004113345,104993.7109375,92987,1225801575195.3125,-0.03612336868094046,0.007617435666441796,-0.043740804347382256,-0.5374621326062605,97963.740234375,89814.09127604167,1.0717609463083588,1.16901155983201,12.279999732971191,13.98,18551.69822364026,123.92166407221123,0.007717239933912157,0.01002849153559926,-46811.0,34651.0,7811541.0,66.91
2023-12-18,104993.71368684669,110560.10801393728,104033.99052700348,110176.21875,59929,1286307353906.25,0.04936017373064394,0.0012872914044133044,0.04807288232623064,-0.5146311831147039,98923.463671875,90102.008203125,1.1137521338259033,1.2227942633822313,12.5600004196167,14.27,18551.69822364026,123.92166407221123,0.011664414807406431,0.02825105969584052,31676.0,-7502.0,7803858.0,66.84
2023-12-19,108448.70954984459,110368.1557365675,106817.1802911301,108064.8203125,37852,1261656777148.4375,-0.019163831010492016,0.000658369110713819,-0.019822200121205835,-0.5239327090992562,99720.033203125,90373.9296875,1.0836821533380065,1.1957521454049032,12.529999732971191,13.85,18551.69822364026,123.92166407221123,-0.015490122142357454,0.03596792213893696,-8176.0,6781.0,7810852.0,66.9
2023-12-20,108160.79853753382,108832.6047396303,105761.49067290351,106433.296875,42221,1242608741015.625,-0.015097637073582248,0.017811605431193644,-0.03290924250477589,-0.5311202002798792,100411.033984375,90618.65911458334,1.0599761067251048,1.174518558483852,13.670000076293945,14.78,18551.69822364026,123.92166407221123,-0.004658560299751091,-0.0410670278185753,-22251.0,17831.0,7850655.0,67.24
2023-12-21,106241.35782512343,108064.83189800268,104513.85607186938,106913.1640625,30974,1248211190429.6875,0.004508619027968175,-0.00546227633789631,0.009970895365864485,-0.5290061998930311,100986.868359375,90896.97890625,1.0586838249309356,1.176201512404157,13.649999618530273,14.93,18551.69822364026,123.92166407221123,-0.04276054726011724,-0.03842846928126886,-6983.0,8576.0,7859410.0,67.32
2023-12-22,108448.7110422252,110080.24032339142,106337.3202077748,107393.015625,21284,1253813457421.875,0.004488236474036844,-0.0001961560917969063,0.00468439256583375,-0.5268922683403457,101605.889453125,91173.69895833333,1.0569566016598364,1.1778946873053702,13.029999732971191,14.97,18551.69822364026,123.92166407221123,-0.018253954573077658,0.009996727631947144,-2654.0,6003.0,7867364.0,67.39
2023-12-26,107393.01863687784,107584.96326357467,105089.68311651584,106049.40625,23647,1238126817968.75,-0.012511142993615887,0.00118486873042567,-0.013696011724041557,-0.532811386822525,102172.126171875,91437.62278645833,1.0379485112368376,1.159800561500442,12.989999771118164,16.25,18551.69822364026,123.92166407221123,0.0009592762076566785,-0.05177216641832505,192.0,11737.0,7884317.0,67.53
2023-12-27,106049.40733000448,109348.29099809246,105952.38133976661,108086.953125,27861,1261915177734.375,0.019213185128040156,0.004191944079145138,0.015021241048895018,-0.5238352055078338,102893.025,91724.308984375,1.0504789136581416,1.1783893966801355,12.430000305175781,16.55,18551.69822364026,123.92166407221123,0.006009621890687211,-0.016928725248224197,-1957.0,3091.0,7888592.0,67.57
2023-12-28,107019.66976218553,108086.95568003145,105952.38384433962,107989.9296875,17738,1260782429101.5625,-0.0008976424507756153,0.01598623657810405,-0.016883879028879667,-0.5242626312409348,103508.3015625,92009.378125,1.0432972820280886,1.173683942747548,12.470000267028809,17.78,18551.69822364026,123.92166407221123,-0.015558649704026206,-0.0009033617723279708,1938.0,-725.0,7889016.0,67.57
2024-01-02,106922.63919970162,115072.8222239983,106728.58722293265,113811.484375,55213,1328749080078.125,0.05390831075032976,0.005472126908107056,0.0484361838422227,-0.4986164333303269,104448.24609375,92437.859765625,1.089644763137964,1.231221543462468,13.199999809265137,18.61,18551.69822364026,123.92166407221123,0.04657354586223805,0.037561926704030246,12676.0,-6410.0,7888586.0,67.57
2024-01-03,111094.75322366998,112162.0390625,109251.2595020545,112162.0390625,39502,1309491806054.6875,-0.014492784463343011,-0.02340990506003271,0.008917120596689698,-0.5058828772955326,105185.753515625,92770.07057291667,1.066323483111605,1.2090325939155278,14.039999961853027,18.28,18551.69822364026,123.92166407221123,0.04046942541003273,0.041794654734886194,-11363.0,9677.0,7898209.0,67.65
2024-01-04,111676.92132627305,111870.97331815188,109348.29742372695,110512.609375,21522,1290234714453.125,-0.014705774799447902,-0.007781981661760362,-0.0069237931376875395,-0.5131492524265756,105960.754296875,93066.79309895834,1.0429579338909938,1.187454791286205,14.130000114440918,18.2,18551.69822364026,123.92166407221123,0.05042951130122486,0.04856687332124021,-3075.0,866.0,7899434.0,67.66
2024-01-05,110512.609375,111094.76535063652,109154.2454318481,110512.609375,17118,1290234714453.125,0.0,-0.003455690848449544,0.003455690848449544,-0.5131492524265756,106750.151171875,93389.10833333334,1.0352454601873788,1.1833565107030235,13.350000381469727,17.8,18551.69822364026,123.92166407221123,0.005449018307451703,0.03700132312079474,2386.0,-758.0,7896167.0,67.63
2024-01-08,110609.62833080589,112453.12213631932,109736.3944229311,111967.9921875,18294,1307226308789.0625,0.013169382396550633,-0.0039797094949381995,0.017149091891488832,-0.5067377287617347,107425.17109375,93758.0734375,1.0422882369885682,1.1942224075470034,13.079999923706055,17.77,18551.69822364026,123.92166407221123,0.013680989602250837,0.07103429404116324,990.0,6587.0,7911738.0,67.77
2024-01-09,113035.27450252858,113908.50838280562,104302.93569975813,110318.546875,28100,1287969034765.625,-0.01473140028927078,-0.0025625152658005357,-0.012168885023470244,-0.5140041727269405,108108.892578125,94073.955078125,1.020439153932487,1.1726789501237027,12.760000228881836,17.42,18551.69822364026,123.92166407221123,0.008435897716468133,0.010429225175470291,6644.0,-2188.0,7910521.0,67.76
2024-01-10,110512.6054933176,110512.6054933176,103914.83800117925,107989.9296875,52188,1260782429101.5625,-0.02110812056053013,-0.007519798940771039,-0.013588321619759092,-0.5242626312409348,108393.064453125,94403.811328125,0.9962808066396228,1.1439149348764417,12.6899995803833,16.79,18551.69822364026,123.92166407221123,-0.008608114751740503,-0.012076217040978499,-11437.0,9989.0,7924199.0,67.87
2024-01-11,108960.19176393925,108960.19176393925,106728.59389165911,107019.671875,12865,1249454669140.625,-0.008984706400936848,-0.0006726885933950877,-0.00831201780754176,-0.5285369918231891,108460.771875,94730.29283854166,0.9867131685024254,1.1297301915597828,12.4399995803833,17.14,18551.69822364026,123.92166407221123,-0.034069224450771096,-0.01346444171083272,3664.0,-1938.0,7920884.0,67.84
2024-01-12,107795.87634524632,107892.90233655616,104496.99264071132,105370.2265625,21432,1230197395117.1875,-0.015412543167078407,-0.005991477514635801,-0.009421065652442606,-0.535803435788395,108570.77109375,95018.08684895834,0.9705211218543677,1.1089491491235508,12.699999809265137,16.77,18551.69822364026,123.92166407221123,-0.03132140507974346,-0.02634119821172487,-6247.0,6519.0,7927391.0,67.9
2024-01-15,105370.22671315428,106534.53861053719,104982.12274735996,105661.3046875,921,1233595732226.5625,0.0027624323729373845,0.00037224664385804296,0.0023901857290793416,-0.5345211241720105,108517.775390625,95344.32252604167,0.9736773934699386,1.1082076193749284,12.699999809265137,16.84,18551.69822364026,123.92166407221123,-0.015342897730905025,-0.04110010437413436,3062.0,-113.0,7927273.0,67.9
2024-01-16,105661.30882827158,106631.56878078096,102847.55496599438,103429.7109375,20797,1207541875195.3125,-0.021120255486150596,-0.011243077943121627,-0.00987717754302897,-0.5443521569529037,108242.83203125,95702.14505208333,0.9555340431931748,1.0807460050264406,13.84000015258789,17.18,18551.69822364026,123.92166407221123,-0.016908057466392235,-0.03880839689369309,-9544.0,9614.0,7936887.0,67.98
2024-01-17,104399.96009071631,106243.4538097903,101877.28447514138,102944.5703125,17734,1201877858398.4375,-0.004690534476047836,-0.0246998840386079,0.020009349562560064,-0.5464893888696531,108140.375,96082.27317708333,0.9519531471247441,1.0714210531090287,14.789999961853027,19.31,18551.69822364026,123.92166407221123,0.012522357748610435,-0.005210725711373931,3853.0,-342.0,7937468.0,67.99
2024-01-18,101974.3125,103623.75428163653,100907.026641294,101974.3125,19419,1190550098437.5,-0.009425050874996788,0.0016996333530645558,-0.011124684228061343,-0.5507637494519075,107730.2796875,96406.241796875,0.9465705723200877,1.0577563298739179,14.130000114440918,18.32,18551.69822364026,123.92166407221123,-0.0009925122085302496,-0.008023392131893514,4745.0,-5212.0,7932326.0,67.94
2024-01-19,103332.676066899,106243.45567441727,103041.59810614717,106146.4296875,27348,1239259566601.5625,0.040913413243163665,0.013401399423117244,0.02751201382004642,-0.5323839610894239,107634.36015625,96777.35221354167,0.986176064347946,1.0968106407094629,13.300000190734863,17.64,18551.69822364026,123.92166407221123,0.03639667915454514,0.028909687340595513,9937.0,-5768.0,7926558.0,67.89
2024-01-22,108378.02983084862,108960.18576548164,105079.14620126146,105758.328125,27026,1234728480859.375,-0.003656284659244724,-0.0033929538128794068,-0.00026333084636531723,-0.5340936984389095,107600.61171875,97191.57994791666,0.982878502600288,1.0881429047832551,13.1899995803833,18.01,18551.69822364026,123.92166407221123,0.01612399874561976,0.026256170765150855,1880.0,-482.0,7931068.0,67.93
2024-01-23,106631.56659502789,106631.56659502789,100810.00699930298,104399.96875,27741,1218869635156.25,-0.012843994407650827,0.005786519447535943,-0.01863051385518677,-0.5400777963706493,107474.951953125,97584.76796875,0.9713888385410384,1.069838776308127,12.550000190734863,17.39,18551.69822364026,123.92166407221123,0.008618169118494334,0.017502834452993055,6301.0,-5397.0,7925646.0,67.89
2024-01-24,104691.04129256064,105564.27518656716,102071.33961054104,104011.859375,16036,1214338458203.125,-0.003717523861806682,-0.003598858081355627,-0.00011866578045105491,-0.5417875681372162,107305.894140625,97958.69127604166,0.9693023874223708,1.061793068283251,13.140000343322754,17.07,18551.69822364026,123.92166407221123,-0.019012510482003142,-0.002625180890018064,-3778.0,2819.0,7928455.0,67.91
2024-01-25,106631.56383118016,106631.56383118016,103526.73212726956,104205.9140625,14289,1216604046679.6875,0.001865697706646685,0.00026325024590123647,0.0016024474607454486,-0.5409326822539328,107213.71953125,98323.05234375,0.9719457035731952,1.0598319679720964,13.449999809265137,16.92,18551.69822364026,123.92166407221123,-0.017146732174892376,0.010101950798788728,-3975.0,1912.0,7933428.0,67.95
2024-01-26,101877.28856077981,106146.43208142201,101877.28856077981,105758.328125,29881,1234728480859.375,0.014897561971088269,0.003327465211538483,0.011570096759549786,-0.5340936984389095,107097.28828125,98759.67369791666,0.9874977212052863,1.0708655078032217,13.260000228881836,16.96,18551.69822364026,123.92166407221123,0.01305387843984418,-0.005839966261707907,-1659.0,8572.0,7942000.0,68.03
2024-01-29,106534.53876201923,107019.66871995192,104788.07091346155,105952.3828125,23048,1236994069335.9375,0.0018348880030576442,0.008912369774300766,-0.0070774817712431215,-0.5332388125556261,106995.4109375,99201.12864583333,0.9902516555068959,1.0680562233396549,13.600000381469727,17.27,18551.69822364026,123.92166407221123,0.006095062449052113,-0.012654117186585712,-2085.0,8123.0,7950122.0,68.1
2024-01-30,107019.6682609072,107019.6682609072,104108.8885257964,105079.1484375,31928,1226799058007.8125,-0.008241762495755589,-0.0007357462347190591,-0.00750601626103653,-0.5370857474047794,106558.794140625,99592.84010416667,0.9861142788349094,1.055087377040308,13.3100004196167,17.11,18551.69822364026,123.92166407221123,-0.0030134012727298654,-0.0015296195924354716,-13417.0,15115.0,7930238.0,67.92
2024-01-31,106631.5683464404,106631.5683464404,101780.26860365421,102556.4765625,23619,1197346863867.1875,-0.024007349816890233,-0.000688315903487613,-0.02331903391340262,-0.5481990918020573,106078.516015625,99947.30546875,0.9667978061400649,1.0261054670910144,14.350000381469727,17.02,18551.69822364026,123.92166407221123,-0.03790253194568227,-0.024729987725387037,-7848.0,6648.0,7936886.0,67.98
2024-02-01,103526.73110682271,105661.30288222112,96055.72989292828,97414.09375,65711,1137309544531.25,-0.05014196065292986,0.01816909740937711,-0.06831105806230697,-0.5708532751638764,105423.590234375,100211.266015625,0.9240255765662267,0.9720872475037999,13.880000114440918,16.79,18551.69822364026,123.92166407221123,-0.09913610823674612,-0.09464349324843946,-25567.0,7708.0,7944572.0,68.05
2024-02-02,98481.37947989511,98869.48343843657,96443.83369755246,97123.015625,44086,1133911207421.875,-0.002988049406351889,0.028653390328863715,-0.031641439735215604,-0.5721355867802609,104754.110546875,100478.37278645833,0.9271523104722438,0.9666061753548766,13.850000381469727,17.79,18551.69822364026,123.92166407221123,-0.1232715317109252,-0.13785502974320485,-14964.0,6111.0,7950683.0,68.1
2024-02-05,96734.91087728195,98093.27472109532,92659.81934584178,95667.625,48393,1116919521875.0,-0.014985023020901433,-0.009176732189415726,-0.005808290831485707,-0.5785471448621832,103939.0921875,100732.419921875,0.920420055501555,0.9497203092529386,13.670000076293945,18.06,18551.69822364026,123.92166407221123,-0.10576078862900828,-0.13658583880344743,-30935.0,26085.0,7976768.0,68.32
2024-02-06,94697.36822968906,97802.19997492478,93436.03033318707,96734.9140625,29750,1129380121679.6875,0.011156219907204834,-0.0058310688725821125,0.016987288779786947,-0.5738453241297463,103259.910546875,101023.449609375,0.936809973494864,0.9575491080194016,13.0600004196167,17.59,18551.69822364026,123.92166407221123,-0.020462441786914365,-0.11209253376262396,1960.0,-2412.0,7974356.0,68.3
2024-02-07,97705.1762784091,98384.35823863637,95085.47443181818,96055.734375,23006,1121450698828.125,-0.007021039860139688,0.012957118075381135,-0.019978157935520824,-0.5768373730956163,102663.20078125,101306.35872395833,0.9356393882523799,0.9481708313762877,12.829999923706055,17.62,18551.69822364026,123.92166407221123,-0.008799159987219585,-0.10875165778474216,-9863.0,6709.0,7981065.0,68.36
2024-02-08,96346.80676182604,97414.09263733469,95279.52088631739,95376.546875,17690,1113521184765.625,-0.007070764743190239,0.004115600944536446,-0.011186365687726685,-0.5798294564785677,102081.04453125,101587.5453125,0.9343218157000974,0.9388606308145949,12.789999961853027,17.24,18551.69822364026,123.92166407221123,-0.014177234843460562,-0.051626965410161874,-4830.0,3822.0,7984887.0,68.39
2024-02-13,95473.56963734567,96734.90744759516,94309.2578125,94309.2578125,41515,1101060584960.9375,-0.011190267392452213,0.011189405665662733,-0.022379673058114946,-0.5845312772110044,101527.99609375,101834.94817708334,0.928899037122881,0.9260991388585309,15.850000381469727,18.02,18551.69822364026,123.92166407221123,-0.053544196681362455,-0.042365198733061216,-23021.0,13216.0,8007060.0,68.58
2024-02-14,94018.1869122257,94115.21290491118,91398.48510971788,92853.875,60810,1084068990625.0,-0.015432024874943884,-0.01102790261611497,-0.004404122258828913,-0.5909428008758454,100887.624609375,101944.52760416667,0.9203693253708696,0.9108274586404076,14.380000114440918,17.98,18551.69822364026,123.92166407221123,-0.037970161004670544,-0.04096103016040442,-23158.0,28451.0,8035658.0,68.83
2024-02-15,93727.10362186193,94697.36349372384,92368.73980125523,92756.84375,19591,1082936150781.25,-0.0010449886986407808,-0.00252626420353963,0.001481275504898849,-0.5913702610260276,100353.98125,101970.91341145833,0.9242966008386438,0.9096402164774278,14.010000228881836,17.79,18551.69822364026,123.92166407221123,-0.02530251981204501,-0.05646704343529252,-9840.0,4560.0,8040216.0,68.87
2024-02-16,93824.12993762993,94503.31185031185,92659.81808731808,93339.0,19076,1089732825000.0,0.006276154151698465,0.013375147403939414,-0.007098993252240948,-0.5888056377932588,99873.702734375,101992.60598958333,0.9345703367806965,0.9151545751221698,14.239999771118164,17.41,18551.69822364026,123.92166407221123,-0.010021840006171012,-0.04358787875201264,-4567.0,2820.0,8053136.0,68.98
2024-02-19,93533.05738871635,94891.42129270185,92756.84944358177,93727.109375,20101,1094264001953.125,0.004158062278361685,0.011892357134607678,-0.0077342948562459934,-0.587095866026692,99461.342578125,102038.36197916667,0.9423471164324887,0.9185477653408078,14.239999771118164,18.02,18551.69822364026,123.92166407221123,-0.013352012603588093,-0.04013580792053195,-6735.0,4953.0,8063748.0,69.07
2024-02-20,93727.10697487113,94503.31490012887,92465.76909632732,94115.2109375,17114,1098795087695.3125,0.004140761035819507,-0.008383504070968772,0.01252426510678828,-0.5853861286772064,98859.781640625,102071.39166666666,0.9520070687554979,0.9220527848278088,15.420000076293945,18.09,18551.69822364026,123.92166407221123,-0.0023090230016986624,-0.005231869755628726,-4854.0,5503.0,8069251.0,69.12
2024-02-21,93436.0275642641,97317.06713079636,93436.0275642641,96249.78125,40227,1123716196093.75,0.0226803966249145,-0.0016856036040868716,0.024366000229001372,-0.5759825216294143,98384.354296875,102132.0,0.9783037347540655,0.9424057224963772,15.34000015258789,18.5,18551.69822364026,123.92166407221123,0.029155970479543658,0.02353825273220156,-5865.0,1255.0,8070507.0,69.13
2024-02-22,97025.98884381338,98093.27472109532,95473.57302231237,95667.625,23507,1116919521875.0,-0.006048390369718382,0.004130674778095367,-0.010179065147813748,-0.5785471448621832,97947.737109375,102136.519140625,0.9767211354068459,0.9366642392451381,14.539999961853027,18.22,18551.69822364026,123.92166407221123,0.026711200187975903,0.011877912079488961,-3143.0,-4924.0,8065529.0,69.08
2024-02-23,97511.1260540036,97608.15205007723,94115.21619142636,94212.2421875,25185,1099927927539.0625,-0.015212908363722799,0.0012873813898293118,-0.01650028975355211,-0.5849586685270242,97457.75625,102123.17994791667,0.9666982476574305,0.9225353365959493,13.75,18.31,18551.69822364026,123.92166407221123,-0.002313354672364487,0.0024766155781777988,-9083.0,4773.0,8070272.0,69.12
2024-02-26,94212.23165795923,96055.72537732199,93241.97180566305,94018.1796875,13117,1097662247851.5625,-0.0020598437686450977,-0.007729457369378134,0.005669613600733037,-0.585813588827389,96948.36953125,102111.405078125,0.9697757697430331,0.9207412199995396,13.739999771118164,17.94,18551.69822364026,123.92166407221123,-0.021009741300632823,0.01588052403515683,-2694.0,-169.0,8070092.0,69.12
2024-02-27,94891.42288466632,94891.42288466632,90719.30510957362,91592.5390625,30944,1069342893554.6875,-0.025799697814427036,-0.008322388687417193,-0.017477309127009844,-0.5964994730744843,96240.080078125,102076.79778645834,0.9517088824962296,0.8972904817616723,13.430000305175781,17.16,18551.69822364026,123.92166407221123,-0.028307985279828918,-0.014121050198641294,-4041.0,-1354.0,8068723.0,69.11
2024-02-28,91592.53892136026,92368.74687832093,90428.22698591925,91301.4609375,21670,1065944556445.3125,-0.0031779676377502453,0.010376941287856711,-0.013554908925606957,-0.5977817846908688,95507.533984375,102003.748828125,0.9559608245401551,0.8950794650826195,13.84000015258789,16.83,18551.69822364026,123.92166407221123,-0.025362604451883763,-0.05204195935324962,-9871.0,4404.0,8073125.0,69.15
2024-02-29,90525.25325864572,92465.77315700897,90331.2012688094,91883.6171875,18862,1072741230664.0625,0.006376198628393448,-0.0037439086579440506,0.010120107286337499,-0.5952171614580999,94847.757421875,101951.59921875,0.9687484415557582,0.9012474339941655,13.399999618530273,16.77,18551.69822364026,123.92166407221123,-0.0209121107662793,-0.031742786919098376,-6454.0,5003.0,8078123.0,69.19
2024-03-04,93144.94882292733,95473.57254350052,93144.94882292733,94794.390625,40514,1106724510546.875,0.0316789165097866,0.012076291955720242,0.01960262455406636,-0.5823940797113366,94459.653125,101907.97421875,1.0035437087573997,0.9301960062665914,13.489999771118164,17.33,18551.69822364026,123.92166407221123,0.016167822914796903,0.004360127388520096,169.0,6469.0,8084494.0,69.25
2024-03-05,94891.42039161392,95376.55035271624,91883.61463277953,91980.640625,24267,1073873979296.875,-0.029682663514669305,-0.009299777885502847,-0.02038288562916646,-0.5947897357249989,94187.98046875,101857.44166666667,0.9765645273126717,0.9030330933110516,14.460000038146973,17.13,18551.69822364026,123.92166407221123,0.009339846211237401,-0.0216923718413794,-11219.0,115.0,8083558.0,69.24
2024-03-06,91107.40492900675,93824.1326585192,90622.2749773081,93533.0546875,33083,1091998413476.5625,0.01687761741983418,-0.0029855485773883084,0.019863165997222487,-0.5879507519099755,94008.482421875,101837.58138020833,0.9949427145069585,0.9184532214909585,14.5,17.25,18551.69822364026,123.92166407221123,0.01908290492212239,0.015648103282852932,-11387.0,4991.0,8087885.0,69.28
2024-03-07,93533.05293367348,101683.23596938777,93144.94897959185,99839.7421875,84311,1165628990039.0625,0.06742736587691978,0.002320708000328686,0.06510665787659109,-0.5601673564996997,94217.08828125,101860.45052083333,1.0596776445634326,0.9801619929717468,14.4399995803833,17.25,18551.69822364026,123.92166407221123,0.06458693824464712,0.09430967008505098,5461.0,9475.0,8097718.0,69.36
2024-03-08,100324.87360352532,100907.02954319761,96540.85999565541,97705.171875,38238,1140707881640.625,-0.02137996619113114,0.01236203798886315,-0.03374200417999429,-0.5695709635474919,94265.601171875,101878.134765625,1.0364880790061861,0.9590396614521352,14.739999771118164,17.25,18551.69822364026,123.92166407221123,0.05122781969381929,0.05044755861871919,-17.0,-3707.0,8094144.0,69.33
2024-03-11,96540.86302570094,96540.86302570094,92174.6933411215,93436.03125,43655,1090865664843.75,-0.043694110998154345,-0.007651989112750335,-0.03604212188540401,-0.5883781776430764,94134.616015625,101730.29375,0.9925788748582238,0.9184681160915256,15.220000267028809,18.05,18551.69822364026,123.92166407221123,-0.00467746818880721,-0.005197187820751181,2625.0,-4429.0,8089715.0,69.29
2024-03-12,94406.2901078345,97802.19982394367,93727.10816461267,96443.8359375,44173,1125981784570.3125,0.032191057852748894,0.008259884044588661,0.023931173808160233,-0.5751276357461308,94187.98046875,101576.59895833333,1.0239505662773867,0.9494690403747542,13.84000015258789,17.8,18551.69822364026,123.92166407221123,-0.04585295225723807,0.03911687161657551,4923.0,2256.0,8091886.0,69.31
2024-03-13,97511.12229717098,99451.64214388086,95570.60245046111,97317.0703125,28621,1136176795898.4375,0.009054330600930305,0.00438510166965056,0.004669228931279745,-0.5712807008969775,94338.37109375,101479.04609375,1.0315746306006268,0.9589868456449125,13.75,16.93,18551.69822364026,123.92166407221123,-0.007441719145964032,0.02392293455063277,3783.0,-3578.0,8088303.0,69.28
2024-03-14,97996.24679366867,98481.3767282908,96249.77902902903,96928.9609375,22220,1131645618945.3125,-0.003988091439186547,0.00935187901816592,-0.013339970457352468,-0.5729904726635443,94542.125390625,101315.841796875,1.0252462649534604,0.9567009385544057,14.399999618530273,16.51,18551.69822364026,123.92166407221123,0.01526043228208751,-0.05452369378331079,2266.0,1519.0,8089812.0,69.29
2024-03-15,95861.68252769386,96831.94247230615,95085.47457200404,96346.8125,15926,1124849035937.5,-0.006005928794340143,-0.01909691244850842,0.013090983654168276,-0.5755550614792319,94721.623828125,101106.145703125,1.0171575254539973,0.9529273599539667,14.40999984741211,16.83,18551.69822364026,123.92166407221123,0.004420242128095553,-0.007690705949148224,-1297.0,422.0,8090214.0,69.3
2024-03-18,96346.81153389729,99936.77329296495,95667.62957947906,99645.6953125,38475,1163363492773.4375,0.03423966737353146,0.007124536670298998,0.02711513070323246,-0.5610222079659017,95036.95859375,101017.012109375,1.048494152032482,0.9864248925182005,14.329999923706055,17.12,18551.69822364026,123.92166407221123,0.026866143900048267,0.055466546639488246,12954.0,-614.0,8089620.0,69.29
2024-03-19,99451.63985148515,99451.63985148515,96637.88613861386,97996.25,22361,1144106218750.0,-0.016553101539681703,-0.011046884790124278,-0.005506216749557424,-0.5682886519311074,95250.415625,100814.01263020834,1.0288275316908886,0.9720498911144023,13.819999694824219,16.78,18551.69822364026,123.92166407221123,0.03469989760784331,0.026029156081770588,-2654.0,71.0,8089454.0,69.29
2024-03-20,97996.25328063965,100130.82513427734,95570.60344696045,99354.6171875,36747,1159965155664.0625,0.013861420079849918,0.012789080406100384,0.0010723396737495339,-0.5623045195822862,95512.3859375,100668.842578125,1.040227570615964,0.986945063070482,13.039999961853027,16.92,18551.69822364026,123.92166407221123,0.02268125362742457,0.022432266824240377,7744.0,-1993.0,8087446.0,69.27
2024-03-21,100907.03478773584,103332.68466244104,99839.74884286556,102847.5546875,78342,1200745200976.5625,0.03515626750801326,0.024058308276944107,0.011097959231069154,-0.5469167801856727,95842.274609375,100609.08020833334,1.0730917552476344,1.0222492291404652,12.920000076293945,17.53,18551.69822364026,123.92166407221123,0.006664082155261264,0.046870196512662,10439.0,-4725.0,8082683.0,69.23
2024-03-22,103817.80417231255,112065.01291497289,103429.70023148147,107407.765625,148274,1253985663671.875,0.044339517369723636,-0.0022868852074020563,0.04662640257712569,-0.526827288890785,96429.281640625,100617.32356770833,1.113850106498666,1.0674878024629844,13.0600004196167,17.13,18551.69822364026,123.92166407221123,0.05879670148194438,0.08040561543561942,21309.0,4453.0,8086911.0,69.27
2024-03-25,107407.77222558865,108766.1361019737,104496.99249047785,105079.1484375,37505,1226799058007.8125,-0.02168015668094292,-0.003998453735807317,-0.017681702945135602,-0.5370857474047793,96972.626953125,100578.75911458333,1.0835959769172137,1.0447449278807432,13.1899995803833,17.35,18551.69822364026,123.92166407221123,0.040042658863059244,0.03560878178725135,3907.0,-6068.0,8081059.0,69.22
2024-03-26,105176.17286918328,107019.66667408595,101877.28921830484,102168.3671875,47544,1192815686914.0625,-0.02770084544157969,0.007130418233622926,-0.03483126367520262,-0.5499088635686239,97380.136328125,100514.07513020834,1.0491705088935277,1.0164583124815967,13.239999771118164,17.34,18551.69822364026,123.92166407221123,-0.005886564043212528,0.006283734861606161,595.0,-944.0,8080114.0,69.21
2024-03-27,102168.37215265185,110027.47770285585,102071.34615820489,107019.671875,68452,1249454669140.625,0.04748343172204028,-0.0007181413757374466,0.04820157309777773,-0.5285369918231891,98151.49296875,100496.287109375,1.0903519512339308,1.0649116992603447,12.779999732971191,17.14,18551.69822364026,123.92166407221123,-0.004311393522560492,0.053412968285634355,12680.0,-3744.0,8076227.0,69.18
2024-03-28,107019.66458064168,113035.27582633506,105273.19679963394,112647.171875,77750,1315155731640.625,0.05258379045090855,-0.003371930231562792,0.055955720682471344,-0.5037456797958648,99218.778515625,100573.9078125,1.1353412485042869,1.120043700449705,13.010000228881836,16.88,18551.69822364026,123.92166407221123,0.06932603010504645,0.09827072973703654,13012.0,8330.0,8084567.0,69.25
2024-03-29,114102.57085895464,126230.8203125,113714.46687644119,126230.8203125,209072,1473744827148.4375,0.12058579200348873,0.00029492626354388207,0.12029086573994485,-0.4439044595588962,100936.138671875,100780.89674479167,1.2506008449843065,1.2525272585354683,13.010000228881836,16.84,18551.69822364026,123.92166407221123,0.22444815952019392,0.1719351928998557,16693.0,31586.0,8116487.0,69.52
2024-04-01,127589.18224410199,130985.09203767125,123708.14248002284,127492.15625,102818,1488470924218.75,0.009992297716020504,0.00044790330764010733,0.009544394408380397,-0.43834778736025737,102571.026953125,101036.39869791667,1.2429646074252916,1.2618438294815117,13.649999618530273,17.13,18551.69822364026,123.92166407221123,0.1857909808307966,0.1991612902533717,8713.0,5706.0,8122273.0,69.57
2024-04-02,132828.57518838652,134963.14688608155,120312.2229609929,123125.9765625,93703,1437495776367.1875,-0.0342466534093151,0.0019287025104317568,-0.036175355919746854,-0.45758249602310563,104128.29375,101246.621484375,1.1824449640758663,1.2160996066570138,14.609999656677246,17.1,18551.69822364026,123.92166407221123,0.0936599042285784,0.19781719800882747,-19454.0,10784.0,8132778.0,69.66
2024-04-03,119536.01861908457,125745.68192397208,118856.83669511249,125066.5,71954,1460151387500.0,0.015760471442961332,-0.01677706449345362,0.03253753593641495,-0.44903374044151545,105704.966015625,101489.186328125,1.1831657935684217,1.2323135550190256,14.329999923706055,17.63,18551.69822364026,123.92166407221123,0.005906574425048494,0.1821531608474647,9314.0,287.0,8133039.0,69.66
2024-04-04,128365.38443011887,132149.3980300997,124290.29286090874,126521.890625,62833,1477143073046.875,0.01163693415103162,0.012940678942136907,-0.001303744791105288,-0.4426221823595932,107039.0734375,101731.75130208333,1.182015936440967,1.2436814367748823,16.350000381469727,17.2,18551.69822364026,123.92166407221123,-0.0049415647744371904,0.12489369537388806,17449.0,-12189.0,8120859.0,69.56
2024-04-05,121767.62113468375,132731.5583364521,121767.62113468375,129626.7265625,68418,1513392032617.1875,0.02453991101589259,-0.010134952247447093,0.034674863263339684,-0.42894418031246523,108635.151171875,102053.554296875,1.1932300472193718,1.2701833606442978,16.030000686645508,18.12,18551.69822364026,123.92166407221123,0.06590865440864935,0.03927769289728289,8938.0,-845.0,8120207.0,69.55
2024-04-08,129626.71918402778,130208.87510850695,125066.49777560764,125745.6796875,44159,1468080810351.5625,-0.029940174977177603,0.0012673822054141137,-0.031207557182591716,-0.44604169147564554,110250.63359375,102349.48346354166,1.1405438280821671,1.228591248653369,15.1899995803833,18.16,18551.69822364026,123.92166407221123,0.0021635612896426792,-0.0014742586936892232,-4253.0,1212.0,8120932.0,69.56
2024-04-09,125745.68863636364,129917.80639204546,122931.93480113636,128074.3125,42810,1495267598437.5,0.018518591002784746,-0.004595879043729489,0.023114470046514235,-0.4357831641274886,111832.157421875,102700.394140625,1.1452368929703571,1.2470673902636746,14.979999542236328,18.09,18551.69822364026,123.92166407221123,0.026581776127262202,0.057815567272571866,2904.0,-1879.0,8119866.0,69.55
2024-04-11,125842.70583742301,131470.2131146555,122446.79627357582,126036.7578125,55348,1471479147460.9375,-0.015909159672436224,0.0006654130944596659,-0.01657457276689589,-0.44475937985926106,113268.141796875,103044.836328125,1.112729102932783,1.2231254112642964,14.90999984741211,18.03,18551.69822364026,123.92166407221123,-0.02466765990297337,0.008703458569261024,-10095.0,6402.0,8125379.0,69.6
2024-04-12,128074.31038533834,136903.6757225094,125648.6605674342,129044.5703125,105595,1506595358398.4375,0.02386456579972185,-0.009287131298912232,0.03315169709863408,-0.431508803545234,114873.922265625,103434.557421875,1.1233582676328222,1.247596292080318,17.309999465942383,17.59,18551.69822364026,123.92166407221123,0.039691594378252426,0.04315890045900039,-9303.0,-19041.0,8110046.0,69.47
2024-04-15,125648.66518019246,136806.65475217867,123320.04126951707,133604.796875,132031,1559836003515.625,0.0353383838735466,-0.004247166636245692,0.03958555050979229,-0.4114192434161837,116736.821484375,103937.47552083334,1.144495757003995,1.2854343075536803,19.229999542236328,18.45,18551.69822364026,123.92166407221123,0.05616267484153048,0.048069587705453,22636.0,-7679.0,8099951.0,69.38
2024-04-16,131761.29810855264,134575.05189732142,127298.10244360902,129044.5703125,55845,1506595358398.4375,-0.03413220684558593,-0.022767887712661805,-0.011364319132924128,-0.4315088035452339,118206.765234375,104372.47552083334,1.0916851506479879,1.2363850686548292,18.399999618530273,19.95,18551.69822364026,123.92166407221123,0.06137292847550224,0.06791282575512059,11620.0,-9471.0,8090671.0,69.3
2024-04-17,130499.96445741758,136418.55020604396,129529.70449862636,132440.484375,71630,1546242655078.125,0.026315822930606858,-0.009752322097280164,0.03606814502788702,-0.41654848988172144,119928.976953125,104880.24505208334,1.1043243071002364,1.2627781743762163,18.209999084472656,20.02,18551.69822364026,123.92166407221123,0.06428937640475518,0.08086650073649337,8431.0,-5158.0,8085579.0,69.26
2024-04-18,132731.55165441177,135254.22734375,129529.69404871324,131955.34375,61409,1540578638281.25,-0.0036630840432925194,0.019549729843763686,-0.023212813887056205,-0.4186857217984706,121559.01328125,105310.39361979166,1.0855249659249546,1.253013489118711,18.0,19.42,18551.69822364026,123.92166407221123,0.001491012007906689,0.07422825961633306,2232.0,-3089.0,8082574.0,69.23
2024-04-19,130014.82330157813,130014.82330157813,117401.44492157428,126036.7578125,107848,1471479147460.9375,-0.044852946226363044,-0.016259856736606904,-0.02859308948975614,-0.44475937985926084,122718.4734375,105648.36744791667,1.0270398113833286,1.192983487176312,18.709999084472656,21.22,18551.69822364026,123.92166407221123,-0.015737758348925324,0.012483473027942837,18534.0,-7528.0,8074774.0,69.16
2024-04-22,122543.82800212128,124484.34784380175,114587.69665123138,117207.3984375,117039,1368396376757.8125,-0.07005384403917381,0.014499175274454101,-0.08455301931362791,-0.4836561196668144,123208.455078125,105861.824609375,0.9512934673450795,1.1071734203523282,16.940000534057617,19.8,18551.69822364026,123.92166407221123,-0.13635892269044025,-0.11165509679547736,-41450.0,21474.0,8096297.0,69.35
2024-04-23,120312.22896440129,121767.61883090615,118468.73513349515,119924.125,46321,1400114159375.0,0.023178797573505383,-0.002441554862655071,0.025620352436160454,-0.47168788938625317,123950.70390625,106127.02903645833,0.9675146749525885,1.1300054857731094,15.6899995803833,18.93,18551.69822364026,123.92166407221123,-0.0875257563672236,-0.07467042522639278,2285.0,5377.0,8101580.0,69.39
2024-04-24,122252.74650543042,125745.68211987129,118371.70693382945,120603.3046875,84156,1408043582226.5625,0.005663411657162332,0.020102774693337322,-0.01443936303617499,-0.46869584042038326,124872.45078125,106400.31888020833,0.9658119459733466,1.1334863086574225,15.970000267028809,18.02,18551.69822364026,123.92166407221123,-0.07337202991364244,-0.1251779332904548,3376.0,-26892.0,8074855.0,69.16
2024-04-25,117013.33971133475,120021.14529263771,114490.6640625,114490.6640625,81883,1336678502929.6875,-0.05068385680507437,-0.017613709357189533,-0.033070147447884835,-0.495624384364457,125246.000390625,106545.8578125,0.9141263090671111,1.0745670119243989,15.369999885559082,18.82,18551.69822364026,123.92166407221123,-0.02188915804789937,-0.13503526685128342,-22052.0,16854.0,8092001.0,69.31
2024-04-26,116819.29110518907,123028.9544197506,116819.29110518907,120603.3046875,91060,1408043582226.5625,0.05338986086815889,0.010541637704252427,0.04284822316390646,-0.4686958404203834,125643.80703125,106790.03984375,0.9598826041422294,1.1293497489462585,15.029999732971191,18.32,18551.69822364026,123.92166407221123,-0.004661287320153362,-0.06359395419762082,6377.0,2088.0,8094185.0,69.33
2024-04-29,121767.6218662078,123999.21971714229,119341.97202823553,120700.3359375,41381,1409176422070.3125,0.0008045488492327557,0.011711595459254598,-0.010907046610021842,-0.46826838027020107,125367.2828125,107050.39296875,0.9627738053318113,1.1275095082811575,14.670000076293945,18.13,18551.69822364026,123.92166407221123,-0.0011289708940002141,0.01005201850598525,310.0,-2936.0,8091224.0,69.3
2024-04-30,120700.32713091355,121864.63896818923,117207.39161908645,118953.859375,51097,1388786308203.125,-0.014469525282881923,0.0017191517906378628,-0.016188677073519786,-0.4759622843855892,124940.36796875,107323.68268229166,0.9520850731346706,1.1083654269220051,15.649999618530273,18.14,18551.69822364026,123.92166407221123,0.015752499480364834,-0.03175701100369499,-11526.0,456.0,8115362.0,69.51
2024-05-02,117207.39178193653,119827.09341944671,114490.66415785192,119244.9375,60708,1392184645312.5,0.00244698344828298,-0.0031240596669277476,0.005571043115210728,-0.47467997276920465,124746.316015625,107687.530078125,0.9558994710919084,1.1073235444576577,14.680000305175781,17.88,18551.69822364026,123.92166407221123,-0.0215246805683309,-0.011746604852309273,526.0,2263.0,8117404.0,69.53
2024-05-03,120603.31019874476,121864.64811715481,115363.9065376569,115946.0625,58895,1353670279687.5,-0.027664696457239568,-0.0026158477397215663,-0.025048848717518002,-0.4892127918654534,124290.294140625,108001.24752604167,0.9328649779267226,1.073562251880865,13.489999771118164,17.51,18551.69822364026,123.92166407221123,-0.03566648267582706,-0.00372530612194244,-9528.0,-2965.0,8114436.0,69.5
2024-05-07,118371.70522239873,122446.79671366164,118080.62725873709,122155.71875,64164,1426168016406.25,0.05355642197853849,0.021568250799290256,0.03198817117924824,-0.4618568566053601,124071.985546875,108442.71575520834,0.9845552016562915,1.126453887652044,13.229999542236328,17.21,18551.69822364026,123.92166407221123,0.012510365576940963,-0.014585358106600665,13832.0,10496.0,8124814.0,69.59
2024-05-08,122155.72264040956,122155.72264040956,119244.94291109082,119633.046875,31025,1396715822265.625,-0.020651279373688713,0.00390948557844828,-0.024560764952136993,-0.4729702010026378,123572.3015625,108824.35130208333,0.9681218635754906,1.0993223983749099,13.0,16.46,18551.69822364026,123.92166407221123,-0.017621442490406758,-0.028239076448715816,-976.0,-2803.0,8121981.0,69.57
2024-05-09,119827.10052641062,120797.3604497014,116722.26877188015,117789.5546875,31779,1375193050976.5625,-0.015409556436577265,-0.011988909369448297,-0.003420647067128968,-0.4810914964340457,123174.4953125,109186.581640625,0.9562820159210871,1.078791486257814,12.6899995803833,16.49,18551.69822364026,123.92166407221123,0.004006759159982276,-0.015471046442324998,-2146.0,-1660.0,8120267.0,69.55
2024-05-10,118856.84216390521,119730.0761063339,114005.54248374581,115654.984375,49501,1350271942578.125,-0.018121898144220827,0.005711353708842237,-0.023833251853063064,-0.49049510348183795,122553.52890625,109524.55559895834,0.9437099478667221,1.055973098840859,12.550000190734863,16.29,18551.69822364026,123.92166407221123,-0.051814663872329025,-0.04487534141059879,-1678.0,-4325.0,8116151.0,69.52
2024-05-13,117207.39557356609,118371.70745012468,115169.84978958852,116722.265625,22527,1362732451171.875,0.009228147457436275,-0.00015395119317540562,0.009382098650611681,-0.4857933171664825,122087.804296875,109898.10572916667,0.9560518046599653,1.0620953368627737,13.600000381469727,16.6,18551.69822364026,123.92166407221123,-0.01787180026958035,-0.010444394042469107,2194.0,2910.0,8118852.0,69.54
2024-05-14,116625.23787393162,117498.47176816239,112162.04241452992,113520.40625,47804,1325350742968.75,-0.02743143613478849,0.0011477396305963339,-0.028579175765384823,-0.4998987449467116,121311.59609375,110242.54791666666,0.9357753908560486,1.029733151086195,13.420000076293945,16.73,18551.69822364026,123.92166407221123,-0.04303032896783621,-0.07101174098710217,-2116.0,-5335.0,8113517.0,69.49
2024-05-16,115946.05964417016,117692.52748818276,114199.59180015756,115460.9296875,29833,1348006354101.5625,0.01709404944540527,0.008299300226324968,0.0087947492190803,-0.4913499893651215,120404.402734375,110620.94934895834,0.9589427551268135,1.0437528367549418,12.420000076293945,15.98,18551.69822364026,123.92166407221123,-0.010402327895692842,-0.037656226815884875,3944.0,6968.0,8120285.0,69.55
2024-05-17,117595.49563029662,117789.54760328389,113714.45617055085,114490.6640625,34346,1336678502929.6875,-0.008403410812870327,-0.010308711519251723,0.0019053007063813965,-0.4956243843644572,119676.707421875,110973.47708333333,0.9566662262766508,1.0316939422969102,11.989999771118164,15.98,18551.69822364026,123.92166407221123,-0.017879125839923127,-0.03233027904237451,10450.0,-13374.0,8106806.0,69.44
2024-05-20,114490.6731499566,115266.88110351562,109542.3474460178,111773.9453125,67475,1304960811523.4375,-0.023728736069841938,0.006430171780684724,-0.03015890785052666,-0.5075925802279371,118643.38046875,111274.25768229166,0.9421001396866017,1.0044905950452174,12.149999618530273,15.95,18551.69822364026,123.92166407221123,-0.019458857925064965,-0.03865593503983811,2847.0,6629.0,8113574.0,69.5
2024-05-21,112356.09567412663,112453.12166348253,109639.36797216156,111094.7578125,27336,1297031297460.9375,-0.006076438458901268,-0.006549615133097486,0.00047317667419621845,-0.5105846636108883,117600.351171875,111557.25013020834,0.9446804937693855,0.9958542155066701,11.859999656677246,15.85,18551.69822364026,123.92166407221123,-0.027780430469949047,-0.04756485701625357,3664.0,-5833.0,8107366.0,69.44
2024-05-22,111482.86031836986,111482.86031836986,107892.89875894455,108475.0546875,47143,1266446263476.5625,-0.023580798739589515,-0.00026428896812680236,-0.023316509771462712,-0.5221254681583485,116722.266015625,111761.0046875,0.9293432897625463,0.9705984210755085,12.289999961853027,15.71,18551.69822364026,123.92166407221123,-0.053002240947793156,-0.04230219102233146,1594.0,6685.0,8114278.0,69.5
2024-05-23,109057.21943590869,111579.89533033362,108475.06346027217,110512.609375,43909,1290234714453.125,0.018783624432086032,-0.000605811125338529,0.01938943555742456,-0.5131492524265758,116387.5265625,112008.42109375,0.9495227937132492,0.9866455423249112,12.770000457763672,15.22,18551.69822364026,123.92166407221123,-0.0034538975398419325,-0.0317075046839872,6662.0,-3492.0,8110770.0,69.47
2024-05-24,106631.56202694954,109542.34170011467,105273.19817947247,105758.328125,53346,1234728480859.375,-0.04302026055567476,-0.012568827435069041,-0.03045143312060572,-0.5340936984389097,115679.23671875,112200.855859375,0.9142377761545001,0.9425804047123345,11.930000305175781,15.43,18551.69822364026,123.92166407221123,-0.03437850733464387,-0.06406423851097431,5078.0,-4247.0,8106530.0,69.43
2024-05-27,105855.35579919857,109542.34344390027,105855.35579919857,108960.1875,41132,1272110189062.5,0.030275245758571323,0.013167841677408365,0.017107404081162958,-0.5199882706586807,115097.080859375,112449.88932291667,0.9466807210612663,0.9689666050902418,11.930000305175781,15.21,18551.69822364026,123.92166407221123,0.0060454065179817995,-0.016797926579284694,4062.0,-3510.0,8103023.0,69.4
2024-05-28,108766.13772206764,114393.6452937714,108183.98176637414,113326.359375,62564,1323085245703.125,0.040071258825614686,-5.1374620775979096e-05,0.040122633446390665,-0.5007535964129137,115038.865625,112812.11966145833,0.985113672316777,1.0045583729397591,12.920000076293945,15.07,18551.69822364026,123.92166407221123,0.026778604406947903,0.022851530192909753,6220.0,-3631.0,8099392.0,69.37
2024-05-29,114005.53436950308,114005.53436950308,110027.46891490766,110318.546875,42185,1287969034765.625,-0.026541155266861294,-0.0167288125289502,-0.009812342737911095,-0.5140041727269408,114524.627734375,113129.07109375,0.9632735688158668,0.9751564810744277,14.279999732971191,15.66,18551.69822364026,123.92166407221123,0.04741769478964253,0.03635569722646137,-5456.0,3394.0,8102778.0,69.4
2024-05-30,112356.09455554419,121767.61542936784,111094.75670647505,118565.7578125,121596,1384255222460.9375,0.07475815419183118,-0.015635194658214502,0.09039334885004568,-0.4776720217350748,114417.898828125,113573.7734375,1.036251836704376,1.0439536719077764,14.470000267028809,16.82,18551.69822364026,123.92166407221123,0.12070363955852526,0.1073596105190825,28777.0,18251.0,8120882.0,69.56
2024-05-31,118468.73117897728,118565.75716683884,114878.76962809918,117401.4453125,43791,1370661874023.4375,-0.00981997265889567,0.00040982839640180124,-0.010229801055297472,-0.4828012682006126,114340.278125,113950.55768229166,1.026772430832759,1.0302840784669949,12.920000076293945,16.9,18551.69822364026,123.92166407221123,0.07035120505683712,0.12758124258439074,-2286.0,-1004.0,8119826.0,69.55
2024-06-03,117401.44359196574,119341.96332075857,115363.89787673327,118953.859375,35895,1388786308203.125,0.013223125646943945,0.017447240930936747,-0.004224115283992802,-0.4759622843855893,114325.72421875,114400.111328125,1.0404820103950934,1.039805451183643,13.109999656677246,16.69,18551.69822364026,123.92166407221123,0.07593943251075541,0.10624972321923498,7462.0,-11768.0,8107963.0,69.45
2024-06-04,118953.8591533688,128074.30186170213,118468.72922207447,123125.9765625,108371,1437495776367.1875,0.035073407533146694,-0.007612216023114016,0.04268562355626071,-0.45758249602310586,114684.719921875,114893.32669270833,1.0736040219340057,1.0716547262297538,13.15999984741211,16.64,18551.69822364026,123.92166407221123,0.028231707216970436,0.10881271332910503,2848.0,4034.0,8112373.0,69.48
2024-06-05,124193.26999208235,124678.39995298893,120312.23030482978,122543.828125,32066,1430699193359.375,-0.004728071636487696,0.010292589060746815,-0.015020660697234511,-0.46014708483879346,114704.125390625,115271.728125,1.0683471732832353,1.0630865878241555,12.630000114440918,16.56,18551.69822364026,123.92166407221123,0.023440847575033397,0.10360439536978161,5730.0,-4888.0,8107490.0,69.44
2024-06-07,123028.95425907258,123708.13618321573,119924.12260584677,120312.2265625,33998,1404645245117.1875,-0.018210640198245365,0.012333118377021668,-0.030543758575267033,-0.469978152036768,114738.084375,115648.51236979167,1.0485814471965729,1.0403266250221697,12.220000267028809,16.64,18551.69822364026,123.92166407221123,-0.002878795716240834,-0.017332712055531108,428.0,-1615.0,8105585.0,69.43
2024-06-10,118565.75735439778,123223.00477912044,113423.37998959984,122446.796875,73128,1429566353515.625,0.01774192343943648,-0.007896660490227081,0.02563858392966356,-0.46057454498897576,114970.946484375,116132.02513020833,1.065023822271838,1.0543757997650647,12.739999771118164,17.17,18551.69822364026,123.92166407221123,-0.019925835342837983,0.018535672929429925,3692.0,-8283.0,8096049.0,69.35
2024-06-11,121961.67399884724,125551.635763332,119924.12813251805,120991.4140625,47153,1412574759179.6875,-0.011885838173339325,0.0015364255505607716,-0.013422263723900096,-0.4669860686538167,115237.76796875,116541.15143229166,1.0499284756652894,1.0381861906761223,12.850000381469727,17.16,18551.69822364026,123.92166407221123,-0.018327438369503568,0.00933752448952263,-1119.0,-13633.0,8082594.0,69.23
2024-06-12,119827.10350975976,130985.09290540541,119438.99953078078,129238.625,108422,1508860946875.0,0.06816360484256978,0.008446266222939869,0.05971733861962991,-0.4306539176619509,115863.5859375,117073.17734375,1.1154378138245684,1.1039131928616737,12.039999961853027,17.4,18551.69822364026,123.92166407221123,0.07193365882539338,0.026369239552891832,30415.0,-28440.0,8054124.0,68.99
2024-06-13,129917.80491763566,133119.66269379845,125163.53125,125163.53125,94260,1461284227343.75,-0.03153154678022918,0.00979410061260455,-0.04132564739283373,-0.44860628029133326,116445.7421875,117543.753515625,1.074865674766044,1.0648250332873888,11.9399995803833,16.52,18551.69822364026,123.92166407221123,0.004969427502896084,6.425285729261265e-05,-31484.0,21047.0,8075315.0,69.17
2024-06-14,125939.73514851484,145441.95915841585,125454.6051980198,137194.75,318673,1601748706250.0,0.09612399578251751,0.0012813685608217273,0.09484262722169579,-0.3956041127035507,117532.433203125,118224.55247395833,1.1672926890137099,1.1604590343466963,12.65999984741211,16.03,18551.69822364026,123.92166407221123,0.11323431844849197,0.12545063865425543,119113.0,-10419.0,8064898.0,69.08
2024-06-17,137097.72824381277,141172.81995381994,135254.234375,135254.234375,78966,1579093186328.125,-0.014144241124387058,-0.005191314094416866,-0.008952927029970192,-0.4041528338680596,118570.61171875,118818.028125,1.1407062206596659,1.1383309124833199,12.75,16.71,18551.69822364026,123.92166407221123,0.04456405279889186,0.09085912769462168,3520.0,-9287.0,8050593.0,68.96
2024-06-18,137000.69832746478,141560.91987235917,132440.47678257042,137776.90625,94710,1608545380468.75,0.018651333813370696,0.007222704534604274,0.011428629278766422,-0.3930394894707818,119870.759765625,119481.0390625,1.1493787685953243,1.153127787731487,12.300000190734863,16.34,18551.69822364026,123.92166407221123,0.09731832947049202,0.1157100206972882,-7758.0,-879.0,8048792.0,68.94
2024-06-19,136418.5403466691,137097.72226873643,128074.30530412744,133992.890625,99248,1564366998046.875,-0.027464803267782778,0.012087961009859871,-0.03955276427764265,-0.40970954048377983,121015.66640625,120058.34361979166,1.1072359026242553,1.1160647947079558,12.300000190734863,16.33,18551.69822364026,123.92166407221123,-0.03707706202884642,0.016439917800015635,6294.0,-8628.0,8039845.0,68.86
2024-06-20,132731.55664811973,132925.6086315234,126327.84119579816,126424.8671875,84921,1476010324414.0625,-0.05648078343708762,0.003682012633419385,-0.06016279607050701,-0.44304960809269445,121913.15703125,120451.298828125,1.0370075738018458,1.0495932249589008,13.279999732971191,16.56,18551.69822364026,123.92166407221123,-0.08828693106938323,-0.002397230877657641,-22160.0,21393.0,8061485.0,69.05
2024-06-21,125745.68495181616,130985.08849147518,124193.26908821349,130888.0625,56386,1528118129687.5,0.035303144166097145,-0.008323701492828017,0.04362684565892516,-0.4233875081138265,122931.9296875,120842.637109375,1.0647198236676585,1.0831281543577442,13.199999809265137,16.52,18551.69822364026,123.92166407221123,-0.056088714689224495,-0.053613012440428265,5025.0,2059.0,8078128.0,69.19
2024-06-24,130694.00897934042,133895.86666034875,126327.83941432904,127977.28125,56839,1494134758593.75,-0.02223870683394069,-0.007014441621247536,-0.015224265212693155,-0.4362106242776711,124042.87734375,121224.27265625,1.0317180961172554,1.055706736330761,13.329999923706055,17.02,18551.69822364026,123.92166407221123,-0.031760215624275,-0.05988435062315123,-18273.0,19959.0,8098059.0,69.36
2024-06-25,126618.91825753891,127783.23014956225,122737.87861746109,124678.3984375,47365,1455620301757.8125,-0.02577709715567189,0.003493980308245881,-0.029271077463917772,-0.4507434777910012,124828.787890625,121599.43984375,0.9987952342110639,1.0253204998123866,12.84000015258789,16.98,18551.69822364026,123.92166407221123,-0.0008684970176857654,-0.10058405736583542,-12915.0,4954.0,8102970.0,69.4
2024-06-26,125260.55055182113,129529.69402531465,122252.74492276888,127201.0703125,76589,1485072495898.4375,0.020233431826320647,0.006365419762104585,0.013868012064216062,-0.4396301333937234,125522.5234375,121935.796484375,1.0133724755448832,1.0431807064039615,12.550000190734863,16.74,18551.69822364026,123.92166407221123,-0.030627330612394865,-0.04716328102397671,-21.0,-15187.0,8087764.0,69.27
2024-06-27,125260.55182008164,127395.12357844091,123028.95407270607,124775.421875,31166,1456753050390.625,-0.019069402730187868,-0.0028616930551543796,-0.016207709675033488,-0.4503160520579002,126245.3671875,122137.933984375,0.9883564415451631,1.0215943385038952,12.239999771118164,16.57,18551.69822364026,123.92166407221123,-0.0316107750747352,-0.0032081946285031915,-4227.0,2648.0,8090320.0,69.3
2024-06-28,125454.6065415112,131373.19200093282,123514.08671875,130014.828125,46514,1517923118359.375,0.04199069152616319,0.004942425621584867,0.037048265904578326,-0.42723444296297997,126817.820703125,122201.00078125,1.0252094493041246,1.0639424169507206,12.4399995803833,16.1,18551.69822364026,123.92166407221123,0.0347085682937609,-0.009786774382850028,10917.0,-15879.0,8074406.0,69.16
2024-07-01,129432.67472227408,136806.650193708,128559.44078486743,129917.8046875,40473,1516790369726.5625,-0.0007462490155870638,0.0023196596192052166,-0.0030659086347922804,-0.4276618686960811,127443.638671875,122241.42825520833,1.0194138055175523,1.0627968483505068,12.220000267028809,16.05,18551.69822364026,123.92166407221123,0.017774647594752557,0.0023715821950508476,6673.0,-3844.0,8070470.0,69.13
2024-07-02,128656.4556721698,133895.85884433961,127104.03991745283,128559.4296875,46524,1500931341601.5625,-0.010455649271994605,-0.008362110708840187,-0.002093538563154418,-0.43364603546198366,127923.9171875,122331.98580729167,1.0049678943075868,1.0509060965463142,12.029999732971191,15.88,18551.69822364026,123.92166407221123,0.03188881870663163,0.0295491210958142,2313.0,878.0,8071304.0,69.13
2024-07-03,127395.13025589802,128753.49417332573,123708.14248002284,127492.15625,50507,1488470924218.75,-0.00830179038670531,0.004728717675748673,-0.013030508062453983,-0.4383477873602577,128142.226171875,122372.41341145833,0.994926965596781,1.0418373937051264,12.09000015258789,15.55,18551.69822364026,123.92166407221123,-0.01818995526040068,0.0026506009691441568,1601.0,1001.0,8072380.0,69.14
2024-07-04,128656.45502207505,133798.83218359086,127589.16919610006,131858.3125,49541,1539445798437.5,0.03424646957447619,0.011070086196011797,0.023176383378464394,-0.41911318194865355,128607.950390625,122461.35377604167,1.0252734150532885,1.0767340751527503,12.09000015258789,16.36,18551.69822364026,123.92166407221123,0.008052336752855993,0.04203469402264204,4411.0,1861.0,8074432.0,69.16
2024-07-05,132343.45406484962,135836.38980263157,129044.5703125,129044.5703125,50872,1506595358398.4375,-0.02133913390936204,0.013200294461459317,-0.03453942837082136,-0.4315088035452345,129044.567578125,122451.651171875,1.0000000211893847,1.0538409982840582,12.479999542236328,16.72,18551.69822364026,123.92166407221123,-0.024393553054810946,-0.029553000252757644,78.0,-5679.0,8068801.0,69.11
2024-07-08,127783.23298365313,130499.96079196162,126618.92106580663,130208.8828125,33850,1520188706835.9375,0.009022560942939739,-0.001561709133657052,0.010584270076596791,-0.42637955707969666,129432.671875,122526.037890625,1.0059970247562349,1.0627037734520823,12.369999885559082,16.81,18551.69822364026,123.92166407221123,-0.000778774915760172,-0.015902821541368573,-2045.0,4647.0,8073457.0,69.15
2024-07-09,134283.96778916544,135642.33162518303,130305.90226939971,132537.5,55689,1547375312500.0,0.01788370453076693,0.003366228449555475,0.014517476081211456,-0.41612109856570234,130009.976171875,122600.42434895833,1.019440999087513,1.0810525387967476,12.510000228881836,16.28,18551.69822364026,123.92166407221123,-0.00943768221301311,0.000708193102997301,-7545.0,1375.0,8074863.0,69.16
2024-07-10,131082.12056834795,134381.00443165205,130499.96459247076,132731.5625,30956,1549640992187.5,0.0014642082429501269,0.00021277523272456023,0.0012514330102255666,-0.41526617826533757,130184.623046875,122712.00442708333,1.0195640575170535,1.081651001625276,12.850000381469727,16.08,18551.69822364026,123.92166407221123,0.026353179168033813,0.01499013417567685,437.0,-3117.0,8071727.0,69.14
2024-07-11,133410.74073536246,133410.74073536246,129529.70100487919,130499.9609375,36212,1523587043945.3125,-0.016812893033636978,0.008145114697546862,-0.02495800773118384,-0.42509724546331223,130451.44453125,122736.2609375,1.0003719116060716,1.0632551451437278,12.920000076293945,16.12,18551.69822364026,123.92166407221123,-0.009189098639746818,-0.03314425693397138,-7190.0,37.0,8071763.0,69.14
2024-07-12,127880.26036921033,128462.41633447229,125163.5325313212,127783.234375,27993,1491869261328.125,-0.02081783429652606,-0.0118802969187628,-0.00893753737776326,-0.43706547574387344,129980.86875,122639.23489583333,0.983092632045514,1.041944158274763,12.460000038146973,16.44,18551.69822364026,123.92166407221123,-0.032644112098721534,-0.007542365940913287,4951.0,-2018.0,8069768.0,69.12
2024-07-15,127783.2288048664,127783.2288048664,124290.29316555343,127104.046875,24635,1483939747265.625,-0.005315153457509325,0.0013720412583129171,-0.006687194715822242,-0.44005755912682476,129573.359375,122606.89283854167,0.9809427453921795,1.0366794552275338,13.119999885559082,16.47,18551.69822364026,123.92166407221123,-0.04058273982476934,-0.02481383073333232,-2487.0,2916.0,8072632.0,69.14
2024-07-16,126812.96812258688,127201.07208011583,124387.3183880309,125648.65625,39104,1466948061718.75,-0.011450387779008309,0.0018071690773633353,-0.013257556856371644,-0.446469117208747,128966.946875,122493.695703125,0.9742702242287226,1.0257561054776347,13.1899995803833,16.34,18551.69822364026,123.92166407221123,-0.028882288949957147,-0.05258886367091542,-13041.0,13348.0,8085983.0,69.26
2024-07-17,126230.81038102844,126230.81038102844,117207.39349752679,117692.5234375,77574,1374060211132.8125,-0.06332047671620045,-0.007955105432469245,-0.0553653712837312,-0.48151895658422844,128151.928515625,122255.98203125,0.9183827727036529,0.9626729218650133,14.479999542236328,16.53,18551.69822364026,123.92166407221123,-0.07531012285592509,-0.10920566796487219,-12978.0,-11160.0,8074729.0,69.16
2024-07-18,116140.11281790568,119827.10052641062,112550.15110172982,117789.5546875,58185,1375193050976.5625,0.0008244470180940322,-0.006661276600713917,0.007485723618807949,-0.48109149643404603,127720.162890625,122118.52864583333,0.922247137974376,0.9645510471970379,15.930000305175781,16.79,18551.69822364026,123.92166407221123,-0.0611372045212949,-0.0767619366148804,8903.0,-3114.0,8071914.0,69.14
2024-07-19,117013.33814637199,119827.09171705588,114684.71450166806,116334.15625,37046,1358201274218.75,-0.012355921043773588,-0.010228950278764692,-0.0021269707650088954,-0.4875030889330496,126992.467578125,122103.974609375,0.9160713109100894,0.9527466785759159,16.520000457763672,17.27,18551.69822364026,123.92166407221123,-0.05000661842993215,-0.06995137000212603,1905.0,-6606.0,8065282.0,69.08
2024-07-22,116334.16544665673,116916.32140385434,111191.78782474446,113908.515625,36387,1329881919921.875,-0.020850631518634533,-0.011429228684484594,-0.009421402834149939,-0.49818897318014504,126289.029296875,122003.714453125,0.9019668316337169,0.9336479314223236,14.90999984741211,18.39,18551.69822364026,123.92166407221123,-0.004062649980350885,-0.07268557812045373,2215.0,-5773.0,8059564.0,69.03
2024-07-23,115557.95364764336,115654.97963727194,109639.36828029974,111676.9140625,52411,1303827971679.6875,-0.01959117411244904,0.003900846842884942,-0.02349202095533398,-0.5080200403781197,125638.955078125,121854.94127604166,0.8888717197071314,0.9164742347995141,14.720000267028809,17.47,18551.69822364026,123.92166407221123,-0.035040394554492815,-0.08292004221941607,-6723.0,-4805.0,8056259.0,69.0
2024-07-24,110415.57842548077,112259.072265625,109154.24053485577,110997.734375,21662,1295898548828.125,-0.006081648057716715,-0.005615879344131214,-0.00046576871358550154,-0.5110120893439896,124828.78828125,121796.72578125,0.8891998064173511,0.9113359465373045,18.040000915527344,17.42,18551.69822364026,123.92166407221123,-0.03337919250306942,-0.028020439649270368,-1614.0,-945.0,8055314.0,69.0
2024-07-25,109736.39527064732,109833.4212611607,107213.7195172991,108669.109375,34577,1268711851953.125,-0.020979031807377813,-0.01742120747532938,-0.0035578243320484315,-0.5212705822750653,124023.47265625,121597.82252604167,0.8761979248572811,0.893676441876475,18.459999084472656,18.77,18551.69822364026,123.92166407221123,-0.027515614000967914,-0.03906398760012675,5068.0,-2914.0,8052440.0,68.97
2024-07-26,109542.3372995709,109639.36328477868,106728.58372854561,107407.765625,33127,1253985663671.875,-0.011607196904939165,0.007839448385284387,-0.019446645290223552,-0.5268272888907855,122893.11953125,121376.2796875,0.8739933206568794,0.8849156186162249,16.389999389648438,17.98,18551.69822364026,123.92166407221123,-0.023470238335857485,-0.056383662125341405,3506.0,-8192.0,8044542.0,68.9
2024-07-29,109154.23886138613,109154.23886138613,107310.74504950494,107795.875,26167,1258516840625.0,0.003613420060845751,0.012310160750865329,-0.008696740690019578,-0.5251175171242186,121787.023046875,121190.31328125,0.885117907500786,0.889475999206594,16.600000381469727,17.51,18551.69822364026,123.92166407221123,-0.03170121031229156,-0.055658999981211044,-5306.0,3083.0,8047623.0,68.93
2024-07-30,106825.61159592093,107213.71554359003,104885.09185757542,106146.4296875,20177,1239259566601.5625,-0.015301562443831962,-0.009886020980063637,-0.005415541463768325,-0.5323839610894243,120666.373046875,120972.00481770834,0.8796686848809613,0.8774462310304862,17.690000534057617,17.78,18551.69822364026,123.92166407221123,-0.033558927444011455,-0.03758252048964539,1478.0,-490.0,8047041.0,68.93
2024-07-31,104982.12261094025,110900.70808161248,103817.8107150703,110415.578125,38068,1289101874609.375,0.040219425656317975,0.011869154695422157,0.028350270960895818,-0.5135767125767586,119812.544140625,120879.830078125,0.9215694309554456,0.9134326053704582,16.360000610351562,17.51,18551.69822364026,123.92166407221123,0.014237988807107915,-0.008766480815164068,-1891.0,-1337.0,8045704.0,68.91
2024-08-01,113326.35246262094,114296.61232959543,108863.15707453826,110318.546875,36792,1287969034765.625,-0.000878782248372123,0.0025228338003158157,-0.0034016160486879388,-0.514004172726941,118735.555859375,120682.54388020834,0.9291113018046278,0.9141218218312018,18.59000015258789,17.12,18551.69822364026,123.92166407221123,0.019533113448439554,-0.008610272531803576,1335.0,-8147.0,8037529.0,68.84
2024-08-02,108086.94588672632,108669.10178916829,100324.8671875,100324.8671875,56856,1171292824414.0625,-0.09058929772546465,-0.03653768351000408,-0.054051614215460564,-0.5580301934171136,117299.570703125,120360.74088541667,0.8552875904500409,0.8335348091867364,23.389999389648438,21.77,18551.69822364026,123.92166407221123,-0.029102959303252685,-0.04321524145704059,-9392.0,-718.0,8036777.0,68.84
2024-08-05,98966.50657894736,99257.58453947368,89554.98585526315,92174.6875,78927,1076139476562.5,-0.08123788165368706,-0.08767684570805523,0.006438964054368168,-0.593934884258797,115397.8609375,119933.82643229167,0.7987555986841232,0.7685462078710295,38.56999969482422,45.86,18551.69822364026,123.92166407221123,-0.051014266209780335,-0.02807953671265284,10713.0,5127.0,8041913.0,68.88
2024-08-06,93533.05339989888,100421.89861918605,93533.05339989888,95958.703125,49215,1120317858984.375,0.0410526547757486,0.03301175560759462,0.008040899168153981,-0.577264833245799,113568.92109375,119605.555078125,0.8449380534819649,0.8022930294694159,27.709999084472656,43.08,18551.69822364026,123.92166407221123,-0.039571750992938415,-0.014623096080730535,2390.0,-5798.0,8036113.0,68.83
2024-08-07,94794.39333024771,97220.04310840143,93339.00346335548,94988.4453125,47590,1108990099023.4375,-0.01011120180767866,0.01834149894208781,-0.02845270074976647,-0.5815391938280534,111681.765234375,119243.32473958333,0.8505277930838356,0.7965933985818174,27.850000381469727,30.17,18551.69822364026,123.92166407221123,-0.01397283752724432,-0.07142606779139282,1104.0,-10055.0,8026053.0,68.75
2024-08-08,93144.95292368683,99160.56446667493,92077.66700476958,97899.2265625,47329,1142973470117.1875,0.03064352975168605,-0.004547534093197969,0.03519106384488402,-0.5687160776642088,110051.728515625,118982.97174479166,0.8895746380630487,0.8228003144221805,23.790000915527344,29.02,18551.69822364026,123.92166407221123,0.014779262263271531,-0.032833387897820865,-2936.0,3947.0,8030000.0,68.78
2024-08-09,103041.59646675282,105176.1681449718,101101.07675928102,103235.6484375,97199,1205276195507.8125,0.05450933641026445,0.012398630834713043,0.04211070557555141,-0.5452070772532688,108824.34921875,118779.21705729167,0.948644758076926,0.8691389874013531,20.3700008392334,26.53,18551.69822364026,123.92166407221123,0.04884906867066896,0.06332893189319111,24668.0,-19409.0,8010591.0,68.61
2024-08-12,103235.65307454891,104691.04292052469,101392.15926964625,102168.3671875,42937,1192815686914.0625,-0.010338301411901729,0.011539859287814425,-0.021878160699716154,-0.5499088635686243,107577.565234375,118573.84544270833,0.9497181588457576,0.861643364993716,20.709999084472656,24.49,18551.69822364026,123.92166407221123,0.055423608720719275,0.03501180713910679,6966.0,-9847.0,8000744.0,68.53
2024-08-13,101683.2447468959,102556.47871895893,100615.95878104107,101586.21875,32083,1186019103906.25,-0.005697932281051754,0.0012221483833785296,-0.006920080664430284,-0.552473452384312,106374.443359375,118404.05,0.9549870771760611,0.8579623648853227,18.1200008392334,23.64,18551.69822364026,123.92166407221123,0.013312464211404973,0.020050827306522523,-771.0,6263.0,8007007.0,68.58
2024-08-14,103138.62441051137,107213.71587357955,103138.62441051137,106728.5859375,66816,1246056240820.3125,0.050620716577266966,0.008773602899103672,0.041847113678163295,-0.5298193378566554,105826.246484375,118331.28046875,1.0085266130388384,0.9019473592672383,16.190000534057617,22.1,18551.69822364026,123.92166407221123,0.013048872314016857,0.09035064173445229,10571.0,3695.0,8010705.0,68.61
2024-08-16,108183.97367680179,109542.33747184684,106340.47995495495,107698.84375,23045,1257384000781.25,0.009090889792807477,0.019939489683777678,-0.0108485998909702,-0.525544977274401,105321.7109375,118318.34361979166,1.0225702069529676,0.9102463781616421,14.800000190734863,19.9,18551.69822364026,123.92166407221123,0.02407843312276281,0.04431097799859807,6577.0,-7232.0,8003473.0,68.55
2024-08-19,107698.84183495822,107892.89380222841,104496.984375,104496.984375,20833,1220002292578.125,-0.029729746982543603,-0.008479022260793778,-0.021250724721749825,-0.5396504050546301,104729.85234375,118218.083203125,0.9977764890951467,0.8839340102939319,14.649999618530273,23.22,18551.69822364026,123.92166407221123,0.009747789065443269,-0.01905045229870317,631.0,-1957.0,8001512.0,68.54
2024-08-20,104788.06744186046,106922.63918604651,103526.72959302325,104302.9375,31610,1217736795312.5,-0.0018569614822915304,0.008327141632430868,-0.010184103114722398,-0.5405052565208321,104249.5734375,118193.82669270833,1.0005118875861108,0.8824736487395133,15.880000114440918,21.03,18551.69822364026,123.92166407221123,-0.042283427727442424,-0.007356394713709413,-10698.0,7343.0,8008855.0,68.6
2024-08-21,102944.57227808796,107504.793670237,102944.57227808796,106437.5078125,19764,1242657903710.9375,0.020465102552840397,0.001668749585800322,0.018796352967040075,-0.5311016494730398,103987.603125,118151.78203125,1.0235595841607683,0.9008540199956384,16.270000457763672,21.18,18551.69822364026,123.92166407221123,-0.012638474869432148,0.018360038917760946,6759.0,-2739.0,8006116.0,68.57
2024-08-22,106631.56367442811,106728.58966503268,103041.60202205883,103914.8359375,26504,1213205709570.3125,-0.023700967138801543,0.002421223468043854,-0.026122190606845397,-0.5422149938703175,103633.458203125,117994.92330729167,1.0027151244323382,0.8806720918566708,17.549999237060547,21.16,18551.69822364026,123.92166407221123,-0.01750994075452772,-0.049609265367247746,-404.0,2805.0,8008921.0,68.6
2024-08-23,103041.59462047354,105176.16626044568,102362.41273502786,104496.984375,9383,1220002292578.125,0.005602168662905305,-0.002208533773056409,0.007810702435961714,-0.5396504050546299,103424.851953125,117897.897265625,1.0103662939963494,0.8863345894928675,15.859999656677246,21.28,18551.69822364026,123.92166407221123,0.00048486479615639233,-0.03094996304031583,1639.0,-1184.0,8007737.0,68.59
2024-08-26,104788.07137750238,104885.09736951858,101683.2396329838,101780.265625,34463,1188284601171.875,-0.025998058855466355,-0.0013620851098514741,-0.02463597374561488,-0.5516186009181098,103143.476953125,117618.1390625,0.9867833490939564,0.865344975156561,16.149999618530273,20.96,18551.69822364026,123.92166407221123,-0.042947461916498564,-0.03433521206418089,-4479.0,2090.0,8009827.0,68.61
2024-08-27,101683.24175890279,102071.3457350818,99742.7218780077,100810.0078125,36104,1176956841210.9375,-0.009532867757241159,-0.003246841091737118,-0.006286026665504041,-0.5558929615003642,102794.18359375,117341.61510416666,0.9806975870435276,0.859115563758082,15.430000305175781,19.76,18551.69822364026,123.92166407221123,-0.023111297975157208,-0.03043713561496253,-4161.0,9711.0,8019538.0,68.69
2024-08-28,100518.92269267364,101974.3125,99645.68880827783,101974.3125,36525,1190550098437.5,0.011549495062687987,0.00021570256577119196,0.011333792496916795,-0.5507637494519078,102585.577734375,117058.62265625,0.9940414115914252,0.8711388378407114,17.110000610351562,19.38,18551.69822364026,123.92166407221123,-0.019588207914202127,-0.03789969608508581,180.0,168.0,8019606.0,68.69
2024-08-29,98966.50829081633,100615.95009566327,94600.33880739796,95085.46875,61064,1110122847656.25,-0.06755469667912695,-0.010242300824938821,-0.057312395854188125,-0.5811117680949524,101819.072265625,116591.280859375,0.9338669724071104,0.8155452796224621,15.649999618530273,19.8,18551.69822364026,123.92166407221123,-0.05226463002277537,-0.06908990133242854,2532.0,-12921.0,8006706.0,68.58
2024-08-30,95861.67540422885,98093.27311100747,95182.49349347015,97511.1171875,34780,1138442293164.0625,0.025510190667277888,0.004518694188624606,0.020991496478653282,-0.5704258494307757,101178.70078125,116174.06901041667,0.9637514262840816,0.8393535495322689,15.0,18.81,18551.69822364026,123.92166407221123,-0.02498710687861805,-0.05590910728973697,3483.0,-1278.0,8005427.0,68.57
2024-09-02,97511.12385321101,97511.12385321101,94309.26605504587,95182.5,17330,1111255687500.0,-0.023880530288894142,0.002501557882098382,-0.026382088170992524,-0.58068430794477,100921.582421875,115755.240234375,0.9431332497553958,0.8222737891371448,15.0,19.34,18551.69822364026,123.92166407221123,-0.06270298754652737,-0.05765522171511461,-7037.0,-18.0,8005408.0,68.57
2024-09-03,95764.65508177571,96152.75905373832,92562.79731308411,93436.03125,50483,1090865664843.75,-0.018348632889449212,-0.006105974333271202,-0.01224265855617801,-0.5883781776430768,100984.649609375,115271.72747395834,0.9252498435299397,0.8105719702266858,20.719999313354492,19.73,18551.69822364026,123.92166407221123,-0.01763325024851725,-0.06361185360578858,-5607.0,9621.0,8015027.0,68.65
2024-09-04,90719.2998989263,91689.55979089341,88681.75412579533,91495.5078125,42994,1068210053710.9375,-0.02076847027361295,-0.03146021686730205,0.0106917465936891,-0.596926933224667,100761.48984375,114780.12903645834,0.9080404423791403,0.7971371750543833,21.31999969482422,26.04,18551.69822364026,123.92166407221123,-0.027933000133481434,-0.06425389950901628,777.0,4572.0,8019620.0,68.69
2024-09-05,92174.69075520833,92174.69075520833,87420.41723204496,88487.703125,37323,1033093933984.375,-0.03287379631428289,-0.002053645663301795,-0.030820150650981093,-0.6101774751216127,100436.452734375,114100.94700520833,0.8810317441121109,0.7755211980927803,19.899999618530273,25.5,18551.69822364026,123.92166407221123,-0.03237106261347,-0.037761654305809245,-4736.0,-6592.0,8013027.0,68.63
2024-09-06,89457.96255537098,89457.96255537098,86741.23484219269,87614.46875,48748,1022898922656.25,-0.009868426280275844,-0.012121906698941975,0.0022534804186661317,-0.6140244099707659,99922.21484375,113475.129296875,0.8768267285408372,0.7721028325139156,22.3799991607666,26.81,18551.69822364026,123.92166407221123,-0.01787492363862586,-0.056499670365796395,-6564.0,5566.0,8018594.0,68.68
2024-09-09,86741.23248001654,88099.5962996141,84994.76471196252,88002.5703125,55309,1027430008398.4375,0.0044296514952046895,-0.0032819098370070465,0.007711561332211736,-0.6123146726212805,99160.5609375,112655.25963541666,0.8874755193041638,0.7811669920898542,19.450000762939453,25.61,18551.69822364026,123.92166407221123,-0.020855108900103225,-0.022406020862592135,-669.0,2214.0,8020758.0,68.7
2024-09-10,87129.34578036724,88875.81373587571,84509.64384710453,85868.0078125,33237,1002508991210.9375,-0.02425568358310559,-0.004929158272095169,-0.019326525311010423,-0.6217182452519914,98345.54296875,111832.155859375,0.8731255654339636,0.7678293166455272,19.079999923706055,23.84,18551.69822364026,123.92166407221123,-0.009361483560132555,-0.02948988761742455,-9193.0,-415.0,8020343.0,68.7
2024-09-11,85868.00581152561,88196.62969793986,84218.56389198218,87129.34375,20363,1017235088281.25,0.01468924189151144,-0.0039865638141910464,0.018675805705702486,-0.6161615730533525,97622.69921875,110988.02981770833,0.8925111111173355,0.785033700418911,17.690000534057617,24.06,18551.69822364026,123.92166407221123,0.007060841726903799,-0.021505828505411162,917.0,-1387.0,8018956.0,68.68
2024-09-12,88778.7836597832,90719.30352119924,88390.6796875,88390.6796875,30492,1031961185351.5625,0.014476591733769473,0.023363041639419713,-0.00888644990565024,-0.6106049008547135,96705.80390625,110227.99296875,0.9140162856532275,0.8018895863645005,17.06999969482422,21.73,18551.69822364026,123.92166407221123,-0.009537169510958177,0.00042787223991969103,-3701.0,-374.0,8018580.0,68.68
2024-09-13,88002.57962195294,88002.57962195294,84800.72170847506,85576.9296875,21598,999110654101.5625,-0.03183310740394629,0.001290710708143461,-0.03312381811208975,-0.6230005568683757,95599.708203125,109547.19401041667,0.8951589005446632,0.7811877835899897,16.559999465942383,21.68,18551.69822364026,123.92166407221123,-0.023334462312037507,-0.034949426290836194,-2975.0,-2582.0,8015998.0,68.66
2024-09-19,85770.98058712122,85868.00658326049,82666.14871066433,83248.3046875,40555,971923957226.5625,-0.02721089677443911,0.0020929238073543743,-0.029303820581793483,-0.6332590497994515,94537.27421875,108753.198046875,0.8805871057258492,0.765479141602973,16.329999923706055,22.16,18551.69822364026,123.92166407221123,-0.07131408859953348,-0.07196480820484141,6242.0,-13149.0,8002848.0,68.55
2024-09-20,84606.65775205159,84800.70971937281,81501.82627491208,82763.1640625,46233,966259940429.6875,-0.005827633689612477,0.004870609160551931,-0.010698242850164408,-0.6353962817162007,93460.285546875,107999.62942708333,0.8855436678608277,0.7663282226202276,16.149999618530273,21.0,18551.69822364026,123.92166407221123,-0.07312588154404764,-0.0633365257439954,6829.0,-15502.0,7987346.0,68.41
2024-09-23,82569.1181045023,85285.84584472094,81889.93616944764,84315.5859375,28495,984384465820.3125,0.018757401225352632,0.0033315308605061933,0.015425870364846439,-0.628557263484096,92354.189453125,107326.91588541666,0.9129589728064794,0.7855959079967992,15.890000343322754,21.49,18551.69822364026,123.92166407221123,-0.02457619306711145,-0.06658646108485144,2427.0,-1266.0,7984081.0,68.39
2024-09-24,84800.71289491758,88681.75238667583,84121.53098385989,88293.6484375,69790,1030828345507.8125,0.0471806304346718,0.011402693211649995,0.035777937223021805,-0.6110323610048959,91573.130078125,106678.45885416666,0.964187293392427,0.8276614546728748,15.390000343322754,22.26,18551.69822364026,123.92166407221123,0.040505564737703836,-0.0219220739561794,20306.0,-15441.0,7968631.0,68.25
2024-09-25,88972.83162975106,91980.63727917559,87711.49377676658,90622.2734375,39855,1058015042382.8125,0.026373641153229155,-0.013436232444576257,0.03980987359780541,-0.6007738680738203,90879.39453125,106109.23971354167,0.9971707437634657,0.8540469584189734,15.40999984741211,23.91,18551.69822364026,123.92166407221123,0.09101368118567366,0.051011617753715766,3825.0,2595.0,7971226.0,68.28
2024-09-26,91980.64091981131,93533.05680031446,91398.48496462264,92562.796875,26968,1080670653515.625,0.02141331665926849,0.028983329488937226,-0.0075700128296687375,-0.5922251124922301,90418.52109375,105485.03919270834,1.023715006121663,0.8774969188369833,15.369999885559082,25.63,18551.69822364026,123.92166407221123,0.06801779799115848,0.07274542550584051,3450.0,-1247.0,7969980.0,68.27
2024-09-27,91592.53074866309,93338.9984959893,90428.2189171123,90719.296875,15876,1059147791015.625,-0.019916208911551436,-0.008156267103217485,-0.011759941808333951,-0.6003464423407193,89913.985546875,104831.73072916667,1.0089564634825932,0.8653801310346939,16.959999084472656,25.4,18551.69822364026,123.92166407221123,0.020479918959802723,0.07168372654767097,-465.0,-4029.0,7965951.0,68.23
2024-09-30,91592.53544372294,91689.56143465909,88002.5737790855,89652.015625,28035,1046687282421.875,-0.011764655225123488,-0.021326302236725714,0.009561647011602226,-0.6050482286560747,89297.870703125,104183.273828125,1.0039658831625715,0.8605221580279983,16.729999542236328,25.44,0.0,2.4364092173367253,-0.009768307626400463,0.06581950319442675,3023.0,706.0,7966657.0,68.24
2024-10-02,88196.62576095779,90913.35350716992,86741.23589691559,89652.015625,15201,1046687282421.875,0.0,-0.012177705324611043,0.012177705324611043,-0.6050482286560747,89026.198046875,103552.60481770833,1.0070295889508332,0.8657630175776011,18.899999618530273,25.89,0.0,2.4364092173367253,0.009979410527879318,0.04221927129601599,4853.0,-3867.0,7962790.0,68.2
2024-10-04,90040.1165393013,91010.3764158024,88390.67474924945,88875.8046875,12695,1037625019726.5625,-0.008658042232388419,0.0031307534146178817,-0.0117887956470063,-0.608467737772127,88594.432421875,102836.2296875,1.0031759587813052,0.8642460440019717,19.209999084472656,25.84,0.0,2.4364092173367253,0.009950556689206969,-0.00937939794879572,6140.0,-6952.0,7955838.0,68.14
2024-10-07,88875.8046875,90331.19450225163,87614.46684804859,88875.8046875,15563,1037625019726.5625,0.0,0.015826658452988474,-0.015826658452988474,-0.608467737772127,88279.09765625,102166.75026041667,1.0067593240879458,0.8699092851731226,22.639999389648438,25.41,0.0,2.4364092173367253,-0.01543774877538373,-0.017636043572115456,1863.0,-3325.0,7952197.0,68.11
2024-10-08,89652.0120934399,89652.0120934399,87420.41438981533,88002.5703125,15780,1027430008398.4375,-0.009825332980898605,-0.006136951750242869,-0.003688381230655735,-0.6123146726212804,88007.424609375,101463.31171875,0.9999448421892069,0.8673339044603399,21.420000076293945,25.62,0.0,2.4364092173367253,-0.03130383533065051,-0.00956448299443724,883.0,520.0,7952717.0,68.12
2024-10-10,88002.5672448554,89554.98298456619,87226.359375,87226.359375,21569,1018367745703.125,-0.008820321210433413,0.0018500919258543913,-0.010670413136287804,-0.6157341817373327,87793.9671875,100708.12604166666,0.993534774305303,0.8661302995441623,20.93000030517578,23.27,0.0,2.4364092173367253,-0.030185452819932013,-0.02979654314232727,1284.0,-3759.0,7948817.0,68.08
2024-10-11,88584.72896039604,89457.96287128712,87711.49504950494,88196.625,12548,1029695596875.0,0.011123536875231377,-0.000865664320812809,0.011989201196044186,-0.611459786737997,87779.41328125,99965.87708333334,1.0047529563385578,0.8822673053373774,20.459999084472656,21.99,0.0,2.4364092173367253,-0.0023695931708993534,-0.029985047270894127,523.0,353.0,7949170.0,68.09
2024-10-14,87517.438849892,90719.2963687905,87420.41286447084,89846.0625,20802,1048952779687.5,0.01870182107308538,0.010158275737681466,0.008543545335403913,-0.6041933771898726,87890.99296875,99288.312109375,1.022244253537392,0.9049006936589524,19.700000762939453,21.81,0.0,2.4364092173367253,0.009862333395160294,-0.009652706288483914,-1737.0,922.0,7950092.0,68.1
2024-10-15,90913.35897090517,91010.38496767242,89554.9950161638,90040.125,17688,1051218459375.0,0.0021599444049091865,0.0038729656111551325,-0.001713021206245946,-0.6033384568895077,87992.870703125,98659.26028645833,1.0232661382736579,0.9126373412750859,20.639999389648438,21.24,0.0,2.4364092173367253,0.018819725325202152,0.004460930958258613,7493.0,-7031.0,7943061.0,68.03
2024-10-16,88778.7801489094,88972.83212737695,86450.15640729867,86741.234375,19100,1012703911328.125,-0.03663800583351029,-0.008767906805946746,-0.027870099027563544,-0.6178713448199192,88036.53203125,97986.54674479166,0.9852868164344524,0.8852361600304137,19.579999923706055,21.65,0.0,2.4364092173367253,-0.021039574898405577,-0.019720786838649196,1578.0,-4519.0,7939007.0,68.0
2024-10-17,87711.48929365962,88196.61921231924,86450.1515051446,87226.359375,9976,1018367745703.125,0.005592784141192908,-0.00040609668786162345,0.0059988808290545315,-0.6157341817373326,88041.3828125,97346.17513020833,0.9907427233482266,0.8960430058841833,19.110000610351562,21.09,0.0,2.4364092173367253,-0.02358423940475496,-0.0030514928733068603,-361.0,-1070.0,7937937.0,67.99
2024-10-18,87711.49066419613,87711.49066419613,84509.63315101198,85091.7890625,23108,993446637304.6875,-0.024471619907041386,-0.005932618012137847,-0.01853900189490354,-0.6251377887851249,87876.43828125,96802.82955729167,0.9683117650963768,0.8790217130186198,18.030000686645508,20.75,0.0,2.4364092173367253,-0.04041022009341255,-0.033579695964254586,-6083.0,1773.0,7939710.0,68.01
2024-10-21,85479.89828623291,85965.02824245444,84218.56040005694,85188.8203125,19357,994579477148.4375,0.0011403127266336188,0.0042793459928180955,-0.0031390332661844766,-0.6247103286349425,87857.0328125,96259.483984375,0.9696300635864364,0.8849914500510724,18.3700008392334,20.9,0.0,2.4364092173367253,-0.015679154332033485,-0.045262274565842975,-3294.0,4814.0,7944514.0,68.05
2024-10-22,85188.82447002924,86353.13642178362,82569.12257858187,82957.2265625,21539,968525620117.1875,-0.026195852246970852,-0.013136668968500853,-0.013059183278469999,-0.6345413614158358,87842.47890625,95703.20182291667,0.9443862194626383,0.8668176715341139,18.200000762939453,21.7,0.0,2.4364092173367253,-0.034737218439558015,-0.05660843663806703,210.0,-4851.0,7939663.0,68.01
2024-10-23,83733.4316016491,88293.65325318735,82763.17167578991,87517.4453125,39470,1021766174023.4375,0.054970723334926364,0.011249918918947222,0.04372080441597914,-0.614451835703867,88080.19296875,95263.35065104166,0.9936109624958513,0.9186895559981338,19.239999771118164,21.54,0.0,2.4364092173367253,0.027522587871324666,0.014982466805475658,2956.0,3039.0,7943396.0,68.04
2024-10-24,88390.67879514278,88487.70478723405,84412.61311940089,86644.2109375,21667,1011571162695.3125,-0.009977832098296835,-0.00715107863941955,-0.0028267534588772847,-0.6182987705530204,88196.62421875,94846.13893229167,0.9823982686979081,0.9135238599364933,19.079999923706055,22.09,0.0,2.4364092173367253,0.02783486767863186,0.006156832517543842,-1065.0,-1744.0,7941651.0,68.02
2024-10-25,87420.4134415777,87614.46541370107,80531.5684311981,81792.90625,84243,954932180468.75,-0.05599110009784081,0.0008678667853334598,-0.05685896688317427,-0.6396706422984552,87871.587109375,94359.391796875,0.9308231356762819,0.8668231608155492,20.329999923706055,22.12,0.0,2.4364092173367253,-0.01596491592607241,-0.032163132470726885,-6294.0,-17389.0,7923869.0,67.87
2024-10-28,81889.93571947675,83733.42953306687,81695.88373909883,83442.3515625,19068,974189454492.1875,0.020166116942445633,0.011287984565649944,0.008878132376795689,-0.6324041983332493,87512.591015625,93938.94583333333,0.953489670390421,0.8882615279773693,19.799999237060547,21.92,0.0,2.4364092173367253,-0.05080758796525586,-0.02014596682774672,2282.0,-1073.0,7922968.0,67.86
2024-10-29,82666.14498502994,82666.14498502994,80143.4691991018,81016.703125,30100,945870008984.375,-0.029069751655826037,0.0020556023809326085,-0.031125354036758646,-0.6430901169974261,86935.286328125,93499.09479166666,0.9319196674548682,0.8664971923580678,19.34000015258789,21.44,0.0,2.4364092173367253,-0.07910618854313722,-0.038212137586035366,-8567.0,1351.0,7924272.0,67.87
2024-10-30,81501.82937116564,81792.90733320551,79076.1796875,79076.1796875,24857,923214397851.5625,-0.023952140270457334,-0.009171827228123597,-0.014780313042333737,-0.6516388725790162,86353.13046875,93020.433203125,0.9157303187302118,0.8500947261213514,20.350000381469727,21.55,0.0,2.4364092173367253,-0.037027534702296694,-0.09671325504434825,-5906.0,-2395.0,7921854.0,67.85
2024-10-31,78882.13473135965,82957.2265625,78202.95275950292,82957.2265625,44959,968525620117.1875,0.049079847943305444,-0.014511635927306865,0.06359148387061231,-0.6345413614158358,86018.391015625,92633.946484375,0.9644126748131228,0.8955380798387207,23.15999984741211,22.65,0.0,2.4364092173367253,0.017685816791519926,-0.030295017714858652,-3035.0,7908.0,7929735.0,67.92
2024-11-01,82472.09024234694,82472.09024234694,79755.36256377552,80822.6484375,17241,943604420507.8125,-0.025731069051492583,-0.005394752048473728,-0.020336317003018856,-0.6439450028807095,85576.92265625,92140.73098958333,0.9444444358224094,0.8771652619799287,21.8799991607666,22.95,0.0,2.4364092173367253,0.028474853825259716,0.006227632165296759,4.0,-1189.0,7928723.0,67.91
2024-11-04,80822.64982739826,84121.53349382267,80046.44190588663,83442.3515625,32709,974189454492.1875,0.03241298294036743,0.018333305004740508,0.014079677935626922,-0.6324041983332493,85305.25,91692.79440104167,0.9781619720064123,0.9100208157856301,21.979999542236328,22.83,0.0,2.4364092173367253,0.057334844803220375,0.011429177724127992,4988.0,-2818.0,7925405.0,67.88
2024-11-05,83442.34594812428,83830.44988276671,81695.8782422333,82763.1640625,17116,966259940429.6875,-0.008139601620542503,-0.004669844775117893,-0.0034697568454246097,-0.6353962817162007,84999.61796875,91400.09934895833,0.9736886593175956,0.9055040930154441,20.489999771118164,22.52,0.0,2.4364092173367253,-0.009726395912816543,0.03908477491546203,60.0,95.0,7925527.0,67.88
2024-11-06,82763.16900980248,83927.48088332842,80919.67521005307,82278.0390625,14412,960596106054.6875,-0.005861605286545668,-0.00518839591090392,-0.0006732093756417479,-0.6375334447987872,84713.39140625,91235.15520833334,0.9712518610892218,0.9018238515035134,16.270000457763672,20.72,0.0,2.4364092173367253,0.009936711714560564,0.05319187858215402,312.0,-772.0,7924753.0,67.88
2024-11-07,81501.82638888889,81501.82638888889,78591.046875,78591.046875,38959,917550472265.625,-0.044811376516876944,0.0004368514429859971,-0.04524822795986294,-0.6537760700786841,84281.62578125,90945.69427083334,0.9324813818729637,0.8641535754398488,15.199999809265137,19.77,0.0,2.4364092173367253,-0.0493911941809293,-0.05564783324832123,-9300.0,-10163.0,7914577.0,67.79
2024-11-08,80143.46279212792,84412.60608856087,78396.9950799508,78882.125,43689,920948809375.0,0.0037037059127480454,-0.0013569133277561152,0.0050606192405041606,-0.6524937584622996,83815.90078125,90677.25559895833,0.9411355633565688,0.8699218395942077,14.9399995803833,19.03,0.0,2.4364092173367253,-0.04086081809500053,-0.030250897004798216,-9809.0,14449.0,7929023.0,67.91
2024-11-11,78591.05287063954,78882.1308442345,74807.03921390504,75098.1171875,24067,876770518164.0625,-0.047970409170645434,-0.011514355410196075,-0.03645605376044936,-0.6691637750582163,83078.503515625,90297.237109375,0.9039416215937968,0.8316767997733459,14.970000267028809,19.82,0.0,2.4364092173367253,-0.07664366247980814,-0.0807866287008745,-2541.0,-6682.0,7922326.0,67.86
2024-11-12,75098.11857476635,75486.22254672897,72187.33878504673,72672.46875,35673,848451072656.25,-0.032299723726012974,-0.019390378429264832,-0.012909345296748143,-0.679849693722393,82210.120703125,89787.85078125,0.8839844550579471,0.8093797559210079,14.710000038146973,21.62,0.0,2.4364092173367253,-0.04430477981669334,-0.09022621715219803,-4784.0,5020.0,7927989.0,67.91
2024-11-13,72284.36448519515,72963.5464333782,71314.10455921938,72090.3125,33391,841654398437.5,-0.008010684926676559,-0.02637991614780666,0.0183692312211301,-0.682414316955162,81477.574609375,89286.54986979166,0.8847871680719509,0.8074039438765495,14.020000457763672,24.86,0.0,2.4364092173367253,-0.0309961678360674,-0.07118377655542618,1696.0,-2259.0,7925012.0,67.88
2024-11-14,72090.31128303199,73060.57119262866,68985.47957232267,69761.6875,46388,814467701562.5,-0.032301496820394515,0.0007364378669059146,-0.03303793468730043,-0.6926728098862377,80604.341015625,88756.141015625,0.8654830077511189,0.7859927966868102,14.3100004196167,23.41,0.0,2.4364092173367253,-0.027578048762918472,-0.05897348328286367,3398.0,-13153.0,7911810.0,67.77
2024-11-15,68888.44872237569,71217.07234116022,68597.37077002763,70246.8125,58994,820131535937.5,0.006954031896089008,-0.0008268357454254138,0.007780867641514422,-0.6905356468036512,79862.0921875,88148.11145833334,0.8796014551569062,0.796917952498675,16.139999389648438,21.74,0.0,2.4364092173367253,-0.006887835824655908,-0.05625323488185341,2550.0,-3817.0,7907883.0,67.73
2024-11-18,70246.82274305556,70634.92673611111,68015.22478298612,69858.71875,55751,815600541406.25,-0.005524716868825941,0.021602392615596377,-0.027127109484422318,-0.6922453497360553,79095.587109375,87517.44270833333,0.883218916542056,0.7982262345440782,15.579999923706055,21.09,0.0,2.4364092173367253,-0.052384176530208326,-0.04692429060582637,1873.0,-10887.0,7897068.0,67.64
2024-11-19,69955.73838198425,70343.84233972064,67239.01067782952,67724.140625,79898,790679341796.875,-0.030555643779252684,0.0011663835908932718,-0.031722027370145955,-0.7016489912009288,78333.9328125,86904.56197916667,0.8645568809509975,0.7792932739392355,16.350000381469727,20.01,0.0,2.4364092173367253,-0.05106826921305385,-0.06573697267922418,-36582.0,13235.0,7909799.0,67.75
2024-11-20,68209.27358135623,68791.42954364377,66753.8836756374,68500.3515625,30979,799741604492.1875,0.011461362674175746,0.0041829681404848,0.007278394533690946,-0.6982294820848766,77383.078125,86307.85221354167,0.8852109947325774,0.7936746171485927,17.15999984741211,19.93,0.0,2.4364092173367253,-0.05157074232087733,-0.07682780936666334,-5956.0,7380.0,7917314.0,67.81
2024-11-21,69082.5020477208,69567.63197783119,65492.540564903844,68112.2421875,36817,795210427539.0625,-0.005665801213383337,-0.0006688002706674023,-0.0049970009427159345,-0.6999392538514434,76456.4796875,85669.09778645834,0.8908629126778352,0.7950619762248327,16.8700008392334,19.46,0.0,2.4364092173367253,-0.029440633779170944,-0.04878687562207884,-1792.0,878.0,7918192.0,67.82
2024-11-22,68403.31829108392,70149.78599213286,67918.18837412588,69373.578125,36563,809936524609.375,0.018518490905464313,0.008308416972913069,0.010210073932551245,-0.6943825816528045,75835.51328125,85093.41015625,0.9147901177607288,0.8152638141733306,15.239999771118164,18.91,0.0,2.4364092173367253,0.012491467523526256,-0.04635766933104202,-2707.0,1291.0,7919383.0,67.83
2024-11-25,69858.71875,70828.97873263889,68112.25078125,69858.71875,44437,815600541406.25,0.006993161346324994,0.01323347531043928,-0.006240313964114286,-0.6922453497360552,75156.331640625,84516.10572916667,0.9295120880040209,0.8265728543369412,14.600000381469727,18.59,0.0,2.4364092173367253,-0.0010272409742789756,-0.025470873810733985,757.0,-13048.0,7906333.0,67.72
2024-11-26,70440.87473958333,70537.90073784723,68791.43276909723,69858.71875,32635,815600541406.25,0.0,-0.005516221179449388,0.005516221179449388,-0.6922453497360552,74598.432421875,83984.07994791666,0.9364636290871289,0.8318090618284251,14.100000381469727,18.5,0.0,2.4364092173367253,0.009485981147886346,0.011767374738861358,-4714.0,10191.0,7916544.0,67.81
2024-11-27,69567.64270019531,69567.64270019531,66753.888671875,68306.3046875,39219,797476107226.5625,-0.02222219488530197,-0.006864117860451935,-0.015358077024850036,-0.6990843335510786,74059.938671875,83442.3515625,0.9223111160020444,0.8186047421774445,14.100000381469727,18.2,0.0,2.4364092173367253,-0.016082169809514935,-0.010869096819679624,-7742.0,-805.0,7916739.0,67.81
2024-11-28,68888.45509774031,68888.45509774031,67044.96122892754,67627.1171875,20593,789546593164.0625,-0.009943262237757877,0.0006431580719459262,-0.010586420309703803,-0.7020764169340299,73293.433203125,82869.89830729166,0.9226899905217784,0.8160637163657475,14.100000381469727,17.72,0.0,2.4364092173367253,-0.020428276155104452,-0.016458516186667493,-5371.0,454.0,7917192.0,67.81
2024-11-29,67433.06520130917,68015.22115988164,65880.64931178263,67627.1171875,27157,789546593164.0625,0.0,-0.019467638965027012,0.019467638965027012,-0.7020764169340299,72633.656640625,82412.25911458333,0.9310713561084191,0.8205953569780614,13.510000228881836,19.34,0.0,2.4364092173367253,-0.006476858369526828,-0.007200951154191726,3597.0,202.0,7917393.0,67.81
2024-12-02,68403.31667877907,69082.49854651162,65880.64117005814,66753.875,26483,779351490625.0,-0.012912604053177179,-0.0005822410804136036,-0.012330362972763576,-0.7059233862002645,71799.2328125,81899.63841145833,0.9297296417403832,0.8150692273466822,13.34000015258789,19.94,0.0,2.4364092173367253,-0.003449144317440367,-0.013291000162841016,-5984.0,705.0,7918098.0,67.82
2024-12-03,66850.90640805635,67821.16629786849,66365.7764631503,67141.984375,41567,783882667578.125,0.0058140351402822255,0.018586469456062682,-0.012772434315780457,-0.7042136144336976,71018.173828125,81432.296484375,0.9454197532239286,0.8245129668900228,13.300000190734863,19.07,0.0,2.4364092173367253,-0.00563515832351702,-0.03157965565807086,-7052.0,3504.0,7921587.0,67.85
2024-12-04,66559.8230377907,67433.05686773255,64619.30341569767,66753.875,27677,779351490625.0,-0.005780427531488219,-0.014439460920021796,0.008659033388533577,-0.7059233862002644,70241.965625,80987.59388020834,0.9503417850858299,0.8242481570540058,13.449999809265137,21.34,0.0,2.4364092173367253,-0.016443763900010455,-0.0075625452446872465,-5938.0,2164.0,7923750.0,67.87
2024-12-05,66365.78152173913,67433.06748188406,66171.72952898551,66947.9375,29781,781617170312.5,0.0029071346045455027,-0.00898940841872975,0.011896543023275252,-0.7050684658998997,69659.81015625,80578.46770833334,0.9610697667684258,0.8308415312925629,13.539999961853027,20.73,0.0,2.4364092173367253,0.007783142096028373,0.01492041808829181,-9319.0,5724.0,7929442.0,67.92
2024-12-06,67724.14030888729,67724.14030888729,65395.51657333815,67141.984375,27804,783882667578.125,0.002898474280854435,-0.005606480741801145,0.00850495502265558,-0.7042136144336976,69072.803125,80222.70572916667,0.972046613679398,0.8369448993863728,12.770000457763672,22.0,0.0,2.4364092173367253,0.02906053143446441,0.003957734145920377,2211.0,208.0,7929650.0,67.92
2024-12-09,66656.85484375,66947.9328125,64522.28307291667,65492.54296875,38402,764625439160.1562,-0.024566467935138392,-0.027831706489902297,0.003265238554763905,-0.7114800411903627,68592.5244140625,79854.00696614584,0.9548058411351171,0.820153495822891,14.1899995803833,23.45,0.0,2.4364092173367253,0.023666736600694738,0.019553335673447858,2198.0,2308.0,7931958.0,67.94
2024-12-10,66268.75225360577,66753.88221153847,65007.41436298077,65589.5703125,37684,765758233398.4375,0.0014815021581358057,0.02425675379379899,-0.022775251635663185,-0.7110525982487209,68238.3794921875,79480.45696614584,0.9611829999569267,0.8252289030048913,14.180000305175781,21.62,0.0,2.4364092173367253,-0.0110050580582437,0.00955051835356513,1767.0,-9512.0,7901245.0,67.68
2024-12-11,65007.41110671589,69179.52853595288,64910.38511998945,68985.4765625,28171,805405438867.1875,0.051775095244873226,0.010203289290534823,0.0415718059543384,-0.6960923190022898,68083.1376953125,79199.0814453125,1.0132534853376716,0.8710388467085307,13.579999923706055,20.6,0.0,2.4364092173367253,0.022061792873439123,0.042463290919369956,-8698.0,14265.0,7915510.0,67.8
2024-12-12,68791.42954364377,70537.89743050637,67530.0916253541,68500.3515625,75199,799741604492.1875,-0.007032277287531419,0.016216968308627733,-0.02324924559615915,-0.6982294820848763,68020.0708984375,78888.5982421875,1.0070608668547203,0.868317514683229,13.920000076293945,19.91,0.0,2.4364092173367253,-0.004452691277483933,0.007317502299935552,-17884.0,11427.0,7926937.0,67.9
2024-12-13,68403.32556878541,70440.87143679179,67627.1176190687,68500.3515625,91411,799741604492.1875,0.0,0.00497149338766989,-0.00497149338766989,-0.6982294820848763,67932.7478515625,78557.0927734375,1.0083553768821152,0.8719817542135675,13.8100004196167,19.49,0.0,2.4364092173367253,0.013351066970509362,-0.006158946110389918,-68172.0,48413.0,7975350.0,68.31
2024-12-16,68597.38064417713,70731.95260198745,68597.38064417713,69567.640625,42987,812202204296.875,0.015580782261039872,-0.002200873263290104,0.017781655524329976,-0.6935276613524396,67918.1939453125,78290.2712890625,1.0242857853525322,0.888586020709305,14.6899995803833,18.88,0.0,2.4364092173367253,-0.010439083459499066,0.008357470859176153,-9592.0,6931.0,7982189.0,68.37
2024-12-17,69567.64075520834,70537.90073784723,69276.56276041667,69858.71875,31237,815600541406.25,0.0041841022979209885,-0.012920972325065838,0.017105074622986827,-0.6922453497360551,68024.9228515625,78067.1115234375,1.02695770640474,0.8948546626965549,15.869999885559082,18.36,0.0,2.4364092173367253,0.029915236759646913,0.048237797117826164,-7752.0,4424.0,7986703.0,68.41
2024-12-18,69858.70839112344,70052.76035887656,68500.3446168516,69955.734375,33926,816733198828.125,0.001388740399708599,0.01124216866104999,-0.00985342826134139,-0.6918179584200355,68097.6919921875,77853.65436197916,1.0272849538428654,0.8985542804418926,27.6200008392334,17.96,0.0,2.4364092173367253,0.025033301885975412,-0.0031874370978536293,-5828.0,-2409.0,7983271.0,68.38
2024-12-19,68888.44990611589,68888.44990611589,66365.77427575107,67821.1640625,37175,791812090429.6875,-0.030513157092420307,-0.019521580939886873,-0.010991576152533433,-0.7012215654678277,68083.1380859375,77578.74733072917,0.9961521452917339,0.874223500585396,24.09000015258789,20.3,0.0,2.4364092173367253,-0.003739929790887997,0.009070232345772089,-4510.0,-16534.0,7966752.0,68.24
2024-12-20,67141.98373161764,67821.16564797795,65783.61989889706,65977.671875,22683,770289319140.625,-0.027181665383996467,-0.013046364299760804,-0.014135301084235663,-0.7093428608992355,67913.3427734375,77206.81438802084,0.9714979292818055,0.8545576241938158,18.360000610351562,21.45,0.0,2.4364092173367253,-0.03498030549811049,-9.357535079368429e-05,-3821.0,-2183.0,7964569.0,68.22
2024-12-23,66753.88324964132,68597.37711845408,65977.67530487805,67627.1171875,21520,789546593164.0625,0.025000053285072044,0.015747814803463767,0.009252238481608277,-0.7020764169340297,67801.7626953125,76823.56178385417,0.9974241745218732,0.8802913535533708,16.780000686645508,20.07,0.0,2.4364092173367253,-0.01587463875516082,-0.008622992393515383,-237.0,2082.0,7949551.0,68.09
2024-12-24,67627.1171875,68500.35112535868,67336.03920821377,67627.1171875,19820,789546593164.0625,0.0,-0.0006101491101250245,0.0006101491101250245,-0.7020764169340297,67690.1826171875,76407.96712239583,0.9990683223585884,0.885079393346115,14.270000457763672,20.02,0.0,2.4364092173367253,-0.0042729134925023615,-0.025117917906377185,1623.0,-2932.0,7962819.0,68.2
2024-12-26,68500.35127232144,68500.35127232144,65977.67544642858,67918.1953125,23585,792944930273.4375,0.004304162843330683,-0.00444581383042042,0.008749976673751103,-0.7007941053176452,67670.7771484375,76027.94876302083,1.0036562039699912,0.8933319446010711,14.729999542236328,20.49,0.0,2.4364092173367253,0.018612364265484405,-0.006514512971284692,4763.0,-11340.0,7951479.0,68.11
2024-12-27,69314.38569900143,70106.55010699,67730.05688302426,69413.40625,32033,810401517968.75,0.02201488026323939,-0.010248265461727635,0.032263145724967024,-0.6942071233721577,67760.0916015625,75690.63860677084,1.0243995338459575,0.91706725597359,15.949999809265137,20.88,0.0,2.4364092173367253,0.04162327150884315,0.036740208906215766,-1465.0,-2357.0,7949122.0,68.09
2024-12-30,69413.40590840974,70403.61141352257,67631.03599920664,70205.5703125,18004,819650033398.4375,0.011412263211042273,-0.0021956483380910496,0.013607911549133322,-0.690717334576019,67889.0142578125,75366.53118489584,1.0341226939293926,0.9315218467500579,17.399999618530273,21.14,0.0,2.4364092173367253,0.05462103394785145,0.06448342153958475,-324.0,1859.0,7950981.0,68.1
2025-01-02,69116.33883226037,70304.5853451359,68126.13340486409,69215.359375,18508,808089320703.125,-0.014104449733722824,-0.00022923572524313762,-0.013875214008479686,-0.6950795963840033,68012.0884765625,75038.85709635417,1.0176920151312832,0.9223935711883715,17.93000030517578,20.7,0.0,2.4364092173367253,0.03199584326562066,0.04135596904949679,1466.0,-1906.0,7970671.0,68.27
2025-01-03,69215.36301369863,72582.06164383562,68720.2602739726,72285.0,35519,843927375000.0,0.044349125002285605,0.017916238638119086,0.02643288636416652,-0.6815566432882902,68269.2392578125,74762.34368489584,1.0588224035575136,0.9668637503482073,16.1299991607666,20.31,0.0,2.4364092173367253,0.026165583904820156,0.06717870630353828,9053.0,1487.0,7972261.0,68.28
2025-01-06,71591.85867726657,75156.59852841678,71591.85867726657,73176.1875,49366,854331989062.5,0.01232880265615277,0.019132474527359333,-0.0068036718712065625,-0.6776306179862286,68590.3548828125,74515.2373046875,1.0668582722020092,0.9820298525090617,16.040000915527344,20.71,0.0,2.4364092173367253,0.005754000484480271,0.05162505775858062,4280.0,-3458.0,7968803.0,68.26
2025-01-07,73968.34754834254,74364.42973066299,71690.875,71690.875,42824,836990965625.0,-0.02029775738179851,0.001390400068906894,-0.021688157450705403,-0.6841739934896645,68827.5017578125,74256.31256510416,1.0416021672886375,0.9654515895486337,17.81999969482422,20.24,0.0,2.4364092173367253,-0.0020589429577454466,-0.00232624541709181,-3787.0,-4744.0,7973747.0,68.3
2025-01-08,71195.77056417784,74166.38686031879,70898.70893456377,73770.3046875,37411,861268307226.5625,0.02900550017697512,0.011616688751427517,0.0173888114255476,-0.6750133022019357,69158.9177734375,74015.87389322916,1.066678124275589,0.9966822089261095,17.700000762939453,20.2,0.0,2.4364092173367253,-0.011103017896364364,0.0014546544593224686,-3228.0,-3679.0,7970068.0,68.27
2025-01-09,73077.16730078659,73968.35226786936,72185.98233370384,72384.0234375,34477,845083473632.8125,-0.018791860164770302,0.0003371029924694735,-0.019128963157239776,-0.6811204067823673,69503.491796875,73724.83990885416,1.0414444161890946,0.9818132331923431,17.700000762939453,19.9,0.0,2.4364092173367253,-0.023428309182397578,-0.003799094689437621,-3744.0,-8782.0,7961291.0,68.19
2025-01-10,71690.87671232877,73473.24657534246,71690.87671232877,72285.0,21829,843927375000.0,-0.0013680289212646413,-0.0024266914960373587,0.0010586625747727174,-0.6815566432882901,69838.26328125,73428.92115885417,1.0350343293746667,0.9844213813739761,19.540000915527344,19.92,0.0,2.4364092173367253,-0.000681489156919457,-0.029173318478831423,-72.0,-3742.0,7957549.0,68.16
2025-01-13,72384.01645376591,72384.01645376591,69710.46181046676,70007.5234375,31484,817337836132.8125,-0.03150690409490209,-0.01042220321243792,-0.02108470088246417,-0.6915898075878647,69889.365625,73150.0259765625,1.0016906407926778,0.9570403086381766,19.190000534057617,20.49,0.0,2.4364092173367253,-0.03915500146493123,-0.04345434749008903,-1641.0,-9266.0,7948283.0,68.08
2025-01-14,70700.66811179578,70700.66811179578,69413.40104533451,70304.5859375,21882,820806040820.3125,0.004243293940617843,0.003149088017755375,0.0010942059228624679,-0.6902811324871775,69979.57734375,72867.99641927083,1.0046443349057899,0.9648211751696675,18.709999084472656,19.25,0.0,2.4364092173367253,-0.018931832384828984,-0.020671984116521158,-1566.0,-4768.0,7943515.0,68.04
2025-01-15,71195.77022979256,71789.89348623033,67730.05123390557,69215.359375,35640,808089320703.125,-0.015492966041622203,-0.00023618313969120397,-0.015256782901930999,-0.6950795963840033,70015.327734375,72603.3892578125,0.9885743824208048,0.9533351002281492,16.1200008392334,19.26,0.0,2.4364092173367253,-0.0352472778615327,-0.05331757844399976,-4296.0,-10931.0,7932583.0,67.95
2025-01-16,69413.403359375,70799.69101562501,69314.3828125,69314.3828125,27471,809245419335.9375,0.0014306569870352615,0.012287651411459155,-0.010856994424423894,-0.6946433598780805,70002.66484375,72338.81529947916,0.9901677738585197,0.9581907379259923,16.600000381469727,18.14,0.0,2.4364092173367253,-0.025019571403492424,-0.045045609711183876,1989.0,-1442.0,7948241.0,68.08
2025-01-17,68621.23642061281,71492.83217270195,68621.23642061281,71096.75,21874,830054556250.0,0.02571424739251338,-0.0015588356121974956,0.027273083004710874,-0.6867913436910388,70064.56640625,72141.14069010416,1.0147318915493628,0.9855229529209895,15.970000267028809,17.68,0.0,2.4364092173367253,0.0011593056783559819,-0.01883118928124572,2906.0,3807.0,7952148.0,68.11
2025-01-20,71294.79281767955,71987.93663674033,70007.52572513813,71690.875,23285,836990965625.0,0.008356570448016187,-0.0013869350447894835,0.00974350549280567,-0.6841739934896645,70151.3234375,71877.36451822917,1.0219461513633685,0.997405448579269,15.970000267028809,18.45,0.0,2.4364092173367253,0.02615959407309265,0.01199701709402412,-1954.0,-3524.0,7948624.0,68.08
2025-01-21,72285.00288560192,73077.16730078659,70997.73571092682,72384.0234375,16227,845083473632.8125,0.009668572708869894,-0.0008015791322039112,0.010470151841073805,-0.6811204067823673,70379.46640625,71639.6947265625,1.0284821288595618,1.0103898922766,15.0600004196167,18.3,0.0,2.4364092173367253,0.04748674033859035,0.021372963012235457,1390.0,1250.0,7949849.0,68.09
2025-01-22,72978.14149070946,73869.32639358108,71591.85386402028,73275.203125,21864,855487996484.375,0.01231182856627866,0.011528865406335687,0.0007829631599429732,-0.6771944158973872,70744.34296875,71497.7330078125,1.0357747354776898,1.0248605101506265,15.100000381469727,17.67,0.0,2.4364092173367253,0.02099662049382245,0.03741270907410943,1308.0,-1022.0,7948826.0,68.08
2025-01-23,73275.20076936376,73275.20076936376,70997.72831301867,71591.8515625,24939,835834866992.1875,-0.022973004382237927,-0.012394709050090102,-0.010578295332147825,-0.6846102299955873,70942.5796875,71300.22467447916,1.009152075916326,1.0040901257934636,15.020000457763672,17.79,0.0,2.4364092173367253,0.0006748196688689534,0.0376914081663855,-755.0,-2619.0,7946194.0,68.06
2025-01-24,71987.94088294993,74265.41356562923,71393.8175744249,73176.1875,32462,854331989062.5,0.022130115410087914,0.0084715338468766,0.013658581563211314,-0.6776306179862285,71220.033203125,71169.5494140625,1.0274663491281435,1.0281951776069698,14.850000381469727,17.96,0.0,2.4364092173367253,0.0038632493910064625,0.024076906724885938,2442.0,-203.0,7945991.0,68.06
2025-01-31,74265.41063262195,75156.59556021342,70403.60927972561,73077.1640625,98155,853175890429.6875,-0.0013532194130775332,-0.0076592286607691795,0.006306009247691646,-0.6780668544921513,71477.981640625,71069.5658203125,1.0223730774872088,1.0282483538349365,16.43000030517578,18.79,0.0,2.4364092173367253,0.009386295478755136,0.020639410479771914,3250.0,-35655.0,7910455.0,67.76
2025-02-03,72185.978671875,72185.978671875,69314.3828125,69314.3828125,50454,809245419335.9375,-0.05149052098931817,-0.025193024093922434,-0.026297496895395733,-0.6946433598780803,71473.03046875,70842.18509114583,0.9697977315066579,0.9784337217057866,18.6200008392334,22.08,0.0,2.4364092173367253,-0.006332906084492773,-0.016128238256697625,-4812.0,-12074.0,7898263.0,67.65
2025-02-04,70403.60506353734,73077.15968620332,70007.52289721646,71591.8515625,40161,835834866992.1875,0.032857087628706205,0.011304220047816393,0.021552867580889812,-0.6846102299955872,71542.34453125,70688.3384765625,1.0006919962097185,1.0127816427066973,17.209999084472656,20.91,0.0,2.4364092173367253,0.0015613799331857248,0.004641666164249214,3524.0,12355.0,7910618.0,67.76
2025-02-05,71294.7919556172,72582.05903259362,70799.68923370319,71393.8125,21597,833522760937.5,-0.0027662235041806538,0.01111342624428402,-0.013879649748464673,-0.6854826685903517,71651.2671875,70487.5294921875,0.9964068369254897,1.0128573524188125,15.770000457763672,20.06,0.0,2.4364092173367253,-0.018624279062970595,0.0013403117479323656,2379.0,-4468.0,7906150.0,67.72
2025-02-06,71987.93625076876,80998.805850246,70700.66916512915,80503.703125,110658,939880733984.375,0.12760056237366513,0.010951384368703243,0.11664917800496188,-0.6453500802262161,72062.20234375,70449.87180989583,1.1171418650374088,1.1427090079345175,15.5,19.12,0.0,2.4364092173367253,0.12432239583738702,0.10433090818968294,17108.0,10669.0,7916866.0,67.81
2025-02-07,80701.74637179113,87732.20525816803,80008.602537923,84860.609375,163075,990747614453.125,0.05412056937598164,-0.005846093673006814,0.059966663048988456,-0.6261562246389126,72646.4234375,70492.9146484375,1.1681319652027777,1.2038175722796698,16.540000915527344,19.29,0.0,2.4364092173367253,0.16273619130548567,0.15799156199097975,4256.0,-20523.0,7896333.0,67.63
2025-02-10,82682.15648785129,86642.97835553279,79612.51954039812,84563.546875,142737,987279409765.625,-0.003500593528468321,-0.0002577014195069838,-0.003242892108961337,-0.6274648997395998,73290.05703125,70592.45631510417,1.1538201810778113,1.197911948233292,15.8100004196167,19.95,0.0,2.4364092173367253,0.173372948944989,0.18104616677741414,22576.0,-39847.0,7856517.0,67.29
2025-02-11,84266.4838076637,85652.77143787203,82088.03181733632,83177.2578125,74905,971094484960.9375,-0.01639345928274727,0.007052013135895985,-0.023445472418643254,-0.6335720387371129,73760.4046875,70664.04186197916,1.1276681325827358,1.1770803879993395,16.020000457763672,19.28,0.0,2.4364092173367253,0.033278298521383864,0.13604782677788108,13130.0,-12420.0,7844068.0,67.19
2025-02-12,82385.09578313254,85751.79440888554,81592.9314006024,82187.0546875,40300,959533863476.5625,-0.01190473395062075,0.003678479577159388,-0.015583213527780138,-0.6379342661280158,74250.55625,70782.1908203125,1.106888067084346,1.1611261778565156,15.890000343322754,18.8,0.0,2.4364092173367253,-0.04227157805538473,0.1343442629985656,-1276.0,-624.0,7843662.0,67.18
2025-02-13,82781.17667322834,88029.265625,81889.99175688977,88029.265625,84636,1027741676171.875,0.07108432051390401,0.013647844624626648,0.05743647588927736,-0.6121970694543578,75037.76953125,71038.13743489583,1.1731327593411423,1.2391831881244915,15.100000381469727,18.03,0.0,2.4364092173367253,0.01840778994285397,0.07513156088288109,26838.0,-17864.0,7826504.0,67.04
2025-02-14,88128.2864819807,89217.51249467935,86147.87554980136,87237.1015625,55181,1018493160742.1875,-0.008998871646556439,0.0030505646904579464,-0.012049436337014385,-0.6156868582504964,75899.2484375,71290.58391927084,1.149380308216573,1.2236833641492815,14.770000457763672,17.7,0.0,2.4364092173367253,0.029803826024482838,0.003115461496878247,11387.0,-13204.0,7813365.0,66.92
2025-02-17,87237.10393046786,87930.24777554536,84464.52855015786,86246.8984375,59519,1006932539257.8125,-0.011350710962016342,0.007475684638216684,-0.018826395600233026,-0.6200490856413996,76696.3640625,71565.33743489583,1.1245239522334756,1.2051490502082831,14.770000457763672,18.06,0.0,2.4364092173367253,0.02656064395202995,-0.012468041994393442,439.0,3440.0,7816785.0,66.95
2025-02-18,86246.89554597701,87534.16264367817,85355.71063218391,86147.875,31837,1005776440625.0,-0.0011481391133358887,0.006278735685934178,-0.007426874799270067,-0.6204853221473223,77542.98984375,71830.35514322917,1.1109692207327697,1.1993240855933651,15.350000381469727,17.88,0.0,2.4364092173367253,-0.03830270673651748,0.0035505556249797454,2433.0,2063.0,7818723.0,66.97
2025-02-19,87138.07725199543,90306.73460661345,86543.95399800457,86841.015625,68247,1013868857421.875,0.008045939902754373,0.017020629562167544,-0.008974689659413171,-0.6174317698571066,78419.321484375,72113.39342447916,1.107393101358356,1.2042286668418172,15.270000457763672,18.49,0.0,2.4364092173367253,-0.03522796005891626,0.010159079493346712,7563.0,-14728.0,7803689.0,66.84
2025-02-20,86841.01882183908,88227.30646551725,85157.6695402299,86147.875,39251,1005776440625.0,-0.007981719467597514,-0.006535590528931712,-0.0014461289386658027,-0.6204853221473224,79171.877734375,72420.4556640625,1.0881120603079515,1.1895516841210587,15.65999984741211,18.64,0.0,2.4364092173367253,-0.01784769339734904,-0.04872352533459645,3935.0,378.0,7804125.0,66.84
2025-02-21,86543.96162951631,86543.96162951631,83078.24234229312,84959.6328125,48878,991903713085.9375,-0.013793052788591664,0.00019593359598868432,-0.013988986384580349,-0.6257199881329897,79835.315625,72694.77701822917,1.0641860954313724,1.1687171526944125,18.209999084472656,18.64,0.0,2.4364092173367253,-0.024409804982659322,-0.050663075382162415,-2184.0,5914.0,7810003.0,66.9
2025-02-24,83276.28326271186,87633.1875,83276.28326271186,87633.1875,77075,1023117464062.5,0.03146852921787402,-0.0035071681093629126,0.03497569732723693,-0.6139419466438866,80597.773828125,73020.12610677084,1.0872904217786217,1.2001237490587429,18.979999542236328,19.48,0.0,2.4364092173367253,0.01954058200399078,0.003139017545307543,1845.0,8925.0,7818916.0,66.97
2025-02-25,86741.99801703879,88128.2856565805,84266.484375,84266.484375,47501,983811205078.125,-0.038418129261816425,-0.005662930573493763,-0.03275519868832266,-0.6287735748402868,81147.337890625,73268.3412109375,1.0384380629784697,1.1501077134037898,19.43000030517578,19.6,0.0,2.4364092173367253,-0.011768487745666079,-0.022189306343745052,5468.0,-12015.0,7806958.0,66.87
2025-02-26,84365.50609485817,85058.649924276,83672.36226544032,83771.3828125,32238,978030894335.9375,-0.005875426822088747,0.0041060296270498675,-0.009981456449138615,-0.6309546885357383,81756.314453125,73500.2189453125,1.0246472504644315,1.1397433098101342,19.100000381469727,19.93,0.0,2.4364092173367253,-0.007760957810224345,-0.023196073133470496,4989.0,-5472.0,7801486.0,66.82
2025-02-27,84662.56392888955,85157.66664192399,81790.96819328978,83375.296875,44557,973406591015.625,-0.004728177143578205,-0.007322767208623127,0.0025945900650449216,-0.6326996001423484,82266.269921875,73725.49524739584,1.0134809436987746,1.1308882577895605,21.1299991607666,19.32,0.0,2.4364092173367253,-0.040142065072416355,-0.019155354129759772,4275.0,5402.0,7806888.0,66.87
2025-02-28,80800.76418329177,81790.96962671446,78820.35329644638,79414.4765625,62529,927164013867.1875,-0.047505921549379826,-0.033935337352198,-0.013570584197181823,-0.6501485441230419,82583.135546875,73910.6314453125,0.9616306772152478,1.0744662169644685,19.6299991607666,22.86,0.0,2.4364092173367253,-0.020957450581275516,-0.018736951942361246,-9918.0,4647.0,7811834.0,66.91
2025-03-04,79315.4545916411,80701.7421875,75750.7150594325,80701.7421875,45126,942192840039.0625,0.016209458032338864,-0.0015240594829495357,0.0177335175152884,-0.6444776416314516,83152.503515625,74128.54186197916,0.9705269086977703,1.0886730017940938,23.510000228881836,23.47,0.0,2.4364092173367253,0.006757523383151498,-0.03597913175430978,-646.0,10287.0,7822118.0,67.0
2025-03-05,79909.58071001839,81196.84780943628,79117.41634114583,80800.765625,32785,943348938671.875,0.0012270297371019812,0.011550370055151138,-0.010323340318049157,-0.6440414051255289,83612.94921875,74348.10266927084,0.9663666499026041,1.0867898806299483,21.93000030517578,22.17,0.0,2.4364092173367253,-0.00616040699994258,-0.013547273384036274,-1077.0,736.0,7822854.0,67.01
2025-03-06,80800.76537013802,80800.76537013802,78127.2106336261,78919.375,27532,921383703125.0,-0.023284316806249317,0.00704812895467688,-0.030332445760926197,-0.6523296578184934,83989.22734375,74550.86100260417,0.9396368736314221,1.0585977671973934,24.8700008392334,21.27,0.0,2.4364092173367253,-0.022922268563686954,-0.033898262695823855,2742.0,-6344.0,7816510.0,66.95
2025-03-07,78919.37923337439,82088.03686884236,78127.21482450739,80404.6875,29552,938724726562.5,0.01882063181569804,-0.004922028163322545,0.023742659979020586,-0.6457862823150574,83984.2765625,74771.9060546875,0.9573778663219642,1.0753328588573459,23.3700008392334,21.97,0.0,2.4364092173367253,-0.016913126099954767,-0.01275019278184819,-1089.0,4731.0,7821241.0,66.99
2025-03-10,79909.5801156851,83276.27865835337,78721.33357121395,82385.09375,22878,961845969531.25,0.0246304825200645,0.002695520215496794,0.021934962304567707,-0.6370618275332515,83860.50078125,75032.4263671875,0.9824064128224252,1.0979931975920734,27.860000610351562,22.13,0.0,2.4364092173367253,0.015345176522662096,0.02275535371990134,6316.0,-366.0,7820877.0,66.99
2025-03-11,81196.8515625,82385.0981707317,78721.33779535061,81196.8515625,25906,947973241992.1875,-0.014423024037646393,-0.012756739752421975,-0.0016662842852244175,-0.6422964935189188,83692.166015625,75269.90826822916,0.9701846113929095,1.0787425337779049,26.920000076293945,24.08,0.0,2.4364092173367253,0.044011337998363875,0.003355551919388522,1903.0,-1017.0,7819865.0,66.98
2025-03-12,80503.70627133106,87039.0625,80503.70627133106,87039.0625,52895,1016181054687.5,0.07195120038617575,0.01466739016029428,0.05728381022588147,-0.6165592968452608,83885.25625,75601.52623697916,1.037596669438558,1.1512871079767484,24.229999542236328,23.08,0.0,2.4364092173367253,0.07755248824522476,0.07096270246331915,13642.0,11464.0,7831355.0,67.08
2025-03-13,87930.24690380183,89316.53458021313,85949.8359375,85949.8359375,56372,1003464334570.3125,-0.012514226730096056,-0.0004583527197696835,-0.012055874010326373,-0.6213577607420867,84073.3953125,75942.48111979167,1.0223190774920567,1.1317754525549768,24.65999984741211,23.11,0.0,2.4364092173367253,0.04356165193033068,0.08923927421391897,-2256.0,-2043.0,7829333.0,67.06
2025-03-14,86742.00236430921,90999.88604200933,86147.87906044409,90306.7421875,60918,1054331215039.0625,0.050691268953302115,-0.00282859508715394,0.053519864040456055,-0.6021639051547831,84187.269140625,76354.433984375,1.0726888175533185,1.1827308183042804,21.770000457763672,22.0,0.0,2.4364092173367253,0.09874780025601115,0.11901647827535444,20536.0,-1687.0,7827613.0,67.05
2025-03-17,92980.29496033918,93376.37715399344,88821.43192696937,90504.78125,48029,1056643321093.75,0.002192959879881551,0.01727342700510892,-0.01508046712522737,-0.6012914665600189,84350.653125,76713.0890625,1.0729588675013595,1.1797827770468685,20.510000228881836,20.85,0.0,2.4364092173367253,0.026383522904902312,0.08200104884555937,15003.0,-15423.0,7812202.0,66.91
2025-03-18,90801.84029696132,91296.94302486187,89217.51156767955,89613.59375,25756,1046238707031.25,-0.009846855466544735,0.0006320729467728103,-0.010478928413317545,-0.6052174918620804,84518.987890625,77064.97643229166,1.0602776486860903,1.1628316506232037,21.700000762939453,20.41,0.0,2.4364092173367253,0.02796046850191114,0.07318840471746624,4448.0,-3683.0,7809192.0,66.89
2025-03-19,89712.61198770492,91494.98176229508,88524.36547131148,90603.796875,44220,1057799328515.625,0.011049697747447018,0.006231971622814525,0.004817726124632493,-0.6008552644711773,84741.783984375,77433.3671875,1.0691749998053601,1.170087265553216,19.899999618530273,20.33,0.0,2.4364092173367253,-0.020741669413912422,0.02072232061621726,16669.0,418.0,7808945.0,66.89
2025-03-20,91197.92680027173,92287.15285326086,89217.51579483696,91098.90625,24036,1063579730468.75,0.005464554379360775,0.003226019771096933,0.0022385346082638424,-0.5986741163586444,84954.678515625,77792.22161458334,1.0723235946710685,1.1710541794441067,19.799999237060547,19.6,0.0,2.4364092173367253,-0.0034226676804212097,0.035016729234807475,10012.0,-5414.0,7804531.0,66.85
2025-03-21,91594.00259268192,93079.31074283352,89811.6328125,89811.6328125,63350,1048550813085.9375,-0.01413050376222269,0.0022865211531444274,-0.016417024915367118,-0.604345053267316,85137.86640625,78124.77018229167,1.0548964474156342,1.1495922817172952,19.280000686645508,19.66,0.0,2.4364092173367253,-0.009360764182470782,-0.0349201597210157,22502.0,-21564.0,7786738.0,66.7
2025-03-24,89712.61284722222,90405.75665509258,87633.18142361111,88227.3046875,24945,1030053782226.5625,-0.017640566988773143,-0.0041843628362887575,-0.013456204152484386,-0.6113246308595933,85301.25,78429.29635416667,1.0343026003429023,1.1249279132773042,17.479999542236328,19.68,0.0,2.4364092173367253,-0.02763469445958766,-0.03329589674827271,8558.0,-3536.0,7784096.0,66.67
2025-03-25,87435.14361508169,89217.51347359977,83870.40389804551,84860.609375,37316,990747614453.125,-0.038159335416907414,-0.006177650800823886,-0.03198168461608353,-0.6261562246389124,85162.62109375,78713.287109375,0.9964537056883497,1.0780976438842285,17.149999618530273,19.64,0.0,2.4364092173367253,-0.06185491368393503,-0.054798652951038695,4583.0,-4491.0,7782243.0,66.66
2025-03-26,85652.7746184593,86444.93900799418,83771.38419331395,85157.671875,26723,994215819140.625,0.00350059352846821,0.01075379411440247,-0.007253200585934261,-0.6248475495382253,85207.18046875,79032.95377604167,0.9994189621874866,1.0774957509030239,18.329999923706055,19.67,0.0,2.4364092173367253,-0.052691089354502174,-0.06686957966160545,9713.0,-5748.0,7776170.0,66.61
2025-03-27,84761.58914899883,84761.58914899883,82781.17818757362,84068.4453125,16702,981499099023.4375,-0.012790703861641939,-0.013914854299955204,0.001124150438313265,-0.6296460134350512,85222.03359375,79306.97591145833,0.9864637320584355,1.0600384688272262,18.690000534057617,20.44,0.0,2.4364092173367253,-0.038110734763704524,-0.06798396383155603,424.0,2441.0,7778611.0,66.63
2025-03-28,83672.36258204057,83870.4036769093,81592.93108591886,82979.21875,20610,968782378906.25,-0.012956425665433868,-0.018859645097812683,0.0059032194323788145,-0.634444477331877,85202.2296875,79562.84427083333,0.9739090051322197,1.042939320614749,21.649999618530273,21.18,0.0,2.4364092173367253,-0.00022583071524218123,-0.045663719483810095,5757.0,-3441.0,7778799.0,66.63
2025-03-31,81592.92674309046,81691.9472852544,78028.18722518845,78820.3515625,49088,920227604492.1875,-0.050119382300161774,-0.03004709335808231,-0.020072288942079464,-0.6527658943244161,85172.5234375,79744.546875,0.9254199403912078,0.9884105515835624,22.280000686645508,25.35,0.0,1.8476476189844824,-0.013044919071387384,-0.05227980427340517,16409.0,-21236.0,7758052.0,66.45
2025-04-01,78820.35737559242,83870.40539840047,76641.90528732228,83573.34375,42562,975718788281.25,0.060301585736155294,0.016230481995475943,0.04407110374067935,-0.6318271271305027,85316.103515625,79980.54583333334,0.9795729095233958,1.0449208976912145,21.770000457763672,24.21,0.0,1.8476476189844824,0.029902034230978702,0.023772984083357707,13191.0,-19122.0,7738930.0,66.29
2025-04-02,83870.40047969967,89514.57146829812,82187.0512374861,89019.46875,75421,1039302297656.25,0.06516581430906321,-0.006159216074421048,0.07132503038348426,-0.6078348420634546,85727.038671875,80294.11080729167,1.0384059700315436,1.10866747081426,21.510000228881836,24.5,0.0,1.8476476189844824,0.09532384518208414,0.10235121505277622,39246.0,-14418.0,7725012.0,66.17
2025-04-03,86147.87585910653,86543.95804696449,83870.40327892326,86444.9375,30998,1009244645312.5,-0.02892099094896028,-0.007646139620185233,-0.021274851328775046,-0.6191766470466351,86103.316796875,80581.27044270834,1.0039675672881558,1.0727671210081084,30.020000457763672,26.09,0.0,1.8476476189844824,0.09412128279538856,0.07995221328568791,8690.0,-15353.0,7709117.0,66.03
2025-04-04,85157.66871279762,85949.83307291666,80800.76473214287,83177.2578125,39202,971094484960.9375,-0.03780070622990506,-0.00855753798798553,-0.029243168241919526,-0.6335720387371127,86241.9453125,80762.80807291667,0.9644640726864981,1.0298955645202856,45.310001373291016,26.8,0.0,1.8476476189844824,0.020807010812789684,0.04480582561138957,11025.0,-14682.0,7699341.0,65.95
2025-04-07,79216.44004944376,81592.93325092708,78523.29619901112,80107.625,37844,935256521875.0,-0.03690471281728991,-0.05565784939336682,0.018753136576076912,-0.6470949574157445,86128.071875,80878.33203125,0.9300989010442771,0.9904707847962021,46.97999954223633,44.23,0.0,1.8476476189844824,-0.03176488299461766,0.08363125112954595,5568.0,4587.0,7704947.0,66.0
2025-04-08,82187.04999607411,82682.15270689384,78127.20776735239,78820.3515625,34114,920227604492.1875,-0.016069299738944998,0.002589996316183951,-0.01865929605512895,-0.6527658943244161,86009.246875,80997.156640625,0.9164171810160383,0.9731249198316524,52.33000183105469,37.83,0.0,1.8476476189844824,-0.029149327720971563,0.020900851333737647,12320.0,-13638.0,7691308.0,65.88
2025-04-09,79612.51646634616,79612.51646634616,75750.71529447116,77236.0234375,23323,901730573632.8125,-0.020100495539451146,-0.017363340217546153,-0.0027371553219049938,-0.6597454719166935,85519.094921875,81054.91861979167,0.9031436021166745,0.952885090167012,33.619998931884766,40.97,0.0,1.8476476189844824,-0.0026433148009570306,-0.0531613343716516,4956.0,-7114.0,7685193.0,65.83
2025-04-10,82781.17420134819,84464.5234375,79909.57844555979,84464.5234375,47592,986123311132.8125,0.09358974838793133,0.06598949759951966,0.027600250788411662,-0.6279011362455226,85444.829296875,81256.26028645833,0.988527031214856,1.0394832735315576,40.720001220703125,28.2,0.0,1.8476476189844824,0.0062037994113777195,-0.0042862322544648945,9496.0,-8165.0,7679205.0,65.77
2025-04-11,81691.95226961678,82484.11665526156,79117.41801627129,81394.890625,42348,950285348046.875,-0.036342273508136125,-0.005046946739509672,-0.03129532676862645,-0.6414240549241544,84999.23671875,81408.091796875,0.9575955475261941,0.9998378395613554,37.560001373291016,31.47,0.0,1.8476476189844824,-0.006432231302119784,-0.006338390781171821,-4606.0,-13072.0,7666237.0,65.66
2025-04-14,80998.80946386256,84860.61089306872,80998.80946386256,83573.34375,31353,975718788281.25,0.026764003345572496,0.009524286458791664,0.01723971688678083,-0.6318271271305027,84652.66484375,81634.18880208333,0.9872500045244625,1.023754201228336,30.889999389648438,28.32,0.0,1.8476476189844824,0.013544640906566041,-0.007851810470467901,1558.0,6334.0,7674071.0,65.73
2025-04-15,82979.2217912296,85751.79722100816,82979.2217912296,84959.6328125,16363,991903713085.9375,0.016587694117479845,0.008762615781874095,0.00782507833560575,-0.6257199881329897,84419.966796875,81878.43958333334,1.0063926347770724,1.0376313135038524,30.1200008392334,24.48,0.0,1.8476476189844824,-0.00623053154623987,0.018632563920266798,2953.0,-118.0,7673937.0,65.73
2025-04-16,83969.4248783455,84167.46597475669,80305.66459473844,81394.890625,26953,950285348046.875,-0.04195806960897697,-0.012101340324106369,-0.029856729284870598,-0.6414240549241544,83959.521484375,82081.43177083334,0.969453960503428,0.9916358531884516,32.63999938964844,26.62,0.0,1.8476476189844824,-0.004791934062484016,-0.008487010042698806,-1834.0,-7508.0,7665902.0,65.66
2025-04-17,81196.84521133093,82781.1738983813,80602.72195368705,82583.1328125,17203,964158075585.9375,0.014598486199513871,0.00938943345084664,0.005209052748667231,-0.6361893889384871,83533.7328125,82302.57760416667,0.9886201661533105,1.0034088265094523,29.649999618530273,24.59,0.0,1.8476476189844824,-0.016822598200597616,-0.030878208082443237,606.0,1659.0,7668861.0,65.69
2025-04-18,81394.89030496987,82583.13687876506,80701.74647025602,82187.0546875,14668,959533863476.5625,-0.004796114067254775,0.005266336449612163,-0.010062450516866939,-0.6379342661280158,83152.50390625,82487.416015625,0.988389414949687,0.9963587012100354,29.649999618530273,23.66,0.0,1.8476476189844824,-0.034710127053070305,-0.009645331830683723,472.0,-910.0,7674213.0,65.73
2025-04-21,81493.91137782403,84068.44563763378,81295.87028091558,83276.28125,19213,972250583593.75,0.013253018576241393,0.0020133526174763716,0.011239665958765022,-0.6331358022311899,82904.952734375,82680.50611979167,1.0044789666163219,1.0072057508857668,33.81999969482422,25.08,0.0,1.8476476189844824,0.006386268190565314,-0.015645382758699533,3105.0,-809.0,7673467.0,65.73
2025-04-22,83177.25546780073,83177.25546780073,80602.72136998785,81493.90625,18435,951441355468.75,-0.021403153133714214,-0.0007153251270926031,-0.02068782800662161,-0.6409878528353129,82736.617578125,82832.3375,0.9849799113802112,0.9838416820001006,30.56999969482422,24.85,0.0,1.8476476189844824,-0.01951061256472353,-0.044158289100926895,631.0,-3518.0,7669879.0,65.69
2025-04-23,82583.13558070867,88524.36835629922,82583.13558070867,88029.265625,50967,1027741676171.875,0.0801944547234168,0.01565170981604136,0.06454274490737544,-0.6121970694543578,82880.197265625,83078.23854166667,1.0621266421805513,1.0595947527323923,28.450000762939453,22.74,0.0,1.8476476189844824,0.05509458285951885,0.05024118509131914,14167.0,7863.0,7670394.0,65.7
2025-04-24,87138.08132875143,87831.22515750286,84662.56765463918,86444.9375,32052,1009244645312.5,-0.017997743293112878,-0.001278916515075279,-0.0167188267780376,-0.6191766470466351,82999.021875,83325.78997395834,1.041517544992153,1.03743315877373,26.469999313354492,22.79,0.0,1.8476476189844824,0.027136090122716228,0.02831330556461431,7536.0,-12300.0,7657906.0,65.59
2025-04-25,87039.06385603304,90108.70092035274,85949.83780095185,88425.3515625,35519,1032365979492.1875,0.022909543575064806,0.009503106239348025,0.013406437335716781,-0.6104521578477478,83271.328515625,83579.94270833333,1.06189432952193,1.0579733450054587,24.84000015258789,21.43,0.0,1.8476476189844824,0.06123035546505462,0.05178219341719803,5705.0,-9406.0,7645349.0,65.48
2025-04-28,88722.40621403913,89316.52946993671,85157.66667865362,86048.8515625,36569,1004620341992.1875,-0.02687577666366714,0.0010054033478608115,-0.02788118001152795,-0.6209215586532452,83632.753515625,83796.1375,1.028889375816421,1.026883268485973,25.149999618530273,21.23,0.0,1.8476476189844824,-0.03119356945384877,0.012661347446905058,2414.0,-1278.0,7644097.0,65.47
2025-04-29,86048.85767308806,86642.98097117613,84761.5905272306,85454.734375,19907,997684023828.125,-0.006904417394443363,0.006496949128320217,-0.01340136652276358,-0.6235388744375382,83726.823046875,84065.143359375,1.020637488265351,1.0165299309570504,24.170000076293945,20.7,0.0,1.8476476189844824,-0.02787610919857475,0.01994780893076309,575.0,-3339.0,7640912.0,65.45
2025-04-30,84365.50663652275,86048.8559473454,84365.50663652275,84860.609375,19407,990747614453.125,-0.0069525112253325805,-0.003434063319616709,-0.0035184479057158713,-0.6261562246389125,83518.880078125,84286.28932291667,1.0160649819013368,1.0068139202318305,24.700000762939453,20.74,0.0,1.8476476189844824,-0.0448009944400074,-0.04811338388232822,213.0,1176.0,7642314.0,65.46
2025-05-02,84563.54514298348,85652.77113428655,83672.36024100825,83969.421875,22525,980343000390.625,-0.010501780585404852,0.001243807818561704,-0.011745588403966556,-0.6300822499409741,83395.104296875,84495.8828125,1.0068867061558016,0.9937693894663692,22.68000030517578,20.93,0.0,1.8476476189844824,-0.028665402832446008,-0.04314014550825718,-2139.0,-3985.0,7637660.0,65.42
2025-05-07,84761.58789727582,88128.2864819807,84464.52625744893,87237.1015625,41017,1018493160742.1875,0.03891511474694198,0.005473108947152472,0.03344200579978951,-0.6156868582504964,83598.096484375,84608.10611979167,1.043529760020375,1.0310726189637915,23.549999237060547,21.01,0.0,1.8476476189844824,0.018177969490107082,-0.02310457704418445,2852.0,9828.0,7647979.0,65.51
2025-05-08,87138.08045977012,88029.26537356322,85751.79281609195,86147.875,23636,1005776440625.0,-0.012485817880132477,0.0022068270778108356,-0.014692644957943313,-0.6204853221473223,83900.108984375,84629.560546875,1.0267909784961498,1.0179407105899365,22.479999542236328,19.76,0.0,1.8476476189844824,0.007003772437879641,-0.009916041990599811,-1305.0,-3017.0,7642311.0,65.46
2025-05-09,86147.87942526223,86543.96162951631,84365.50950611888,84959.6328125,20027,991903713085.9375,-0.013793052788591664,-0.000856746690896304,-0.01293630609769536,-0.6257199881329896,84207.073046875,84636.16197916666,1.0089370137019973,1.0038218986514649,21.899999618530273,19.48,0.0,1.8476476189844824,0.005813054744150836,-0.009450981565531591,-3774.0,4593.0,7650010.0,65.52
2025-05-12,86147.87246218153,93673.43373473991,85454.72866076168,93277.3515625,78239,1089013079492.1875,0.09790200916188785,0.011663527052247824,0.08623848210964002,-0.589077222982074,85009.139453125,84804.496875,1.0972626256725513,1.099910441069992,18.389999389648438,19.2,0.0,1.8476476189844824,0.05860953105400135,0.0803059484498243,20717.0,15105.0,7668648.0,65.68
2025-05-13,95059.72340425532,95257.76449468084,91494.98377659573,93079.3125,34353,1086700973437.5,-0.0021231205558758237,0.00041799224392180534,-0.002541112799797629,-0.5899496615768385,85439.87890625,84986.03450520833,1.0894129730934248,1.0952306816279995,18.219999313354492,17.86,0.0,1.8476476189844824,0.07076106321214704,0.08951042405399323,7960.0,-619.0,7667459.0,65.67
2025-05-14,96049.93257595263,97535.24081166323,95158.74763452625,96148.953125,35866,1122539027734.375,0.032978763406745104,0.012325525585337838,0.020653237821407266,-0.5764267084811251,86177.58203125,85121.36263020833,1.1157072507573274,1.1295513858571402,18.6200008392334,17.86,0.0,1.8476476189844824,0.10435060713124966,0.07672165607561099,6618.0,5719.0,7673022.0,65.72
2025-05-15,94366.58101578878,95950.90976316824,93673.43718881026,94465.6015625,48491,1102885898242.1875,-0.017507747175484423,-0.007274929443336187,-0.010232817732148236,-0.5838425225793253,86722.194921875,85241.83763020833,1.0892897907807888,1.1082070047845016,17.829999923706055,18.29,0.0,1.8476476189844824,0.007879307289461401,0.08118148330140607,2935.0,-2319.0,7668475.0,65.68
2025-05-16,94465.60016771633,94465.60016771633,89415.55236000822,90405.7578125,43334,1055487222460.9375,-0.04297695333379037,0.0021019659794259127,-0.04507891931321628,-0.6017277030659416,86994.501171875,85311.151953125,1.0392123248558593,1.0597179353781823,17.239999771118164,18.13,0.0,1.8476476189844824,-0.03465849922395725,0.049038870085885145,-4760.0,8260.0,7679074.0,65.77
2025-05-19,89514.57523532669,89811.63687880676,87534.16427879292,89415.5546875,23034,1043926600976.5625,-0.010952876774216747,-0.008927047880695094,-0.002025828893521653,-0.6060899304568448,87395.534375,85365.61328125,1.0231135415206962,1.0474423043492564,18.139999389648438,19.69,0.0,1.8476476189844824,-0.05733756593888617,-0.03922544091727653,-1045.0,2079.0,7680942.0,65.79
2025-05-20,89415.55092463849,90801.83853587319,87831.22222608454,89019.46875,19796,1039302297656.25,-0.004429720744721477,-0.0006222096686224754,-0.0038075110760990016,-0.6078348420634546,87717.351171875,85401.92083333334,1.0148444698879884,1.0423590931136844,18.09000015258789,19.18,0.0,1.8476476189844824,-0.050912259282836936,-0.040491839193577905,2730.0,-5389.0,7674732.0,65.74
2025-05-21,89019.47367413697,89316.53532154788,87633.18598621938,88920.453125,23026,1038146290234.375,-0.001112291798528675,0.009139837362823311,-0.010252129161351986,-0.6082710441522962,88054.02109375,85448.13046875,1.009839778132648,1.0406366135479101,20.8700008392334,19.48,0.0,1.8476476189844824,-0.01608546913097264,-0.07139720617633716,1317.0,1736.0,7676687.0,65.75
2025-05-22,89415.54967830882,89415.54967830882,83474.31714154412,84167.4609375,39893,982655106445.3125,-0.05345218136505081,-0.012153564279322238,-0.04129861708572857,-0.6292098113462097,88098.580078125,85434.92760416666,0.9553781782051547,0.9851645374765339,20.280000686645508,19.95,0.0,1.8476476189844824,-0.05535825732317956,-0.1024630055299175,-17807.0,3486.0,7678626.0,65.77
2025-05-23,85355.70832722743,85850.81104374268,83969.42072098477,84464.5234375,14294,986123311132.8125,0.0035294221388071367,-0.0006091114258798269,0.004138533564686964,-0.6279011362455226,88247.1109375,85382.11653645833,0.9571364154609099,0.9892530996398231,22.290000915527344,19.59,0.0,1.8476476189844824,-0.047412212682393595,-0.05324555265201425,-2205.0,2138.0,7683289.0,65.81
2025-05-26,84464.52887818655,86940.04262022016,83672.3644807358,85454.734375,15399,997684023828.125,0.011723394594568504,0.02018055417807396,-0.008457159583505458,-0.6235388744375382,88118.384375,85401.920703125,0.9697719151469634,1.0006184131626101,22.290000915527344,19.63,0.0,1.8476476189844824,-0.04561724310454707,-0.059676883341998055,5129.0,-2984.0,7680543.0,65.79
2025-05-27,84761.59019804823,87435.14502906143,84068.44635297073,86246.8984375,25517,1006932539257.8125,0.00926998449288674,-0.0027151459332083183,0.011985130426095059,-0.6200490856413995,88108.482421875,85443.179296875,0.9788716825757877,1.009406475124626,18.959999084472656,20.01,0.0,1.8476476189844824,0.007666504407276564,-0.043884241839803995,358.0,1287.0,7681789.0,65.8
2025-05-28,86642.97859392899,88128.28679839634,85949.83476517755,86444.9375,38386,1009244645312.5,0.002296187643704206,0.012486607869818922,-0.010190420226114716,-0.6191766470466351,88009.46171875,85494.33997395834,0.9822232270463179,1.011118835777096,19.309999465942383,20.67,0.0,1.8476476189844824,-0.006662449383525115,-0.043822532904566724,5555.0,-5812.0,7665054.0,65.65
2025-05-29,88029.26275614754,90702.81741803279,87336.11895491804,90603.796875,40210,1057799328515.625,0.04810992401955283,0.018909047087602326,0.029200876931950503,-0.6008552644711773,88237.208984375,85680.82864583333,1.0268207473679734,1.0574570566948651,19.18000030517578,21.97,0.0,1.8476476189844824,0.030995587131930846,0.026676961113112352,22020.0,-7496.0,7659697.0,65.61
2025-05-30,88821.43150684932,90306.7397260274,86742.0,86742.0,32283,1012712850000.0,-0.04262290332410534,-0.008442855949362116,-0.03418004737474323,-0.6178679719459479,88301.572265625,85781.499609375,0.9823381144229962,1.0111970575823326,18.56999969482422,22.55,0.0,1.8476476189844824,-0.01516959066890744,-0.01164161982631784,3881.0,-5846.0,7654919.0,65.57
2025-06-02,86642.97882216927,89217.51305002802,86345.91718049327,88326.328125,19450,1031209880859.375,0.018264832779968154,0.0004819154551056748,0.01778291732486248,-0.6108883943536706,88474.858203125,85906.92565104166,0.998321217110244,1.0281630666634036,18.360000610351562,22.71,0.0,1.8476476189844824,0.012803746882069755,0.014598457082050098,6973.0,-5021.0,7649650.0,65.52
2025-06-04,90108.69502314815,94168.53732638889,89514.57175925926,93574.4140625,60316,1092481284179.6875,0.059417005652865784,0.026628720574011,0.032788285078854784,-0.587768547881387,88955.1078125,86151.17630208333,1.0519285104992127,1.086165251352896,17.610000610351562,22.03,0.0,1.8476476189844824,0.016391155028974036,0.035401611734809824,27294.0,-17801.0,7634046.0,65.39
2025-06-05,94465.60445026179,96842.09764397905,89514.57696335079,94564.625,39363,1104041996875.0,0.010582069334023503,0.014872731601365041,-0.0042906622673415384,-0.5834062860734026,89321.483984375,86387.17526041667,1.05869966307929,1.0946604598996572,18.479999542236328,22.49,0.0,1.8476476189844824,0.046280540136375725,0.041301369693583,15769.0,-7215.0,7626829.0,65.33
2025-06-09,95950.91216730667,96941.11765922935,92584.2134947696,93475.3984375,23747,1091325276757.8125,-0.01151833005735492,0.015547365780827604,-0.027065695838182524,-0.5882047499702285,89687.86015625,86572.013671875,1.0422302224030269,1.079741529309809,17.15999984741211,24.84,0.0,1.8476476189844824,0.0014319269733307216,-0.014965203076550027,3565.0,-4005.0,7621853.0,65.28
2025-06-10,93871.47569444444,94465.59895833333,92386.16753472222,93574.4140625,22889,1092481284179.6875,0.001059269354879655,0.0056307328724038985,-0.0045714635175242435,-0.587768547881387,90118.59921875,86778.30638020833,1.0383474096769028,1.0783157446345562,16.950000762939453,24.34,0.0,1.8476476189844824,-0.035927821623048306,0.014643380780668958,-1039.0,1545.0,7629248.0,65.35
2025-06-11,93079.31427870461,101397.04023552503,92881.27318449461,100901.9375,76159,1178030120312.5,0.07830691232120168,0.012253404672816659,0.06605350764838502,-0.555487975704293,90499.828515625,87009.354296875,1.114940648562434,1.1596676968285922,17.260000228881836,22.77,0.0,1.8476476189844824,0.034416348292678256,0.0629139711041915,37223.0,-8986.0,7621234.0,65.28
2025-06-12,100703.89263347672,100703.89263347672,96545.02981085525,97832.296875,65262,1142192066015.625,-0.030422018655489103,0.004468459346904652,-0.034890478002393754,-0.5690109288000063,90737.477734375,87207.3953125,1.0781906144823021,1.1218348687565614,18.020000457763672,22.17,0.0,1.8476476189844824,0.026591566128467026,-0.004764791977057037,19026.0,-24233.0,7594858.0,65.05
2025-06-13,97436.21527777778,100010.74942129629,93475.39351851851,98921.5234375,105670,1154908786132.8125,0.011133609219986962,-0.008701935204239564,0.019835544424226526,-0.5642124649031804,90876.10625,87350.975,1.0885317111339154,1.1324604383351187,20.81999969482422,24.91,0.0,1.8476476189844824,0.050998574070217795,0.019361414714511027,67936.0,-45883.0,7548105.0,64.65
2025-06-16,101000.95836424333,101198.99945907517,97931.32139434965,100109.7734375,32508,1168781604882.8125,0.012012047112787805,0.01797810863431648,-0.005966061521528676,-0.5589777645004318,91158.31484375,87511.058203125,1.098196841495954,1.1439671224764725,19.110000610351562,24.77,0.0,1.8476476189844824,-0.021020995099695905,0.040461049031164875,13246.0,501.0,7550697.0,64.67
2025-06-17,99119.56979166667,103278.43285984849,96049.9327651515,98030.34375,47056,1144504263281.25,-0.020771495290599407,0.0012353433471541386,-0.022006838637753545,-0.5681384557881606,91539.544140625,87651.33736979167,1.0709070562925647,1.1184124132233193,21.600000381469727,25.82,0.0,1.8476476189844824,-0.008137355735055696,0.023025673910935573,368.0,-8474.0,7543529.0,64.61
2025-06-18,97139.15899095639,100703.89877044104,97139.15899095639,99911.734375,28332,1166469498828.125,0.019191921123912214,0.007419547915751723,0.011772373208160491,-0.5598502030951961,92064.353125,87806.46966145834,1.0852379991129169,1.137863015791593,20.139999389648438,25.78,0.0,1.8476476189844824,-0.01620052695112173,-0.03125546052928896,8848.0,-5791.0,7537453.0,64.56
2025-06-19,100307.81193082585,100406.83247567365,98624.46266841318,99218.5859375,17340,1158376990820.3125,-0.006937607897971154,0.0018673264285051783,-0.008804934326476332,-0.5629037898024932,92574.308984375,87941.79765625,1.0717723634777165,1.1282301315391472,20.139999389648438,24.69,0.0,1.8476476189844824,-0.019039399756069386,-0.005169916853371537,7059.0,-5806.0,7533687.0,64.53
2025-06-20,98921.52372145138,101793.11950515717,97634.25664599705,100802.9140625,48853,1176874021679.6875,0.01596805789993816,0.014809922223188776,0.0011581356767493833,-0.5559242122102159,93168.43203125,88124.98567708333,1.0819427982719434,1.1438630405214754,20.6200008392334,23.97,0.0,1.8476476189844824,0.004125574558433542,-0.02384732560084868,4568.0,205.0,7534038.0,64.53
2025-06-23,99317.60969692211,99713.69188913317,97238.17818781408,98525.4453125,30531,1150284574023.4375,-0.022593282854778574,-0.0024389501009779435,-0.02015433275380063,-0.5659573420927092,93886.33125,88296.62135416667,1.0494120283616897,1.1158461535838895,19.829999923706055,24.76,0.0,1.8476476189844824,-0.02780113140352758,-0.03803559683312063,723.0,-546.0,7533091.0,64.52
2025-06-24,100604.8787377451,102882.35138633578,100109.77598805146,101000.9609375,38653,1179186218945.3125,0.02512564766541514,0.029580630340199088,-0.004454982674783947,-0.5550517391983703,94713.153125,88565.62721354167,1.0663879050061982,1.1404081257616496,17.479999542236328,25.76,0.0,1.8476476189844824,-0.023451179751835194,-0.020483740870151035,2724.0,2101.0,7536683.0,64.55
2025-06-25,104070.595995728,106942.19188904495,102090.18503481975,105753.9453125,67028,1234677311523.4375,0.04705880350921787,0.0014853873456450728,0.0455734161635728,-0.5341130064215381,95728.113671875,88908.8984375,1.1047323639426376,1.1894641275624567,16.760000228881836,25.69,0.0,1.8476476189844824,0.020964100734988222,0.013317302085261273,19147.0,-13834.0,7520110.0,64.41
2025-06-26,105951.98879076086,106744.15319293478,103674.51613451086,104763.7421875,35840,1223116690039.0625,-0.00936327360718292,-0.009230255419046096,-0.0001330181881368242,-0.5384752338124412,96653.955859375,89253.82005208333,1.083905374136204,1.1737732023835616,16.59000015258789,25.12,0.0,1.8476476189844824,0.04098541530065203,0.02198921822360078,4497.0,-4561.0,7516697.0,64.38
2025-06-27,104763.73612283028,106744.14701362103,102387.2430538814,102684.3046875,34668,1198839257226.5625,-0.01984882800652865,-0.0076699647800621,-0.012178863226466552,-0.5476359595172514,97465.92421875,89582.23815104166,1.053540563130946,1.1462574144928974,16.31999969482422,24.27,0.0,1.8476476189844824,0.033261534748969424,0.008652219320384846,8100.0,-302.0,7516570.0,64.38
2025-06-30,104862.762067912,107338.275808892,102981.37162476723,106348.0703125,35436,1241613720898.4375,0.03567989904737612,0.0051571726106542926,0.030522726436721825,-0.5314956562201637,98253.137890625,90041.03346354167,1.0823885383781457,1.1811067268076303,16.729999542236328,23.99,0.0,2.4714429485318745,0.01821084502211845,0.0593292785109073,12088.0,-7067.0,7510288.0,64.33
2025-07-01,106348.06805818353,107338.27353358563,104565.6982024598,104664.71875,31730,1221960591406.25,-0.01582869870185266,0.005843653825962747,-0.02167235252781541,-0.538911470318364,99149.273828125,90392.55638020833,1.0556276885238314,1.157890903204023,16.829999923706055,23.96,0.0,2.4714429485318745,-0.003328489317560135,0.04211190865787584,5723.0,-8459.0,7510085.0,64.33
2025-07-02,103575.48871191974,104565.69414893618,101694.0983815885,102387.2421875,20459,1195371052539.0625,-0.02175973517819252,-0.004722167304111791,-0.017037567874080728,-0.5489446346179385,99852.31953125,90615.35260416666,1.025386717786327,1.129910542143518,16.639999389648438,23.95,0.0,2.4714429485318745,-0.00818719396517431,-0.020499075379777687,5578.0,-2832.0,7507600.0,64.3
2025-07-03,103872.55290595794,107833.37475175233,103080.38853679906,105951.984375,27180,1236989417578.125,0.03481627311508162,0.013401351567860376,0.021414921547221244,-0.5332405678267738,100471.198046875,90940.47005208333,1.0545508208787153,1.1650696803559437,16.3799991607666,23.96,0.0,2.4714429485318745,-0.017294998854674892,0.0010488643555803812,304.0,2742.0,7509717.0,64.32
2025-07-04,105159.82320084666,106744.1519873001,104169.61770931327,105258.84375,24591,1228897000781.25,-0.0065420258911502716,-0.01989236807011341,0.013350342178963137,-0.5362941201169895,101005.908984375,91308.496484375,1.042105801614863,1.1527825755844334,16.3799991607666,25.48,0.0,2.4714429485318745,0.017727695852103653,0.02657806976101007,1142.0,7422.0,7521291.0,64.42
2025-07-07,105357.859375,106942.18808740602,103971.57175164473,105357.859375,43260,1230053008203.125,0.0009406869909684978,0.0016992356157483623,-0.0007585486247798645,-0.5358579180281481,101600.03203125,91729.33372395833,1.0369864779431779,1.1485732545714773,17.790000915527344,24.87,0.0,2.4714429485318745,0.03400671510140452,-0.00470320530049162,-227.0,19700.0,7540845.0,64.59
2025-07-08,105951.9886158566,106645.13246661454,100505.85835990135,102882.3515625,57551,1201151454492.1875,-0.023496185545009318,0.01813385357595121,-0.04163003912096053,-0.5467634865054055,102065.42890625,92130.36705729166,1.0080039114615427,1.1167040233164618,16.809999465942383,23.52,0.0,2.4714429485318745,-0.029038245566777254,-0.02466089189363674,-11923.0,7979.0,7548167.0,64.65
2025-07-09,102189.20255876592,102585.28473922625,100208.79165646425,101099.9765625,35569,1180342226367.1875,-0.017324399889102726,0.00603221218865202,-0.023356612077754746,-0.5546155371095286,102075.330859375,92528.099609375,0.9904447598781855,1.0926407976529595,15.9399995803833,21.85,0.0,2.4714429485318745,-0.06574519982349514,-0.030979936097310756,-13689.0,13234.0,7561394.0,64.77
2025-07-10,101298.0167763158,103971.57147129187,100703.89351076556,103476.46875,44980,1208087772656.25,0.023506357452326876,0.015792628102076156,0.00771372935025072,-0.5441461707211126,102357.539453125,92844.96536458333,1.010931576734388,1.1145081302326831,15.779999732971191,21.01,0.0,2.4714429485318745,-0.05727292184846455,-0.04468112829428128,4745.0,3708.0,7564594.0,64.79
2025-07-11,102486.26866018336,102882.35085790388,98872.01860598366,99911.734375,77075,1166469498828.125,-0.034449710335713424,-0.0023435193131730037,-0.03210619102254042,-0.5598502030951961,102407.05,93153.57942708333,0.9756333609355996,1.0725485267391863,16.399999618530273,21.66,0.0,2.4714429485318745,-0.047749073750044446,-0.09013766149578484,-33683.0,16103.0,7580056.0,64.93
2025-07-14,98129.361953125,99812.71125000001,98030.34140625001,99020.546875,27694,1156064884765.625,-0.008919748071383626,0.008268863804407722,-0.01718861187579135,-0.5637762283972575,102352.588671875,93411.0328125,0.9674454565330345,1.060051943476096,17.200000762939453,22.56,0.0,2.4714429485318745,-0.04158107354808105,-0.10656772474679632,-5740.0,5951.0,7585832.0,64.98
2025-07-15,98228.38536463537,99515.65251155096,97634.26206605895,99119.5703125,41918,1157220983398.4375,0.0010000291921736792,0.0041379999184172345,-0.0031379707262435552,-0.5633399918913348,102407.05,93647.03177083333,0.9678979163299792,1.0584379284445309,17.3799991607666,22.47,0.0,2.4714429485318745,-0.052432773624575324,-0.06807565635207935,-10023.0,2992.0,7592855.0,65.04
2025-07-16,99119.5682795364,100703.89704324526,98030.34225448655,99317.609375,26893,1159533089453.125,0.0019979814468085166,-0.008988376197731962,0.010986357644540479,-0.5624675532965703,102377.34375,93945.74375,0.970113168959807,1.0571805109052639,17.15999984741211,22.27,0.0,2.4714429485318745,-0.009340224957494425,-0.033732686629784125,-2377.0,4376.0,7596946.0,65.07
2025-07-17,98822.50609564011,99218.5882844002,96545.03351026966,98228.3828125,19250,1146816369335.9375,-0.010967104115316872,0.001854818467151187,-0.01282192258246806,-0.5672660171933962,102327.83359375,94206.49791666666,0.9599380673148504,1.0426922238356746,16.520000457763672,21.74,0.0,2.4714429485318745,-0.004973535664171136,-0.054268338562502905,466.0,-1875.0,7594342.0,65.05
2025-07-18,98723.4855484501,98822.50609564011,97238.1773405998,98228.3828125,20207,1146816369335.9375,0.0,-0.0013219258436694137,0.0013219258436694137,-0.5672660171933962,102199.10703125,94473.85338541666,0.9611471730615431,1.039741465945782,16.40999984741211,20.5,0.0,2.4714429485318745,-0.000513639094258167,-0.02084022169629307,2282.0,-967.0,7593426.0,65.04
2025-07-21,98228.38170103093,98228.38170103093,95059.72422680413,96049.9296875,33253,1121382929101.5625,-0.022177430419049737,0.007132838910933081,-0.02931026932998282,-0.5768629449870478,102075.33125,94686.74752604167,0.9409710310149005,1.0143967576992061,16.649999618530273,20.4,0.0,2.4714429485318745,-0.040810266068781464,-0.03296187915048454,-5259.0,737.0,7592681.0,65.03
2025-07-22,96049.93271649894,96842.09711003708,93079.31624073093,93475.3984375,36308,1091325276757.8125,-0.026804093020955655,-0.012728911533745446,-0.014075181487210209,-0.5882047499702283,101699.053125,94886.4390625,0.9191373524649028,0.9851291645155893,16.5,21.22,0.0,2.4714429485318745,-0.042063524973523614,-0.043899089911451195,-885.0,-4538.0,7591770.0,65.03
2025-07-23,93673.43489861258,94267.55816435431,90801.83911419423,92782.25,22091,1083232768750.0,-0.007415303374860294,0.004362883329223077,-0.011778186704083371,-0.5912583366775255,101050.468359375,94965.65546875,0.9181773375857104,0.9770084726107273,15.369999885559082,21.09,0.0,2.4714429485318745,-0.0551636375212764,-0.06666363426007504,-177.0,-3112.0,7587356.0,64.99
2025-07-24,93079.31310876623,93871.47747564934,89514.57345779221,91494.984375,29903,1068203942578.125,-0.013874050532294735,0.002098120027403283,-0.015972170559698018,-0.5969292391691158,100387.03046875,95049.82291666667,0.911422361511948,0.9626002612884054,15.390000343322754,21.45,0.0,2.4714429485318745,-0.0418255387509916,-0.069813882237305,-6669.0,1758.0,7582024.0,64.94
2025-07-25,90603.8034986413,91594.00900135869,90207.72129755435,91098.90625,20828,1063579730468.75,-0.004328959972020319,0.0017552689250597275,-0.006084228897080046,-0.5986741163586443,99807.760546875,95094.38216145833,0.9127437160281253,0.9579841014722141,14.930000305175781,21.68,0.0,2.4714429485318745,-0.033834586160861435,-0.07722003697805446,2371.0,-3398.0,7585508.0,64.97
2025-07-28,91098.9032769556,94317.0710557611,90504.7799947146,93673.4375,40062,1093637382812.5,0.028260836007567347,0.004214568137962615,0.02404626786960473,-0.5873323113754639,99174.02890625,95221.45859375,0.9445359690746279,0.9837429386546742,15.029999732971191,22.33,0.0,2.4714429485318745,0.0019898684128266675,-0.023863499778466912,9365.0,-15921.0,7569183.0,64.83
2025-07-29,94366.58304884454,108427.5009847689,93574.41865808824,106051.0078125,261822,1238145516210.9375,0.13213532718386678,0.006558628299567104,0.12557669888429968,-0.5328043313208508,99243.343359375,95564.72981770833,1.0685956782861843,1.109729583443541,15.979999542236328,22.34,0.0,2.4714429485318745,0.14353873785682436,0.11578838059304297,12230.0,26033.0,7601993.0,65.11
2025-07-30,104763.73608005367,113378.52345147585,104664.71553555455,110704.96875,141209,1292480510156.25,0.043884174544840615,0.007398044876917753,0.03648612966792286,-0.5123018350499415,99659.2296875,95995.469140625,1.1108350836860366,1.1532311862326217,15.479999542236328,22.82,0.0,2.4714429485318745,0.18610909642182727,0.1640526969650492,50215.0,-23100.0,7578006.0,64.91
2025-07-31,109021.62130549065,111101.05277453271,103971.5734521028,105951.984375,106605,1236989417578.125,-0.042933794468913544,-0.0027746543609754593,-0.040159140107938085,-0.5332405678267736,99659.2296875,96361.84518229167,1.0631427185142017,1.0995221622683362,16.719999313354492,21.85,0.0,2.4714429485318745,0.12190368844428445,0.13986572741680914,-10486.0,40235.0,7617198.0,65.24
2025-08-01,104070.59411909449,104367.65575787402,100010.75172244095,100604.875,52773,1174561915625.0,-0.050467288617028316,-0.038832956878649294,-0.011634331738379022,-0.5567966508049801,99426.53125,96584.64140625,1.0118514015845244,1.041623942846568,20.3799991607666,25.87,0.0,2.4714429485318745,-0.015307342178394245,0.13431562457551016,9226.0,-4086.0,7614414.0,65.22
2025-08-04,100010.75394784608,102981.3704017425,99119.56901167716,102288.2265625,28774,1194215045117.1875,0.016732306088546922,0.009085079771212534,0.007647226317334388,-0.54938083670678,99273.049609375,96853.647265625,1.0303725629965965,1.0561112508439714,17.520000457763672,24.05,0.0,2.4714429485318745,-0.04414624552898272,0.11791658302323982,17642.0,-16060.0,7588505.0,65.0
2025-08-05,102486.26419411117,103773.53128060725,100307.81220157933,101099.9765625,26950,1180342226367.1875,-0.011616683952125784,0.015963783654991737,-0.02758046760711752,-0.5546155371095285,99183.930859375,97122.65299479167,1.0193181061339625,1.040951553989383,17.850000381469727,22.31,0.0,2.4714429485318745,-0.031567573028162155,-0.03524058346817738,2224.0,-4844.0,7581675.0,64.94
2025-08-06,101496.06283032203,101496.06283032203,99515.65184826696,100703.8984375,23316,1175718014257.8125,-0.003917687604557907,4.37437705207433e-05,-0.00396143137507865,-0.5563604142990572,99164.126953125,97246.42877604166,1.0155275050735115,1.0355536928705205,16.770000457763672,21.93,0.0,2.4714429485318745,-0.023894672664861782,-0.07568814451117889,-8624.0,8559.0,7590274.0,65.01
2025-08-07,103971.5772743553,105852.96772027221,102288.2279280086,103674.515625,40438,1210399969921.875,0.02949853216798415,0.009236631309047283,0.020261900858936865,-0.5432736977092669,99174.029296875,97423.01549479166,1.0453796861943856,1.0641686166093118,16.56999969482422,21.08,0.0,2.4714429485318745,-0.011279998123259305,-0.01526710354430394,17928.0,-15638.0,7574028.0,64.87
2025-08-08,103674.5146402311,107932.39824054622,102486.26805409664,106051.0078125,37396,1238145516210.9375,0.022922626386758127,-0.0054744963098055655,0.028397122696563692,-0.5328043313208508,99480.99296875,97588.04973958334,1.0660429158142184,1.0867212542468092,15.149999618530273,20.79,0.0,2.4714429485318745,0.04469759218042191,0.024764350890638775,14328.0,-11300.0,7562750.0,64.78
2025-08-11,105159.81828594925,106051.00318667764,103278.4279399671,105357.859375,24789,1230053008203.125,-0.006535991046171863,-0.001009339604710946,-0.005526651441460917,-0.5358579180281481,99797.85859375,97769.58736979167,1.055712626098354,1.0776138286899728,16.25,20.34,0.0,2.4714429485318745,0.04313237211403964,0.01159047313184347,5879.0,-7158.0,7548645.0,64.66
2025-08-12,105753.94155310151,109417.70170054042,104763.73610784774,105357.859375,27477,1230053008203.125,0.0,-0.005257660299674227,0.005257660299674227,-0.5358579180281481,100109.773046875,98018.7890625,1.052423316609335,1.074874117326836,14.729999542236328,21.15,0.0,2.4714429485318745,0.028128131554777003,0.04442860103863522,3795.0,-858.0,7543327.0,64.61
2025-08-13,107140.2334798177,115755.02119954427,107140.2334798177,114071.671875,107070,1331786769140.625,0.08270681040495464,0.010802877205813521,0.07190393319914112,-0.4974702068535411,100847.476171875,98429.72434895833,1.1311306559678986,1.1589148768779134,14.489999771118164,20.11,0.0,2.4714429485318745,0.07163494205735443,0.12029396561285499,48504.0,-12889.0,7531840.0,64.51
2025-08-14,112685.38313053097,115655.99955752213,105159.82151548674,111893.21875,49716,1306353328906.25,-0.019097231496590594,0.0004000145377232034,-0.019497246034313798,-0.5070671346471928,101530.71796875,98810.953515625,1.102062715487144,1.132396913185402,14.829999923706055,20.46,0.0,2.4714429485318745,0.05766434746450155,0.08053481871960433,16434.0,-11378.0,7519469.0,64.41
2025-08-18,109516.72136328809,115160.89235579027,108130.43375109456,113081.4609375,54396,1320226056445.3125,0.01061942985262454,-0.01499844500992753,0.02561787486255207,-0.5018324686615254,102273.371875,99213.63697916667,1.1056784269879143,1.1397773973475578,14.989999771118164,21.37,0.0,2.4714429485318745,0.0780245620273794,0.0777555708855927,21709.0,-14437.0,7505311.0,64.29
2025-08-19,113576.56838374554,113576.56838374554,109516.72592190285,111101.0546875,30809,1297104813476.5625,-0.017513093955290993,-0.008094965022273137,-0.009418128933017855,-0.5105569234433315,103025.928125,99662.53020833334,1.0783795565782484,1.1147725675362217,15.569999694824219,21.5,0.0,2.4714429485318745,-0.0032975001047795827,0.07386409339403577,14160.0,-12178.0,7493315.0,64.18
2025-08-20,110903.00925925926,110903.00925925926,107041.20804398147,109615.7421875,31821,1279763790039.0625,-0.01336902250098182,-0.006812489784092879,-0.006556532716888941,-0.5171002989467673,103832.9453125,100081.7171875,1.0556932759404623,1.095262404242508,15.6899995803833,22.13,0.0,2.4714429485318745,0.009643213212645274,0.0620499003774726,8842.0,-3607.0,7489613.0,64.15
2025-08-21,109615.74452341614,110110.8472538742,107437.29250940064,108625.5390625,35841,1268203168554.6875,-0.009033402550030045,0.00372190640417025,-0.012755308954200295,-0.5214625263376703,104625.109765625,100467.897265625,1.038235843248686,1.0811965017572447,16.600000381469727,21.38,0.0,2.4714429485318745,-0.02872997060410709,-0.02260934177586882,10282.0,-9493.0,7479809.0,64.07
2025-08-22,108625.53762696213,110308.88688827331,106843.16782086795,107239.25,23609,1252018243750.0,-0.012762091442440338,0.008590777823202833,-0.02135286926564317,-0.5275696653351835,105412.323046875,100817.76979166667,1.0173312464835123,1.0636939323454873,14.220000267028809,21.09,0.0,2.4714429485318745,-0.04066471093673241,-0.02446496500719819,-535.0,-1196.0,7477336.0,64.05
2025-08-25,108724.56078296703,109615.74570741758,106942.19093406593,108130.4375,33264,1262422857812.5,0.008310273523919554,0.012980003725985068,-0.004669730202065514,-0.5236436400331219,106263.899609375,101179.19479166667,1.0175651175750784,1.0687022932199284,14.789999961853027,20.1,0.0,2.4714429485318745,-0.03877790842190898,-0.054752570071815776,5143.0,538.0,7480064.0,64.07
2025-08-26,109021.61892361111,111398.11197916666,107239.24913194444,109615.7421875,25324,1279763790039.0625,0.01373623118374967,-0.009501971730630165,0.023238202914379835,-0.5171002989467673,107061.01484375,101496.060546875,1.0238623494040149,1.0799999684408934,14.619999885559082,20.37,0.0,2.4714429485318745,-0.0027843965533288495,-0.022096238224418085,2686.0,-752.0,7480486.0,64.07
2025-08-27,108625.54247210325,110605.95345609784,107734.3575293057,109813.7890625,25497,1282075987304.6875,0.001806737527363822,0.0024532624251314417,-0.0006465248977676197,-0.5162278259349218,107249.15390625,101880.59036458333,1.0239128707578602,1.0778676160937763,14.850000381469727,19.97,0.0,2.4714429485318745,0.0179219478145467,-0.016186230405296764,6949.0,-9127.0,7470973.0,63.99
2025-08-28,109714.76186028079,111101.04946501358,107932.39208276721,109318.6796875,16355,1276295585351.5625,-0.00450862664176177,0.002874081157709263,-0.007382707799471033,-0.5184089740474546,107179.839453125,102230.462890625,1.0199556208078706,1.0693356617631535,14.430000305175781,19.31,0.0,2.4714429485318745,0.015208970217141182,-0.010813629250567502,3077.0,-3090.0,7467708.0,63.96
2025-08-29,109417.70547945207,110704.97260273973,107041.21232876713,108427.5,18202,1265891062500.0,-0.00815212633419593,-0.003225602684728046,-0.004926523649467884,-0.5223349649324347,107303.615234375,102478.01432291667,1.0104738760494714,1.058056215436962,15.359999656677246,19.52,0.0,2.4714429485318745,-0.012955756346706537,0.005612716365607784,-806.0,-68.0,7467516.0,63.96
